PERIODO;FECHA;ZONA;DIRECCION_EXACTA;CLASE_ACCIDENTE;SEGUNDO_OBJETO;TIPO_AVERIAS;CANTIDAD_HERIDOS;CANTIDAD_FALLECIDOS;LATITUD;LONGITUD;INTERSECCI_N
19;2019 Jan 01 12:00:00 AM;URBANA;CARRERA-12;VOLCAMIENTO;NA;1;1;1;3.915.866;-76.293.404;POINT (-76.293404 3.915866)
19;2019 Jan 03 12:00:00 AM;URBANA;CALLE-11--CARRERA-9;CHOQUE;VEHICULO;0;0;0;39.018.604;-762.958.616;POINT (-76.2958616 3.9018604)
19;2019 Jan 03 12:00:00 AM;URBANA;CALLE-19--CARRERA-13;CHOQUE;VEHICULO;1;0;0;39.100.202;-762.966.009;POINT (-76.2966009 3.9100202)
19;2019 Jan 04 12:00:00 AM;URBANA;CARRERA-12--CALLE-8;CHOQUE;VEHICULO;1;0;0;39.004.828;-762.994.639;POINT (-76.2994639 3.9004828)
19;2019 Jan 04 12:00:00 AM;URBANA;CALLE-1--CARRERA-24;CHOQUE;VEHICULO;1;0;0;38.969.303;-763.110.354;POINT (-76.3110354 3.8969303)
19;2019 Jan 04 12:00:00 AM;URBANA;CARRERA-13--CALLE-21;CHOQUE;VEHICULO;0;1;0;39.116.583;-762.959.552;POINT (-76.2959552 3.9116583)
19;2019 Jan 05 12:00:00 AM;RURAL;VEREDA-0GALES;VOLCAMIENTO;NA;0;0;1;39.377.089;-762.800.309;POINT (-76.2800309 3.9377089)
19;2019 Jan 05 12:00:00 AM;URBANA;CALLE-19--CARRERA-13;CHOQUE;VEHICULO;1;0;0;39.100.202;-762.966.009;POINT (-76.2966009 3.9100202)
19;2019 Jan 05 12:00:00 AM;URBANA;CALLE-8--CARRERA-23;VOLCAMIENTO;NA;1;0;0;39.038.538;-762.885.992;POINT (-76.2885992 3.9038538)
19;2019 Jan 06 12:00:00 AM;URBANA;CALLE-13--CARRERA-10;CHOQUE;VEHICULO;1;0;0;39.038.503;-762.963.225;POINT (-76.2963225 3.9038503)
19;2019 Jan 07 12:00:00 AM;URBANA;CARRERA-12--CALLE-12-SUR;CHOQUE;VEHICULO;1;0;0;3.886.828;-762.989.862;POINT (-76.2989862 3.886828)
19;2019 Jan 07 12:00:00 AM;URBANA;CARRERA-9--CALLE-3;CHOQUE;VEHICULO;1;0;0;38.957.097;-762.982.019;POINT (-76.2982019 3.8957097)
19;2019 Jan 08 12:00:00 AM;URBANA;CARRERA-3-CALLE-6;CHOQUE;VEHICULO;1;0;0;38.959.818;-762.925.901;POINT (-76.2925901 3.8959818)
19;2019 Jan 08 12:00:00 AM;URBANA;CALLE-19--CARRERA-13;CHOQUE;VEHICULO;1;1;0;39.100.202;-762.966.009;POINT (-76.2966009 3.9100202)
19;2019 Jan 08 12:00:00 AM;URBANA;CARRERA-9-CALLE-10;CHOQUE;VEHICULO;0;1;0;39.010.848;-762.962.038;POINT (-76.2962038 3.9010848)
19;2019 Jan 10 12:00:00 AM;URBANA;CARRERA-12-CALLE-3;CHOQUE;VEHICULO;0;1;0;38.962.197;-763.009.952;POINT (-76.3009952 3.8962197)
19;2019 Jan 11 12:00:00 AM;URBANA;CALLE-9--CARRERA-11;CHOQUE;VEHICULO;0;1;0;3.901;-762.982.436;POINT (-76.2982436 3.901)
19;2019 Jan 11 12:00:00 AM;URBANA;CALLE-16--CARRERA-7;CHOQUE;VEHICULO;0;0;0;39.051.355;-7.629.193;POINT (-76.29193 3.9051355)
19;2019 Jan 12 12:00:00 AM;URBANA;CALLE-21--CARRERA-11;CHOQUE;VEHICULO;1;0;0;39.110.248;-762.943.577;POINT (-76.2943577 3.9110248)
19;2019 Jan 12 12:00:00 AM;URBANA;CARRERA-16--CALLE-1-C;CHOQUE;VEHICULO;1;1;0;38.936.127;-763.061.111;POINT (-76.3061111 3.8936127)
19;2019 Jan 13 12:00:00 AM;URBANA;CALLE-15-CARRERA-9;CHOQUE;VEHICULO;0;1;0;39.054.263;-762.943.331;POINT (-76.2943331 3.9054263)
19;2019 Jan 15 12:00:00 AM;URBANA;CARRERA-18-CALLE-4;CHOQUE;INMUEBLE;0;0;0;38.986.116;-76.306.014;POINT (-76.306014 3.8986116)
19;2019 Jan 17 12:00:00 AM;URBANA;CALLE-7--CARRERA-9;CHOQUE;VEHICULO;1;0;0;38.986.738;-762.971.495;POINT (-76.2971495 3.8986738)
19;2019 Jan 18 12:00:00 AM;URBANA;CARRERA-9--CALLE-2;CHOQUE;VEHICULO;1;1;0;38.946.922;-762.984.417;POINT (-76.2984417 3.8946922)
19;2019 Jan 18 12:00:00 AM;URBANA;CARRERA-12--CALLE-3-SUR;CHOQUE;VEHICULO;0;0;0;38.909.081;-763.023.719;POINT (-76.3023719 3.8909081)
19;2019 Jan 19 12:00:00 AM;URBANA;CARRERA-16--CALLE-19;CHOQUE;VEHICULO;1;1;0;39.113.137;-762.994.247;POINT (-76.2994247 3.9113137)
19;2019 Jan 19 12:00:00 AM;URBANA;CALLE-10--CARRERA-9;CHOQUE;VEHICULO;0;1;0;39.010.848;-762.962.038;POINT (-76.2962038 3.9010848)
19;2019 Jan 21 12:00:00 AM;URBANA;CALLE-23--CARRERA-16;ATROPELLO;NA;0;1;0;39.142.338;-762.983.498;POINT (-76.2983498 3.9142338)
19;2019 Jan 21 12:00:00 AM;URBANA;CALLE-11--CARRERA-13;CHOQUE;VEHICULO;0;0;0;39.032.924;-762.993.459;POINT (-76.2993459 3.9032924)
19;2019 Jan 23 12:00:00 AM;URBANA;CARRERA-12--CALLE-14;CHOQUE;VEHICULO;1;1;0;3.905.465;-76.297.368;POINT (-76.297368 3.905465)
19;2019 Jan 23 12:00:00 AM;URBANA;CARRERA-19--CALLE-4;CHOQUE;VEHICULO;0;0;0;38.986.127;-763.069.452;POINT (-76.3069452 3.8986127)
19;2019 Jan 26 12:00:00 AM;URBANA;CALLE-24--CARRERA-12;CHOQUE;VEHICULO;1;1;0;39.130.875;-76.294.467;POINT (-76.294467 3.9130875)
19;2019 Jan 26 12:00:00 AM;URBANA;CALLE-4-CARRERA-3;CHOQUE;VEHICULO;0;1;0;38.939.116;-762.933.592;POINT (-76.2933592 3.8939116)
19;2019 Jan 30 12:00:00 AM;URBANA;CARRERA-11-CALLE-17;CHOQUE;VEHICULO;0;1;0;39.077.377;-762.955.147;POINT (-76.2955147 3.9077377)
19;2019 Feb 02 12:00:00 AM;URBANA;CALLE-16--CARRERA-15;CHOQUE;VEHICULO;0;1;0;39.084.789;-762.993.152;POINT (-76.2993152 3.9084789)
19;2019 Feb 03 12:00:00 AM;URBANA;CALLE-10--CARRERA-13;CHOQUE;VEHICULO;0;1;0;39.024.844;-762.996.531;POINT (-76.2996531 3.9024844)
19;2019 Feb 03 12:00:00 AM;URBANA;CALLE-18-CARRERA-18;CHOQUE;VEHICULO;0;1;0;39.106.342;-763.011.569;POINT (-76.3011569 3.9106342)
19;2019 Feb 06 12:00:00 AM;URBANA;CARRERA-15--CALLE-16;CHOQUE;VEHICULO;0;0;0;39.084.789;-762.993.152;POINT (-76.2993152 3.9084789)
19;2019 Feb 06 12:00:00 AM;URBANA;CARRERA-14--CALLE-11;CHOQUE;VEHICULO;1;0;0;39.036.881;-763.003.033;POINT (-76.3003033 3.9036881)
19;2019 Feb 07 12:00:00 AM;URBANA;CARRERA-9--CALLE-19;CHOQUE;VEHICULO;1;1;0;39.085.076;-762.930.793;POINT (-76.2930793 3.9085076)
19;2019 Feb 07 12:00:00 AM;RURAL;VIA-BUGA---LA-MAGDALENA;CHOQUE;VEHICULO;0;1;0;388.906;-7.622.014;POINT (-76.22014 3.88906)
19;2019 Feb 09 12:00:00 AM;URBANA;CARRERA-15-CALLE-8;CHOQUE;VEHICULO;0;0;0;39.013.727;-763.020.434;POINT (-76.3020434 3.9013727)
19;2019 Feb 11 12:00:00 AM;URBANA;CALLE-17--CARRERA-13;CHOQUE;VEHICULO;1;0;0;39.084.385;-762.971.976;POINT (-76.2971976 3.9084385)
19;2019 Feb 11 12:00:00 AM;URBANA;CALLE-4-CARRERA-23;CHOQUE;VEHICULO;1;1;0;38.997.402;-763.107.125;POINT (-76.3107125 3.8997402)
19;2019 Feb 11 12:00:00 AM;URBANA;CARRERA-9-CALLE-12-SUR;CHOQUE;VEHICULO;0;1;0;38.879.655;-762.967.712;POINT (-76.2967712 3.8879655)
19;2019 Feb 12 12:00:00 AM;URBANA;CARRERA-13--CALLE-5;CHOQUE;VEHICULO;0;0;0;3.898.103;-763.011.786;POINT (-76.3011786 3.898103)
19;2019 Feb 13 12:00:00 AM;URBANA;CARRERA-25--CALLE-15;CHOQUE;VEHICULO;1;0;0;39.120.107;-763.059.132;POINT (-76.3059132 3.9120107)
19;2019 Feb 14 12:00:00 AM;URBANA;CALLE-7-CARRERA-12;CHOQUE;VEH-EST;1;0;0;38.995.851;-762.997.603;POINT (-76.2997603 3.8995851)
19;2019 Feb 14 12:00:00 AM;URBANA;CALLE-4-CARRERA-24;CHOQUE;POSTE;1;1;0;38.969.303;-763.110.354;POINT (-76.3110354 3.8969303)
19;2019 Feb 18 12:00:00 AM;URBANA;CALLE-21-CARRERA-14;CHOQUE;VEHICULO;0;1;0;39.119.521;-762.964.982;POINT (-76.2964982 3.9119521)
19;2019 Feb 19 12:00:00 AM;URBANA;CARRERA-9--CALLE-5;CHOQUE;VEHICULO;0;1;0;3.896.921;-762.978.143;POINT (-76.2978143 3.896921)
19;2019 Feb 20 12:00:00 AM;URBANA;CALLE-8--CARRERA-19;CHOQUE;VEHICULO;0;0;0;39.027.043;-763.055.363;POINT (-76.3055363 3.9027043)
19;2019 Feb 20 12:00:00 AM;URBANA;CALLE-12--CARRERA-11;CHOQUE;VEHICULO;1;0;0;39.033.414;-76.297.349;POINT (-76.297349 3.9033414)
19;2019 Feb 20 12:00:00 AM;URBANA;CALLE-15-CARRERA-12;CHOQUE;VEHICULO;1;1;0;39.064.157;-762.970.652;POINT (-76.2970652 3.9064157)
19;2019 Feb 27 12:00:00 AM;URBANA;CALLE-4-CARRERA-23;CHOQUE;VEHICULO;0;1;0;38.997.402;-763.107.125;POINT (-76.3107125 3.8997402)
19;2019 Feb 28 12:00:00 AM;URBANA;CARRERA-14--CALLE-23;CHOQUE;VEHICULO;0;1;0;39.132.665;-762.959.832;POINT (-76.2959832 3.9132665)
19;2019 Mar 03 12:00:00 AM;URBANA;CARRERA-9--CALLE-12-SUR;CHOQUE;VEHICULO;0;0;0;38.879.655;-762.967.712;POINT (-76.2967712 3.8879655)
19;2019 Mar 04 12:00:00 AM;URBANA;CALLE-16-CARRERA-18;ATROPELLO;NA;1;1;0;3.916.878;-762.971.463;POINT (-76.2971463 3.916878)
19;2019 Mar 04 12:00:00 AM;URBANA;CARRERA-18--CALLE-10;CHOQUE;VEHICULO;0;0;0;39.041.229;-763.039.482;POINT (-76.3039482 3.9041229)
19;2019 Mar 04 12:00:00 AM;URBANA;CALLE-3-CARRERA-10;CHOQUE;VEHICULO;1;0;0;38.958.414;-762.989.938;POINT (-76.2989938 3.8958414)
19;2019 Mar 04 12:00:00 AM;URBANA;CARRERA-9--CALLE-26;CHOQUE;VEHICULO;1;0;0;39.126.375;-76.291.346;POINT (-76.291346 3.9126375)
19;2019 Mar 05 12:00:00 AM;URBANA;CARRERA-24-CALLE-13;CHOQUE;INMUEBLE;1;0;0;3.915.495;-762.981.417;POINT (-76.2981417 3.915495)
19;2019 Mar 06 12:00:00 AM;URBANA;CARRERA-10--CALLE-7;CHOQUE;VEHICULO;1;1;0;38.989.651;-762.980.082;POINT (-76.2980082 3.8989651)
19;2019 Mar 09 12:00:00 AM;URBANA;CALLE-4-CARRETRA--3;CHOQUE;VEHICULO;0;0;0;38.939.116;-762.933.592;POINT (-76.2933592 3.8939116)
19;2019 Mar 12 12:00:00 AM;URBANA;CARRERA-16-CALLE-19;CHOQUE;VEHICULO;1;1;0;39.113.137;-762.994.247;POINT (-76.2994247 3.9113137)
19;2019 Mar 13 12:00:00 AM;URBANA;CALLE-1-SUR-CARRERA-12;CHOQUE;VEHICULO;0;0;0;38.932.343;-763.017.086;POINT (-76.3017086 3.8932343)
19;2019 Mar 13 12:00:00 AM;URBANA;CARRERA-11--CALLE-15;CHOQUE;VEHICULO;1;0;0;39.061.648;-762.962.973;POINT (-76.2962973 3.9061648)
19;2019 Mar 15 12:00:00 AM;URBANA;CARRERA-13-A--CALLE-8-SUR;CHOQUE;VEHICULO;1;1;0;38.885.354;-763.018.516;POINT (-76.3018516 3.8885354)
19;2019 Mar 16 12:00:00 AM;URBANA;CARRERA-9-CALLE-5;CHOQUE;VEHICULO;0;0;0;3.896.921;-762.978.143;POINT (-76.2978143 3.896921)
19;2019 Mar 16 12:00:00 AM;URBANA;CARRERA-7-CALLE-16;CHOQUE;VEHICULO;1;0;0;39.051.355;-7.629.193;POINT (-76.29193 3.9051355)
19;2019 Mar 21 12:00:00 AM;URBANA;CARRERA-19--CALLE-4;CHOQUE;VEHICULO;1;0;0;38.986.127;-763.069.452;POINT (-76.3069452 3.8986127)
19;2019 Mar 22 12:00:00 AM;URBANA;CARRERA-18--CALLE-4;CHOQUE;VEHICULO;1;1;0;38.986.116;-76.306.014;POINT (-76.306014 3.8986116)
19;2019 Mar 24 12:00:00 AM;URBANA;CALLE-6-CARRERA-12;CHOQUE;VEHICULO;0;1;0;38.987.171;-763.000.321;POINT (-76.3000321 3.8987171)
19;2019 Mar 26 12:00:00 AM;URBANA;CALLE-8--CARRERA-13;CHOQUE;VEHICULO;0;0;0;39.007.222;-763.002.686;POINT (-76.3002686 3.9007222)
19;2019 Mar 27 12:00:00 AM;URBANA;CARRERA-1-CALLE-9;CHOQUE;VEHICULO;1;0;0;38.980.502;-762.902.521;POINT (-76.2902521 3.8980502)
19;2019 Mar 29 12:00:00 AM;URBANA;CALLE-10--CARRERA-9;CHOQUE;VEHICULO;1;1;0;39.010.848;-762.962.038;POINT (-76.2962038 3.9010848)
19;2019 Mar 30 12:00:00 AM;RURAL;SALIDA-SUR-VIA-CALI-QUEBRADA-SECA;CHOQUE;VEHICULO;0;1;0;3.872.285;-76.296.952;POINT (-76.296952 3.872285)
19;2019 Mar 30 12:00:00 AM;URBANA;CALLE-5--CARRRERA-4;CHOQUE;VEHICULO;0;0;0;38.954.701;-762.936.734;POINT (-76.2936734 3.8954701)
19;2019 Apr 01 12:00:00 AM;URBANA;CALLE-8-CARREERA-11;CHOQUE;VEHICULO;1;0;0;39.001.156;-762.985.593;POINT (-76.2985593 3.9001156)
19;2019 Apr 01 12:00:00 AM;URBANA;CARRERA-13-CALLE-3-SUR;CHOQUE;VEHICULO;0;0;0;38.907.007;-763.023.774;POINT (-76.3023774 3.8907007)
19;2019 Apr 05 12:00:00 AM;URBANA;CARRERA-12--CALLE-8;CHOQUE;VEHICULO;1;0;1;39.004.828;-762.994.639;POINT (-76.2994639 3.9004828)
19;2019 Apr 06 12:00:00 AM;URBANA;CARRERA-12A-CALLE-7A;CHOQUE;VEHICULO;1;0;0;39.002.057;-763.001.664;POINT (-76.3001664 3.9002057)
19;2019 Apr 06 12:00:00 AM;URBANA;CALLE-15--CARRERA-5;CHOQUE;VEHICULO;1;1;0;38.915.706;-76.292.232;POINT (-76.292232 3.8915706)
19;2019 Apr 07 12:00:00 AM;URBANA;CALLE-6--CARRERA-13;CHOQUE;VEHICULO;0;1;0;38.989.771;-763.008.787;POINT (-76.3008787 3.8989771)
19;2019 Apr 07 12:00:00 AM;URBANA;CARRERA-9-CALLE-8;CHOQUE;VEHICULO;0;0;0;38.994.625;-762.968.451;POINT (-76.2968451 3.8994625)
19;2019 Apr 09 12:00:00 AM;URBANA;CALLE-20-BIS-CARRERA-12;CHOQUE;VEHICULO;1;1;0;3.913.438;-762.908.664;POINT (-76.2908664 3.913438)
19;2019 Apr 14 12:00:00 AM;RURAL;SALIDA-SUR-1-BUGA--GUACARI;CHOQUE;VEHICULO;0;0;0;389.383;-7.631.036;POINT (-76.31036 3.89383)
19;2019 Apr 14 12:00:00 AM;URBANA;CARRERA-8-CALLE-18;CHOQUE;VEHICULO;1;0;0;39.074.741;-76.292.709;POINT (-76.292709 3.9074741)
19;2019 Apr 15 12:00:00 AM;URBANA;CARRERA-18-CALLE-15;CHOQUE;VEHICULO;1;1;0;39.085.545;-763.023.628;POINT (-76.3023628 3.9085545)
19;2019 Apr 15 12:00:00 AM;URBANA;CALLE-1--CARRERA-9;CHOQUE;VEHICULO;0;0;0;38.942.795;-762.985.091;POINT (-76.2985091 3.8942795)
19;2019 Apr 17 12:00:00 AM;URBANA;CARRERA-15-CALLE-29;VOLCAMIENTO;VOLCAMIENTO;1;0;0;3.917.823;-762.955.517;POINT (-76.2955517 3.917823)
19;2019 Apr 18 12:00:00 AM;URBANA;CALLE-4-CARRERA-11;CHOQUE;VEHICULO;1;0;0;38.968.123;-762.996.746;POINT (-76.2996746 3.8968123)
19;2019 Apr 19 12:00:00 AM;URBANA;CALLE-3--CARRERA-12;CHOQUE;VEHICULO;1;1;0;38.962.197;-763.009.952;POINT (-76.3009952 3.8962197)
19;2019 Apr 20 12:00:00 AM;URBANA;CARRRERA-1-CALLE-6;CHOQUE;VEHICULO;0;1;0;38.954.051;-762.909.992;POINT (-76.2909992 3.8954051)
19;2019 Apr 21 12:00:00 AM;URBANA;CARRERA-10-CALLE-5;CHOQUE;VEHICULO;0;1;0;38.971.881;-762.985.922;POINT (-76.2985922 3.8971881)
19;2019 Apr 21 12:00:00 AM;RURAL;VIA-BUGA-LA-MAGDALENA;CHOQUE;VEHICULO;0;1;0;3.890.365;-76.224.886;POINT (-76.224886 3.890365)
19;2019 Apr 21 12:00:00 AM;URBANA;CALLE-6--CARRERA-9;CHOQUE;VEHICULO;0;0;0;38.977.771;-762.974.962;POINT (-76.2974962 3.8977771)
19;2019 Apr 22 12:00:00 AM;URBANA;CARRERA-14--CALLE-14;CHOQUE;VEHICULO;1;0;0;39.061.522;-762.991.734;POINT (-76.2991734 3.9061522)
19;2019 Apr 22 12:00:00 AM;URBANA;CALLE-5--CARRERA-2;CHOQUE;VEHICULO;1;1;0;38.948.892;-762.920.838;POINT (-76.2920838 3.8948892)
19;2019 Apr 22 12:00:00 AM;URBANA;CARRERA-7--CALLE-10;CHOQUE;VEHICULO;0;1;0;39.002.397;-762.942.313;POINT (-76.2942313 3.9002397)
19;2019 Apr 22 12:00:00 AM;URBANA;CALLE-22-CARRERA-11;CHOQUE;VEHICULO;0;0;0;39.115.368;-76.294.162;POINT (-76.294162 3.9115368)
19;2019 Apr 23 12:00:00 AM;URBANA;CALLE-22--CARRERA11;CHOQUE;VEHICULO;1;1;0;39.115.368;-76.294.162;POINT (-76.294162 3.9115368)
19;2019 Apr 25 12:00:00 AM;URBANA;CARRERA-19--CALLE-4;CHOQUE;VEHICULO;0;1;0;38.986.127;-763.069.452;POINT (-76.3069452 3.8986127)
19;2019 Apr 26 12:00:00 AM;URBANA;CALLE-12--CARRRERA-11;CAIDA-ACOMPAÑANTE;NA;0;1;0;39.033.414;-76.297.349;POINT (-76.297349 3.9033414)
19;2019 Apr 27 12:00:00 AM;URBANA;CARRERA-12--CALLE-14;ATROPELLO;NA;0;1;0;3.905.465;-76.297.368;POINT (-76.297368 3.905465)
19;2019 Apr 28 12:00:00 AM;URBANA;CALLE-6--CARRERA-9;CHOQUE;VEHICULO;0;0;0;38.977.771;-762.974.962;POINT (-76.2974962 3.8977771)
19;2019 Apr 28 12:00:00 AM;URBANA;CARRERA-10--CALLE-5;CHOQUE;VEHICULO;1;1;0;38.971.881;-762.985.922;POINT (-76.2985922 3.8971881)
19;2019 Apr 29 12:00:00 AM;URBANA;CALLE-4-CARRERA-23;OTRO;NA;0;0;0;38.997.402;-763.107.125;POINT (-76.3107125 3.8997402)
19;2019 Apr 29 12:00:00 AM;URBANA;CARRRERA-15--CALLE-26;CHOQUE;VEHICULO;1;1;0;39.147.741;-762.966.626;POINT (-76.2966626 3.9147741)
19;2019 May 06 12:00:00 AM;URBANA;CARRERA-9-CALLE-3-SUR;CHOQUE;VEHICULO;0;0;0;38.921.861;-762.987.256;POINT (-76.2987256 3.8921861)
19;2019 May 07 12:00:00 AM;URBANA;CARRERA-14-CALLE-20;CHOQUE;MURO;1;0;0;39.110.784;-762.968.413;POINT (-76.2968413 3.9110784)
19;2019 May 09 12:00:00 AM;URBANA;CALLE-4--CARRERA-23;CHOQUE;VEHICULO;1;0;0;38.997.402;-763.107.125;POINT (-76.3107125 3.8997402)
19;2019 May 11 12:00:00 AM;URBANA;CARRERA-12--CALLE-8-SUR;CHOQUE;VEHICULO;1;1;0;38.885.354;-763.018.516;POINT (-76.3018516 3.8885354)
19;2019 May 12 12:00:00 AM;URBANA;CALLE-1-CARRERA-10A;CHOQUE;VEHICULO;0;0;0;38.947.008;-762.997.618;POINT (-76.2997618 3.8947008)
19;2019 May 12 12:00:00 AM;URBANA;CARRERA-15--CALLE-10;CHOQUE;VEHICULO;1;1;0;39.031.526;-763.014.235;POINT (-76.3014235 3.9031526)
19;2019 May 15 12:00:00 AM;URBANA;CALLE-4--CARRERA-22;CHOQUE;VEHICULO;0;0;0;38.995.501;-763.101.194;POINT (-76.3101194 3.8995501)
19;2019 May 15 12:00:00 AM;URBANA;CALLE-4--CARRERA-23;CHOQUE;VEHICULO;1;1;0;38.997.402;-763.107.125;POINT (-76.3107125 3.8997402)
19;2019 May 16 12:00:00 AM;URBANA;CARRERA-12-CALLE-8;CHOQUE;VEHICULO;0;1;0;39.004.828;-762.994.639;POINT (-76.2994639 3.9004828)
19;2019 May 16 12:00:00 AM;URBANA;CARRERA-12-SUR-BUGA-BRISAS;CHOQUE;VEHICULO;0;1;0;3.861.402;-76.295.858;POINT (-76.295858 3.861402)
19;2019 May 17 12:00:00 AM;URBANA;CALLE-9--CARRERA-12;VOLCAMIENTO;NA;0;1;0;39.013.208;-762.991.403;POINT (-76.2991403 3.9013208)
19;2019 May 18 12:00:00 AM;URBANA;CALLE-16-CARRERA-4;CHOQUE;OBSTACULO;0;0;0;39.026.246;-762.907.281;POINT (-76.2907281 3.9026246)
19;2019 May 19 12:00:00 AM;URBANA;CALLE-23--CARRERA-10;CHOQUE;VEHICULO;1;0;0;39.120.858;-762.931.526;POINT (-76.2931526 3.9120858)
19;2019 May 20 12:00:00 AM;URBANA;CARRERA-12-CALLE-7-SUR;CHOQUE;VEHICULO;1;0;0;38.891.525;-763.063.757;POINT (-76.3063757 3.8891525)
19;2019 May 23 12:00:00 AM;URBANA;CALLE-9---CARRERA-3;CHOQUE;VEHICULO;1;1;0;38.985.116;-762.914.913;POINT (-76.2914913 3.8985116)
19;2019 May 24 12:00:00 AM;URBANA;CARRERA-18---CALLE-19;CHOQUE;VEHICULO;0;1;0;39.117.747;-763.001.552;POINT (-76.3001552 3.9117747)
19;2019 May 25 12:00:00 AM;URBANA;CALLE-7--CARRERA-9;CHOQUE;VEHICULO;0;0;0;38.986.738;-762.971.495;POINT (-76.2971495 3.8986738)
19;2019 May 25 12:00:00 AM;URBANA;CALLE-7---CARRERA-15;CHOQUE;VEHICULO;1;0;0;39.004.344;-763.023.347;POINT (-76.3023347 3.9004344)
19;2019 May 28 12:00:00 AM;URBANA;CALLE-5---CARRERA-18;CHOQUE;VEHICULO;1;1;0;38.996.982;-763.056.143;POINT (-76.3056143 3.8996982)
19;2019 May 28 12:00:00 AM;URBANA;CALLE-15-CARRERA-12;CHOQUE;VEHICULO;0;1;0;39.064.157;-762.970.652;POINT (-76.2970652 3.9064157)
19;2019 May 29 12:00:00 AM;URBANA;CARRERA-16---CALLE-19;CHOQUE;VEHICULO;0;0;0;39.113.137;-762.994.247;POINT (-76.2994247 3.9113137)
19;2019 May 30 12:00:00 AM;URBANA;CARRERA-9---CALLE-5;ATROPELLO;NA;1;1;0;3.896.921;-762.978.143;POINT (-76.2978143 3.896921)
19;2019 May 30 12:00:00 AM;URBANA;CARRERA-9-CALLE-10;CHOQUE;VEHICULO;0;1;0;39.010.848;-762.962.038;POINT (-76.2962038 3.9010848)
19;2019 Jun 02 12:00:00 AM;URBANA;CALLE-31-CARRERA-12;CHOQUE;VEHICULO;0;0;0;39.185.063;-762.924.617;POINT (-76.2924617 3.9185063)
19;2019 Jun 02 12:00:00 AM;URBANA;CALLE-11-CARRERA-14;CHOQUE;VEHICULO;1;0;0;39.036.881;-763.003.033;POINT (-76.3003033 3.9036881)
19;2019 Jun 02 12:00:00 AM;URBANA;CARRERA-1--CALLE-20;CHOQUE;VEHICULO;1;0;0;38.956.901;-763.108.658;POINT (-76.3108658 3.8956901)
19;2019 Jun 03 12:00:00 AM;RURAL;KM-6-VIA-BUGA-LA-HABANA;CHOQUE;VEHICULO;1;1;0;3.895.143;-76.235.543;POINT (-76.235543 3.895143)
19;2019 Jun 03 12:00:00 AM;URBANA;CARRERA-19-CALLE-24;CHOQUE;VEHICULO;0;1;0;39.150.531;-763.000.419;POINT (-76.3000419 3.9150531)
19;2019 Jun 03 12:00:00 AM;URBANA;CALLE-23-CARRERA-13;CHOQUE;VEHICULO;0;1;0;39.129.988;-76.295.426;POINT (-76.295426 3.9129988)
19;2019 Jun 05 12:00:00 AM;URBANA;CARRERA-12--CALLE-6;ATROPELLO;NA;0;0;0;38.987.171;-763.000.321;POINT (-76.3000321 3.8987171)
19;2019 Jun 05 12:00:00 AM;URBANA;CARRERA-11--CALLE-8;CHOQUE;VEHICULO;1;1;0;39.001.156;-762.985.593;POINT (-76.2985593 3.9001156)
19;2019 Jun 05 12:00:00 AM;URBANA;CALLE-8-CARRERA-9;CHOQUE;VEHICULO;0;1;0;38.994.625;-762.968.451;POINT (-76.2968451 3.8994625)
19;2019 Jun 05 12:00:00 AM;URBANA;CALLE-13--CARRERA-16;CHOQUE;VEHICULO;0;1;0;39.060.925;-763.012.732;POINT (-76.3012732 3.9060925)
19;2019 Jun 06 12:00:00 AM;URBANA;CARRERA-15-CALLE-5;CHOQUE;VEHICULO;0;1;0;38.987.145;-763.029.713;POINT (-76.3029713 3.8987145)
19;2019 Jun 07 12:00:00 AM;URBANA;CALLE-20--CARRERA-12;CHOQUE;VEHICULO;0;1;0;39.105.566;-762.954.426;POINT (-76.2954426 3.9105566)
19;2019 Jun 07 12:00:00 AM;URBANA;CALLE-17--CARRERA-11;CHOQUE;VEHICULO;0;1;0;39.077.377;-762.955.147;POINT (-76.2955147 3.9077377)
19;2019 Jun 08 12:00:00 AM;URBANA;CALLE-13--CARRERA-10;CHOQUE;VEHICULO;0;1;0;39.038.503;-762.963.225;POINT (-76.2963225 3.9038503)
19;2019 Jun 08 12:00:00 AM;URBANA;CARRERA-13-CALLE-2;CHOQUE;VEHICULO;0;0;0;38.956.052;-763.020.871;POINT (-76.3020871 3.8956052)
19;2019 Jun 08 12:00:00 AM;URBANA;CARRERA-12-CALLE-6-SUR;CHOQUE;VEHICULO;1;1;0;38.899.325;-763.007.009;POINT (-76.3007009 3.8899325)
19;2019 Jun 09 12:00:00 AM;URBANA;CARRERA-15-CALLE-3;CHOQUE;VEHICULO;0;0;0;3.896.879;-763.035.723;POINT (-76.3035723 3.896879)
19;2019 Jun 10 12:00:00 AM;URBANA;CALLE-15-CARRERA-10;CHOQUE;VEHICULO;1;0;0;39.059.164;-762.956.046;POINT (-76.2956046 3.9059164)
19;2019 Jun 14 12:00:00 AM;URBANA;CARRERA-12-SUR-CALLE--2A;CHOQUE;VEHICULO;1;0;0;38.880.136;-762.966.034;POINT (-76.2966034 3.8880136)
19;2019 Jun 14 12:00:00 AM;URBANA;CARRERA-19--CALLE-1;CHOQUE;VEHICULO;1;1;0;38.955.963;-763.080.224;POINT (-76.3080224 3.8955963)
19;2019 Jun 15 12:00:00 AM;URBANA;CARRERA-9--CALLE-8;CHOQUE;VEHICULO;0;1;0;38.994.625;-762.968.451;POINT (-76.2968451 3.8994625)
19;2019 Jun 16 12:00:00 AM;URBANA;CARRERA-16--CALLE-15;CHOQUE;VEHICULO;0;0;0;39.078.476;-763.007.051;POINT (-76.3007051 3.9078476)
19;2019 Jun 18 12:00:00 AM;URBANA;CARRERA-16-CALLE-3;CHOQUE;VEHICULO;1;0;0;38.971.515;-763.044.776;POINT (-76.3044776 3.8971515)
19;2019 Jun 20 12:00:00 AM;URBANA;CALLE-5--CARRERA-3E;CHOQUE;VEHICULO;1;1;0;38.943.499;-762.906.934;POINT (-76.2906934 3.8943499)
19;2019 Jun 21 12:00:00 AM;URBANA;PARADERO-LA-PALMA;CHOQUE;VEHICULO;0;1;0;38.008.338;-763.517.618;POINT (-76.3517618 3.8008338)
19;2019 Jun 22 12:00:00 AM;URBANA;CARRERA-12--CALLE-18;CHOQUE;VEHICULO;0;0;0;39.090.249;-762.960.732;POINT (-76.2960732 3.9090249)
19;2019 Jun 24 12:00:00 AM;URBANA;CALLE-1-SUR-CALLE-15;CHOQUE;VEHICULO;1;1;0;38.997.747;-76.291.355;POINT (-76.291355 3.8997747)
19;2019 Jun 26 12:00:00 AM;NACIONAL;VIA-BUGA-TULUA-BOMBA-TERPEL;CHOQUE;VEH-EST;0;1;0;3.926.199;-76.286.495;POINT (-76.286495 3.926199)
19;2019 Jun 26 12:00:00 AM;URBANA;LOMAS-DEL-ALBERGUE;VOLCAMIENTO;NA;0;0;0;38.807.607;-762.903.793;POINT (-76.2903793 3.8807607)
19;2019 Jun 23 12:00:00 AM;URBANA;CALLE-13--CARRERA-12;CHOQUE;VEHICULO;1;1;0;39.044.578;-76.297.642;POINT (-76.297642 3.9044578)
19;2019 Jun 29 12:00:00 AM;URBANA;CALLE-1--CARRERA-14;CHOQUE;VEHICULO;0;1;0;38.949.465;-763.031.309;POINT (-76.3031309 3.8949465)
19;2019 Jun 29 12:00:00 AM;URBANA;CARRERA-10--CALLE-3;CHOQUE;VEHICULO;0;0;0;38.958.414;-762.989.938;POINT (-76.2989938 3.8958414)
19;2019 Jun 30 12:00:00 AM;URBANA;CALLE-6--CARRERA-17;CHOQUE;VEHICULO;1;0;0;39.001.981;-763.043.951;POINT (-76.3043951 3.9001981)
19;2019 Jul 02 12:00:00 AM;URBANA;CALLE-4-CARRERA-23;CHOQUE;LUMINARIA;1;0;0;38.997.402;-763.107.125;POINT (-76.3107125 3.8997402)
19;2019 Jul 04 12:00:00 AM;URBANA;CALLE-13-CARRERA-16;CHOQUE;VEHICULO;1;1;0;39.060.925;-763.012.732;POINT (-76.3012732 3.9060925)
19;2019 Jul 05 12:00:00 AM;URBANA;CALLE-3--CARRERA-16;CHOQUE;VEHICULO;0;0;0;38.971.515;-763.044.776;POINT (-76.3044776 3.8971515)
19;2019 Jul 05 12:00:00 AM;URBANA;CARRERA-16--CALLE-21;CHOQUE;VEHICULO;1;0;0;39.267.803;-762.928.028;POINT (-76.2928028 3.9267803)
19;2019 Jul 10 12:00:00 AM;URBANA;CARRERA-8---CALLE-26;CHOQUE;VEHICULO;1;0;0;39.120.319;-762.903.798;POINT (-76.2903798 3.9120319)
19;2019 Jul 11 12:00:00 AM;URBANA;CALLE-1-SUR--CARRERA-16;CHOQUE;VEHICULO;1;0;0;38.945.066;-763.059.903;POINT (-76.3059903 3.8945066)
19;2019 Jul 12 12:00:00 AM;URBANA;CARRERA-12-CALLE-5;CHOQUE;INMUEBLE;1;1;0;38.978.083;-763.003.458;POINT (-76.3003458 3.8978083)
19;2019 Jul 12 12:00:00 AM;URBANA;CALLE-2-SUR-CARRERA-12;CHOQUE;VEHICULO;0;1;0;3.892.779;-763.017.798;POINT (-76.3017798 3.892779)
19;2019 Jul 13 12:00:00 AM;URBANA;CARRERA-18--CALLE-12;CHOQUE;VEHICULO;0;1;0;39.058.559;-763.032.773;POINT (-76.3032773 3.9058559)
19;2019 Jul 13 12:00:00 AM;URBANA;CARRERA-2--CALLE-5;CHOQUE;VEHICULO;0;1;0;38.948.892;-762.920.838;POINT (-76.2920838 3.8948892)
19;2019 Jul 13 12:00:00 AM;URBANA;CARRERA-18--CALLE-17;CHOQUE;VEHICULO;0;1;0;39.102.668;-763.014.058;POINT (-76.3014058 3.9102668)
19;2019 Jul 14 12:00:00 AM;URBANA;CALLE-13--CARRERA-16;CHOQUE;VEHICULO;0;0;0;39.060.925;-763.012.732;POINT (-76.3012732 3.9060925)
19;2019 Jul 14 12:00:00 AM;URBANA;CARRERA-14--CALLE-10;CHOQUE;VEHICULO;1;0;0;39.027.977;-763.005.583;POINT (-76.3005583 3.9027977)
19;2019 Jul 14 12:00:00 AM;URBANA;CARRREA-12-CALLE-18;CHOQUE;VEHICULO;1;1;0;39.090.249;-762.960.732;POINT (-76.2960732 3.9090249)
19;2019 Jul 15 12:00:00 AM;URBANA;CALLE-6-CARRERA-12;CHOQUE;VEHICULO;0;0;0;38.987.171;-763.000.321;POINT (-76.3000321 3.8987171)
19;2019 Jul 16 12:00:00 AM;URBANA;CARRERA-10-CALLE-21;CHOQUE;VEHICULO;1;0;0;39.108.166;-762.936.645;POINT (-76.2936645 3.9108166)
19;2019 Jul 18 12:00:00 AM;URBANA;CALLE-23--CARRERA-10;CHOQUE;VEHICULO;1;0;0;39.120.858;-762.931.526;POINT (-76.2931526 3.9120858)
19;2019 Jul 19 12:00:00 AM;URBANA;CALLE-7-CARRERA-11;CHOQUE;VEHICULO;1;0;0;38.992.933;-762.988.822;POINT (-76.2988822 3.8992933)
19;2019 Jul 19 12:00:00 AM;URBANA;CALLE-30-CARRERA-8;CHOQUE;VEHICULO;1;0;0;39.156.597;-762.885.572;POINT (-76.2885572 3.9156597)
19;2019 Jul 19 12:00:00 AM;URBANA;CALLE-1-SUR-CARRERA-20;CHOQUE;VEHICULO;1;0;0;38.942.767;-763.087.879;POINT (-76.3087879 3.8942767)
19;2019 Jul 19 12:00:00 AM;URBANA;CALLE-3-SUR--CARRERA-15A;CHOQUE;VEHICULO;1;0;0;38.915.904;-763.057.694;POINT (-76.3057694 3.8915904)
19;2019 Jul 22 12:00:00 AM;URBANA;CALLE-4-CARRERA-23;CHOQUE;VEHICULO;1;1;0;38.997.402;-763.107.125;POINT (-76.3107125 3.8997402)
19;2019 Jul 25 12:00:00 AM;URBANA;CARRERA-29--CALLE-14;CHOQUE;VEHICULO;0;1;0;391.205;-763.083.403;POINT (-76.3083403 3.91205)
19;2019 Jul 27 12:00:00 AM;URBANA;CALLE-7--CARRERA-10;CHOQUE;VEHICULO;0;0;0;38.989.651;-762.980.082;POINT (-76.2980082 3.8989651)
19;2019 Jul 27 12:00:00 AM;URBANA;CARRERA-16--CALLE-15;CHOQUE;VEHICULO;1;1;0;39.078.476;-763.007.051;POINT (-76.3007051 3.9078476)
19;2019 Jul 29 12:00:00 AM;URBANA;CALLE-6-CARRERA-12;CHOQUE;VEHICULO;0;1;0;38.987.171;-763.000.321;POINT (-76.3000321 3.8987171)
19;2019 Jul 29 12:00:00 AM;URBANA;CALLE-8--CARRERA-11;CHOQUE;VEHICULO;0;0;0;39.001.156;-762.985.593;POINT (-76.2985593 3.9001156)
19;2019 Jul 31 12:00:00 AM;RURAL;VIA-LA-HABANA-500-MT-AGUAS-DE-BUGA;CHOQUE;VEHICULO;1;0;0;3.890.014;-76.284.464;POINT (-76.284464 3.890014)
19;2019 Jul 31 12:00:00 AM;URBANA;CALLE-8-CARRERA-18;CHOQUE;VEHICULO;1;0;0;39.023.969;-76.304.644;POINT (-76.304644 3.9023969)
19;2019 Aug 01 12:00:00 AM;URBANA;CARRERA-9-PUENTE-DEL-ACADEMICO;CHOQUE;ARBOL;1;1;0;3.892.158;-7.629.872;POINT (-76.29872 3.892158)
19;2019 Aug 02 12:00:00 AM;URBANA;CARRERA-12-CALLE-13-SUR;CHOQUE;VEHICULO;0;0;0;38.865.038;-762.989.367;POINT (-76.2989367 3.8865038)
19;2019 Aug 02 12:00:00 AM;URBANA;CARRERA-10--CALLE-4;CHOQUE;VEHICULO;1;0;0;38.964.988;-762.988.076;POINT (-76.2988076 3.8964988)
19;2019 Aug 03 12:00:00 AM;URBANA;CARRERA-20-CALLE-3;CHOQUE;VEH-EST;1;0;0;38.981.503;-763.076.746;POINT (-76.3076746 3.8981503)
19;2019 Aug 05 12:00:00 AM;URBANA;CALLE-4--CARRERA-19;CHOQUE;VEHICULO;1;0;0;38.986.127;-763.069.452;POINT (-76.3069452 3.8986127)
19;2019 Aug 06 12:00:00 AM;URBANA;CALLE--9--CARRERA-16;CHOQUE;VEHICULO;1;1;0;3.902.545;-763.025.965;POINT (-76.3025965 3.902545)
19;2019 Aug 07 12:00:00 AM;URBANA;CARRERA-24-CALLE-13;CHOQUE;VEHICULO;0;0;0;3.915.495;-762.981.417;POINT (-76.2981417 3.915495)
19;2019 Aug 10 12:00:00 AM;URBANA;CARRERA-1--CALLE-11;CHOQUE;VEHICULO;1;1;0;38.993.845;-762.897.761;POINT (-76.2897761 3.8993845)
19;2019 Aug 10 12:00:00 AM;URBANA;CARRERA-10--CALLE-5;CHOQUE;VEHICULO;0;1;0;38.971.881;-762.985.922;POINT (-76.2985922 3.8971881)
19;2019 Aug 13 12:00:00 AM;URBANA;CALLE-8-CARRERA-16;CHOQUE;VEHICULO;0;1;0;39.016.724;-763.029.113;POINT (-76.3029113 3.9016724)
19;2019 Aug 14 12:00:00 AM;URBANA;CALLE-19--CARRERA-16;CHOQUE;VEHICULO;0;0;0;39.113.137;-762.994.247;POINT (-76.2994247 3.9113137)
19;2019 Aug 17 12:00:00 AM;URBANA;CALLE-4--CARRERA-6;CHOQUE;VEHICULO;1;0;0;39.010.151;-76.290.993;POINT (-76.290993 3.9010151)
19;2019 Aug 17 12:00:00 AM;URBANA;CARRERA-9--CALLE-2-SUR;CHOQUE;VEHICULO;1;0;0;38.927.426;-762.987.469;POINT (-76.2987469 3.8927426)
19;2019 Aug 18 12:00:00 AM;URBANA;CALLE-4-CARRERA-7;CHOQUE;VEHICULO;1;1;0;38.954.222;-762.964.781;POINT (-76.2964781 3.8954222)
19;2019 Aug 19 12:00:00 AM;RURAL;VIA-BUGA-LA-MAGDALENA;CHOQUE;VEHICULO;0;1;0;388.905;-7.622.015;POINT (-76.22015 3.88905)
19;2019 Aug 18 12:00:00 AM;URBANA;CARRERA-10--CALLE-5;CHOQUE;VEHICULO;0;1;0;38.971.881;-762.985.922;POINT (-76.2985922 3.8971881)
19;2019 Aug 22 12:00:00 AM;URBANA;CARRERA-12--CALLE-5;CHOQUE;VEH-EST;0;0;0;38.978.083;-763.003.458;POINT (-76.3003458 3.8978083)
19;2019 Aug 24 12:00:00 AM;URBANA;CALLE-19--CARRERA-16;CHOQUE;VEHICULO;1;1;0;39.113.137;-762.994.247;POINT (-76.2994247 3.9113137)
19;2019 Aug 24 12:00:00 AM;URBANA;CARRERA-13-CALLE-15;CHOQUE;VEHICULO;0;1;0;39.067.414;-762.979.179;POINT (-76.2979179 3.9067414)
19;2019 Aug 24 12:00:00 AM;URBANA;CARRERA-13-CARRERA-12;CHOQUE;MURO;0;1;0;39.167.025;-762.931.126;POINT (-76.2931126 3.9167025)
19;2019 Aug 25 12:00:00 AM;URBANA;CALLE-5-CARRERA-15;CHOQUE;VEHICULO;0;1;0;38.987.145;-763.029.713;POINT (-76.3029713 3.8987145)
19;2019 Aug 27 12:00:00 AM;URBANA;CALLE-8-SUR-CARRERA-9;VOLCAMIENTO;NA;0;1;0;391.306;-762.899.071;POINT (-76.2899071 3.91306)
19;2019 Aug 28 12:00:00 AM;URBANA;CALLE-16--CARRERA-15;CHOQUE;VEHICULO;0;1;0;39.084.789;-762.993.152;POINT (-76.2993152 3.9084789)
19;2019 Aug 29 12:00:00 AM;URBANA;CALLE-4--CARRERA-3-E;CHOQUE;VEHICULO;0;0;0;38.926.971;-762.911.421;POINT (-76.2911421 3.8926971)
19;2019 Aug 30 12:00:00 AM;URBANA;CARRERA-12--CALLE-16;CHOQUE;VEHICULO;1;1;0;39.071.987;-7.629.682;POINT (-76.29682 3.9071987)
19;2019 Sep 01 12:00:00 AM;URBANA;CALLE-1-SUR--CARRERA-12;CHOQUE;VEHICULO;0;0;0;38.932.343;-763.017.086;POINT (-76.3017086 3.8932343)
19;2019 Sep 03 12:00:00 AM;URBANA;CARRERA-1--CALLE-10;CHOQUE;VEHICULO;1;0;0;38.984.833;-76.290.097;POINT (-76.290097 3.8984833)
19;2019 Sep 11 12:00:00 AM;URBANA;CALLE-5-CARRERA-15;CHOQUE;VEHICULO;1;0;0;38.987.145;-763.029.713;POINT (-76.3029713 3.8987145)
19;2019 Sep 11 12:00:00 AM;URBANA;CALLE-8--CARRERA-18;CHOQUE;VEHICULO;1;0;0;38.884.555;-763.096.441;POINT (-76.3096441 3.8884555)
19;2019 Sep 13 12:00:00 AM;URBANA;CALLE-1-SUR-CARRERA-12;CHOQUE;VEHICULO;1;0;0;38.932.343;-763.017.086;POINT (-76.3017086 3.8932343)
19;2019 Sep 13 12:00:00 AM;URBANA;CALLE-3-CARRERA-11;CHOQUE;VEHICULO;1;0;0;38.959.979;-762.998.697;POINT (-76.2998697 3.8959979)
19;2019 Sep 14 12:00:00 AM;URBANA;CARRERA-1--CALLE-10;CHOQUE;VEHICULO;1;1;0;38.984.833;-76.290.097;POINT (-76.290097 3.8984833)
19;2019 Sep 16 12:00:00 AM;URBANA;CALLE-1-SUR-CARRERA-16;CHOQUE;VEHICULO;0;0;0;38.945.066;-763.059.903;POINT (-76.3059903 3.8945066)
19;2019 Sep 17 12:00:00 AM;URBANA;CALLE-16--CARRERA-12;CHOQUE;VEHICULO;1;0;0;39.071.987;-7.629.682;POINT (-76.29682 3.9071987)
19;2019 Sep 17 12:00:00 AM;URBANA;BUGA-TULUA-KM1-CALLEJON-LA-03IA;CHOQUE;VEH-EST;1;1;0;39.361.068;-762.820.291;POINT (-76.2820291 3.9361068)
19;2019 Sep 18 12:00:00 AM;URBANA;CARRERA-18-CALLE-8;CHOQUE;VEHICULO;0;0;0;39.023.969;-76.304.644;POINT (-76.304644 3.9023969)
19;2019 Sep 18 12:00:00 AM;URBANA;CARRERA-1--CALLE-7;CHOQUE;VEHICULO;1;0;0;38.961.376;-762.907.721;POINT (-76.2907721 3.8961376)
19;2019 Sep 19 12:00:00 AM;URBANA;CARRERA-15-CALE-5;CHOQUE;VEHICULO;1;1;0;38.987.145;-763.029.713;POINT (-76.3029713 3.8987145)
19;2019 Sep 19 12:00:00 AM;URBANA;CARRERA-8--CALLE-19;CHOQUE;VEHICULO;0;0;0;39.081.713;-762.924.012;POINT (-76.2924012 3.9081713)
19;2019 Sep 20 12:00:00 AM;URBANA;CALLE-22--CARRERA-12;CHOQUE;VEHICULO;1;1;0;39.118.547;-76.294.965;POINT (-76.294965 3.9118547)
19;2019 Sep 21 12:00:00 AM;URBANA;CALLE-4-SUR--CARRERA-4-SUR;CHOQUE;VEHICULO;0;1;0;38.897.281;-762.919.932;POINT (-76.2919932 3.8897281)
19;2019 Sep 21 12:00:00 AM;URBANA;CALLE-4--CARRERA-23;CHOQUE;VEHICULO;0;1;0;38.997.402;-763.107.125;POINT (-76.3107125 3.8997402)
19;2019 Sep 22 12:00:00 AM;URBANA;KILOMETRO-1-VIA-LA-HABANA;CHOQUE;VEHICULO;0;0;0;38.946.048;-763.055.772;POINT (-76.3055772 3.8946048)
19;2019 Sep 22 12:00:00 AM;URBANA;CALLE-8-CARRERA-7;CHOQUE;VEHICULO;1;1;0;38.987.321;-762.950.352;POINT (-76.2950352 3.8987321)
19;2019 Sep 24 12:00:00 AM;URBANA;CARRERA-17--CALLE-5-SUR;CHOQUE;VEHICULO;0;1;0;38.911.599;-762.942.507;POINT (-76.2942507 3.8911599)
19;2019 Oct 25 12:00:00 AM;URBANA;CALLE-5--CARRERA-11;CHOQUE;VEHICULO;0;1;0;38.975.104;-762.994.621;POINT (-76.2994621 3.8975104)
19;2019 Sep 27 12:00:00 AM;URBANA;CARRERA-12-FRENTE-AL-LICEO-DE-LOS-ANDES;CHOQUE;VEHICULO;0;0;0;38.799.187;-762.982.422;POINT (-76.2982422 3.8799187)
19;2019 Sep 27 12:00:00 AM;URBANA;CARRERA-8---CALLE-12;CHOQUE;VEHICULO;1;1;0;39.023.046;-762.946.825;POINT (-76.2946825 3.9023046)
19;2019 Sep 27 12:00:00 AM;URBANA;CALLE-1-SUR--CALLE-21;CHOQUE;VEHICULO;0;1;0;38.997.747;-76.291.355;POINT (-76.291355 3.8997747)
19;2019 Sep 30 12:00:00 AM;URBANA;CALLE-3-SUR-CARRERA-16;ATROPELLO;NA;0;1;0;38.916.847;-76.306.543;POINT (-76.306543 3.8916847)
19;2019 Oct 02 12:00:00 AM;URBANA;CARRERA-8--CALLE-12;CHOQUE;VEHICULO;0;1;0;39.023.046;-762.946.825;POINT (-76.2946825 3.9023046)
19;2019 Oct 02 12:00:00 AM;URBANA;CARRERA-6--CALLE-8;CHOQUE;VEHICULO;0;1;0;38.984.747;-762.943.962;POINT (-76.2943962 3.8984747)
19;2019 Oct 03 12:00:00 AM;URBANA;CARRERA-10--CALLE-4;CHOQUE;VEHICULO;0;0;0;38.964.988;-762.988.076;POINT (-76.2988076 3.8964988)
19;2019 Oct 03 12:00:00 AM;URBANA;CALLE-9--CARRERA-7;CHOQUE;VEHICULO;1;1;0;38.995.964;-762.945.655;POINT (-76.2945655 3.8995964)
19;2019 Oct 05 12:00:00 AM;URBANA;PARQUEADERO-SUP.CAÑAVERAL;CHOQUE;VEHICULO;0;1;0;39.007.399;-763.012.022;POINT (-76.3012022 3.9007399)
19;2019 Oct 05 12:00:00 AM;URBANA;CARRERA-14--CALLE-19;CHOQUE;VEHICULO;0;1;0;39.102;-762.971.673;POINT (-76.2971673 3.9102)
19;2019 Oct 06 12:00:00 AM;URBANA;CARRERA-9--CALLE-10;CHOQUE;VEHICULO;0;0;0;39.010.848;-762.962.038;POINT (-76.2962038 3.9010848)
19;2019 Oct 06 12:00:00 AM;URBANA;CALLE-5-CARRERA-1E;CHOQUE;VEHICULO;1;1;0;39.002.633;-762.884.592;POINT (-76.2884592 3.9002633)
19;2019 Oct 07 12:00:00 AM;NACIONAL;KILOMETRO-8-VIA-BUGA-MEDIACA0A;CHOQUE;VEHICULO;0;1;0;3.892.217;-76.330.657;POINT (-76.330657 3.892217)
19;2019 Oct 07 12:00:00 AM;URBANA;CARRERA-1--CALLE-10;CHOQUE;VEHICULO;0;0;0;38.984.833;-76.290.097;POINT (-76.290097 3.8984833)
19;2019 Oct 08 12:00:00 AM;URBANA;CARRERA-15--CALLE-5;CHOQUE;VEHICULO;0;0;0;38.987.145;-763.029.713;POINT (-76.3029713 3.8987145)
19;2019 Oct 10 12:00:00 AM;URBANA;CARRERA-12-SUR-VIA-BUGA-GUACARI;VOLCAMIENTO;NA;1;1;1;3.866.368;-76.294.611;POINT (-76.294611 3.866368)
19;2019 Oct 11 12:00:00 AM;URBANA;CARRERA-8-CALLE-11;CHOQUE;VEHICULO;0;0;0;39.015.075;-762.950.286;POINT (-76.2950286 3.9015075)
19;2019 Oct 13 12:00:00 AM;URBANA;VIA-BUGA-LA-MGDALENA;CHOQUE;VEHICULO;1;0;0;38.834.698;-762.942.195;POINT (-76.2942195 3.8834698)
19;2019 Oct 13 12:00:00 AM;URBANA;CARRERA-15-CALLE-1;CHOQUE;VEHICULO;1;1;0;38.951.682;-763.041.431;POINT (-76.3041431 3.8951682)
19;2019 Oct 13 12:00:00 AM;URBANA;CARRERA-12-SUR-VIA-BUGA-QUEBRADA-SECA;CHOQUE;VEHICULO;0;1;0;3.873.678;-76.297.101;POINT (-76.297101 3.873678)
19;2019 Oct 14 12:00:00 AM;URBANA;CARRERA-12--CALLE-2;CAIDA-ACOMPAÑANTE;NA;0;0;0;38.953.229;-763.012.119;POINT (-76.3012119 3.8953229)
19;2019 Oct 14 12:00:00 AM;URBANA;CALLE-3--CARRERA-17;CHOQUE;VEHICULO;1;0;0;38.974.054;-763.054.108;POINT (-76.3054108 3.8974054)
19;2019 Oct 14 12:00:00 AM;URBANA;CALLE-5--CARRERA-16;CHOQUE;VEHICULO;1;1;0;38.990.286;-763.038.275;POINT (-76.3038275 3.8990286)
19;2019 Oct 18 12:00:00 AM;URBANA;CARRERA-18-CALLE-11;CHOQUE;VEHICULO;0;0;0;39.049.962;-763.036.329;POINT (-76.3036329 3.9049962)
19;2019 Oct 19 12:00:00 AM;URBANA;CALLE-4--CARRERA-23;CHOQUE;VEHICULO;1;1;0;38.997.402;-763.107.125;POINT (-76.3107125 3.8997402)
19;2019 Oct 19 12:00:00 AM;URBANA;CALLE-12--CARRERA-13;CHOQUE;VEHICULO;0;1;0;39.040.381;-762.990.731;POINT (-76.2990731 3.9040381)
19;2019 Oct 20 12:00:00 AM;URBANA;CARRERA-9-CALLE-19;CHOQUE;VEHICULO;0;0;0;39.085.076;-762.930.793;POINT (-76.2930793 3.9085076)
19;2019 Oct 20 12:00:00 AM;URBANA;CALLE-30-CARRERA-9;CHOQUE;VEHICULO;1;1;0;39.193.594;-762.884.592;POINT (-76.2884592 3.9193594)
19;2019 Oct 22 12:00:00 AM;URBANA;CARRERA-8-CALLE-31C;CHOQUE;ARBOL;0;1;0;39.177.914;-762.875.603;POINT (-76.2875603 3.9177914)
19;2019 Oct 22 12:00:00 AM;URBANA;CARRERA-11--CALLE-5;CHOQUE;VEHICULO;0;1;0;38.975.104;-762.994.621;POINT (-76.2994621 3.8975104)
19;2019 Oct 26 12:00:00 AM;URBANA;CALLE-20--CARRERA-15;CHOQUE;VEHICULO;0;0;0;39.116.131;-762.980.183;POINT (-76.2980183 3.9116131)
19;2019 Oct 29 12:00:00 AM;URBANA;CARRERA-9--CALLE-10;CHOQUE;VEHICULO;1;1;0;39.010.848;-762.962.038;POINT (-76.2962038 3.9010848)
19;2019 Nov 01 12:00:00 AM;URBANA;CALLE-4--CARRERA-6;CHOQUE;VEHICULO;0;0;0;39.010.151;-76.290.993;POINT (-76.290993 3.9010151)
19;2019 Nov 01 12:00:00 AM;URBANA;CARRERA-1-CALLE-13;CHOQUE;VEHICULO;1;0;0;38.956.901;-763.108.658;POINT (-76.3108658 3.8956901)
19;2019 Nov 04 12:00:00 AM;URBANA;CALLE-1-SUR--CARRERA-20;CHOQUE;VEHICULO;1;1;0;38.942.767;-763.087.879;POINT (-76.3087879 3.8942767)
19;2019 Nov 04 12:00:00 AM;URBANA;CALLE-2-SUR-CARRERA-5;CHOQUE;VEHICULO;0;1;0;38.908.005;-762.925.341;POINT (-76.2925341 3.8908005)
19;2019 Nov 09 12:00:00 AM;URBANA;CARRERA-18-CALLE-11;ATROPELLO;NA;0;0;0;39.049.962;-763.036.329;POINT (-76.3036329 3.9049962)
19;2019 Nov 10 12:00:00 AM;URBANA;CALLE-5--CARRERA-5;CHOQUE;VEHICULO;1;1;0;38.939.693;-762.894.452;POINT (-76.2894452 3.8939693)
19;2019 Nov 12 12:00:00 AM;URBANA;CALLE-8--CARRERA-13;CHOQUE;VEHICULO;0;0;0;39.007.222;-763.002.686;POINT (-76.3002686 3.9007222)
19;2019 Nov 12 12:00:00 AM;URBANA;CALLE-16--CARRERA-7;CHOQUE;VEHICULO;1;0;0;39.051.355;-7.629.193;POINT (-76.29193 3.9051355)
19;2019 Nov 13 12:00:00 AM;URBANA;CARRERA-8--CALLE-15;CHOQUE;VEHICULO;1;0;0;39.051.366;-762.935.797;POINT (-76.2935797 3.9051366)
19;2019 Nov 14 12:00:00 AM;URBANA;CARRERA-11--CALLE-13;CHOQUE;VEHICULO;1;0;0;39.041.709;-762.970.233;POINT (-76.2970233 3.9041709)
19;2019 Nov 15 12:00:00 AM;URBANA;CALLE-2-SUR-CARRERA-10;CHOQUE;VEHICULO;1;1;0;38.927.704;-76.299.729;POINT (-76.299729 3.8927704)
19;2019 Nov 16 12:00:00 AM;URBANA;CARRERA-13C-CALLE-6-SUR;CHOQUE;VEHICULO;0;1;0;38.913.388;-763.039.147;POINT (-76.3039147 3.8913388)
19;2019 Nov 17 12:00:00 AM;URBANA;CARRERA-9-CALLE-8;CHOQUE;VEHICULO;0;1;0;38.994.625;-762.968.451;POINT (-76.2968451 3.8994625)
19;2019 Nov 17 12:00:00 AM;URBANA;CALLE-23--CARRERA-14;CHOQUE;VEHICULO;0;0;0;39.132.665;-762.959.832;POINT (-76.2959832 3.9132665)
19;2019 Nov 20 12:00:00 AM;URBANA;CARRERA-14-CALLE-17;CHOQUE;VEHICULO;1;1;0;39.087.222;-76.297.844;POINT (-76.297844 3.9087222)
19;2019 Nov 20 12:00:00 AM;URBANA;CARRERA-1-SUR-CALLE-1-SUR;CHOQUE;VEHICULO;0;0;0;38.997.747;-76.291.355;POINT (-76.291355 3.8997747)
19;2019 Nov 21 12:00:00 AM;URBANA;CARRERA-15--CALLE-30;CHOQUE;VEHICULO;1;0;0;39.184.591;-762.953.586;POINT (-76.2953586 3.9184591)
19;2019 Nov 24 12:00:00 AM;URBANA;CALLE-8--CARRERA-9;CHOQUE;VEHICULO;1;1;0;38.994.625;-762.968.451;POINT (-76.2968451 3.8994625)
19;2019 Nov 25 12:00:00 AM;URBANA;CALLE-4--CARRERA-19;CHOQUE;VEHICULO;0;1;0;38.986.127;-763.069.452;POINT (-76.3069452 3.8986127)
19;2019 Nov 29 12:00:00 AM;URBANA;CARRERA-14--CALLE-10;CHOQUE;VEHICULO;0;1;0;39.027.977;-763.005.583;POINT (-76.3005583 3.9027977)
19;2019 Nov 29 12:00:00 AM;URBANA;CALLE-1--CARRERA-16;CHOQUE;VEHICULO;0;1;0;38.954.828;-763.050.485;POINT (-76.3050485 3.8954828)
19;2019 Nov 30 12:00:00 AM;URBANA;CALLE-5-N-CARRERA-6;CHOQUE;VEHICULO;0;1;0;39.002.633;-762.884.592;POINT (-76.2884592 3.9002633)
19;2019 Nov 30 12:00:00 AM;URBANA;CALLE-7-CARRERA-7;CHOQUE;VEHICULO;0;1;0;38.980.403;-762.953.901;POINT (-76.2953901 3.8980403)
19;2019 Dec 05 12:00:00 AM;RURAL;VIA-EL-VINCULO-CALLEJON-LA-TIENDA-BUGA;CHOQUE;VEHICULO;0;1;0;3.818.773;-76.306.361;POINT (-76.306361 3.818773)
19;2019 Dec 05 12:00:00 AM;URBANA;CALLE-13-A--CARRERA-7;CHOQUE;VEHICULO;0;1;0;39.031.239;-76.292.803;POINT (-76.292803 3.9031239)
19;2019 Dec 05 12:00:00 AM;RURAL;SALIDA-SURBUGA,CALI-ROTONDA-BRISAS-DEL-VALLE;CHOQUE;VEHICULO;0;1;0;39.023.308;-762.986.421;POINT (-76.2986421 3.9023308)
19;2019 Dec 06 12:00:00 AM;URBANA;CARRERA-9--CALLE-11;CHOQUE;VEHICULO;0;0;0;39.018.604;-762.958.616;POINT (-76.2958616 3.9018604)
19;2019 Dec 07 12:00:00 AM;URBANA;CALLE-21--CARRERA-14;CHOQUE;VEHICULO;1;0;0;39.119.521;-762.964.982;POINT (-76.2964982 3.9119521)
19;2019 Dec 10 12:00:00 AM;URBANA;CARRERA-11-CALLE-14SUR;CHOQUE;VEHICULO;1;1;0;38.868.284;-762.974.206;POINT (-76.2974206 3.8868284)
19;2019 Dec 13 12:00:00 AM;URBANA;PARQUEADERO-EN-PEREGRI0;CHOQUE;VEHICULO;0;0;0;389.705;-7.630.129;POINT (-76.30129 3.89705)
19;2019 Dec 13 12:00:00 AM;URBANA;CARRERA-8--CALLE-7;CHOQUE;VEHICULO;1;1;0;38.983.424;-762.962.898;POINT (-76.2962898 3.8983424)
19;2019 Dec 14 12:00:00 AM;URBANA;CALLE-13-CARRERA-8E;CHOQUE;VEHICULO;0;0;0;38.998.153;-76.285.941;POINT (-76.285941 3.8998153)
19;2019 Dec 14 12:00:00 AM;URBANA;CARRERA-7--CALLE-11;CHOQUE;VEHICULO;1;1;0;39.010.395;-762.938.194;POINT (-76.2938194 3.9010395)
19;2019 Dec 15 12:00:00 AM;URBANA;CALLE-4BIS-CARRERA-13A;CHOQUE;VEHICULO;0;1;0;3.920.665;-762.929.838;POINT (-76.2929838 3.920665)
19;2019 Dec 17 12:00:00 AM;URBANA;CARRERA-9--CALLE-13;CHOQUE;VEHICULO;0;0;0;39.033.865;-762.951.935;POINT (-76.2951935 3.9033865)
19;2019 Dec 17 12:00:00 AM;URBANA;CARRERA-18--CALLES-15;CHOQUE;VEHICULO;1;1;0;39.085.545;-763.023.628;POINT (-76.3023628 3.9085545)
19;2019 Dec 18 12:00:00 AM;URBANA;CALLE-9--CARRERA-16;CHOQUE;VEHICULO;0;1;0;3.902.545;-763.025.965;POINT (-76.3025965 3.902545)
19;2019 Dec 20 12:00:00 AM;URBANA;CARRERA-15--CALLE-10;CHOQUE;VEHICULO;0;1;0;39.031.526;-763.014.235;POINT (-76.3014235 3.9031526)
19;2019 Dec 21 12:00:00 AM;URBANA;CALLE-8--CARRERA-4E;CHOQUE;VEHICULO;0;1;0;38.965.427;-762.895.419;POINT (-76.2895419 3.8965427)
19;2019 Dec 21 12:00:00 AM;URBANA;CARRERA-14--CALLE-16;CHOQUE;VEHICULO;0;1;0;39.078.931;-762.982.902;POINT (-76.2982902 3.9078931)
19;2019 Dec 22 12:00:00 AM;URBANA;CALLE-9--CARRERA-1;CHOQUE;VEHICULO;0;0;0;38.980.502;-762.902.521;POINT (-76.2902521 3.8980502)
19;2019 Dec 22 12:00:00 AM;URBANA;CARRERA-15-CALLE-19;CHOQUE;VEHICULO;1;0;0;39.108.105;-762.983.393;POINT (-76.2983393 3.9108105)
19;2019 Dec 23 12:00:00 AM;URBANA;CARRERA-14--CALLES-6;CHOQUE;VEHICULO;1;1;0;38.993.007;-763.017.725;POINT (-76.3017725 3.8993007)
19;2019 Dec 23 12:00:00 AM;URBANA;CALLE-17--CARRERAS-15;CHOQUE;VEHICULO;0;1;0;39.092.135;-76.299;POINT (-76.299 3.9092135)
19;2019 Dec 23 12:00:00 AM;URBANA;CALLE-11--CARRERA-15;CHOQUE;VEHICULO;0;0;0;39.039.873;-76.301.113;POINT (-76.301113 3.9039873)
19;2019 Dec 25 12:00:00 AM;URBANA;CALLE-21--CARRERA-12;ATROPELLO;PERSONA;1;0;0;39.113.738;-762.951.525;POINT (-76.2951525 3.9113738)
19;2019 Dec 25 12:00:00 AM;URBANA;TERMINAL-DE-TRANSPORTES;CHOQUE;VEHICULO;1;1;0;3.899.747;-763.107.963;POINT (-76.3107963 3.899747)
19;2019 Dec 29 12:00:00 AM;URBANA;CALLE-6--CARRRERA-1;CHOQUE;VEHICULO;0;1;0;38.954.051;-762.909.992;POINT (-76.2909992 3.8954051)
19;2019 Dec 30 12:00:00 AM;URBANA;CARRERA-11-CALLE-5;CHOQUE;VEHICULO;0;0;0;38.975.104;-762.994.621;POINT (-76.2994621 3.8975104)
19;2019 Dec 30 12:00:00 AM;URBANA;CARRERA-9--CALLE-2SUR;CHOQUE;VEHICULO;1;1;0;38.927.426;-762.987.469;POINT (-76.2987469 3.8927426)
19;2019 Dec 31 12:00:00 AM;URBANA;CARRERA-12-CALLE-2SUR;CHOQUE;VEHICULO;0;0;0;3.892.779;-763.017.798;POINT (-76.3017798 3.892779)
19;2019 Dec 31 12:00:00 AM;URBANA;CARRERA-13--CALLE-13;CHOQUE;VEHICULO;0;0;0;39.049.248;-762.987.056;POINT (-76.2987056 3.9049248)
20;2020 Jan 01 12:00:00 AM;URBANA;CALLE-1-SUR-CARRERA-19;CHOQUE;VEHICULO;1;0;0;3.894.518;-763.083.423;POINT (-76.3083423 3.894518)
20;2020 Jan 01 12:00:00 AM;URBANA;CARRERA-8-CALLE-16;CHOQUE;VEHICULO;0;1;0;39.057.366;-762.933.822;POINT (-76.2933822 3.9057366)
20;2020 Jan 01 12:00:00 AM;RURAL;VIA-BUGA-LA-MAGDALENA;CHOQUE;VEHICULO;0;1;0;3.890.307;-76.224.658;POINT (-76.224658 3.890307)
20;2020 Jan 01 12:00:00 AM;URBANA;CALLE-17-CARRERA-11;CHOQUE;VEHICULO;1;0;0;39.077.377;-762.955.147;POINT (-76.2955147 3.9077377)
20;2020 Jan 02 12:00:00 AM;URBANA;CARRERA-16-CALLE-2;CHOQUE;VEHICULO;0;1;0;38.963.351;-763.047.764;POINT (-76.3047764 3.8963351)
20;2020 Jan 03 12:00:00 AM;URBANA;CARRERA-15-CALLE-15;ATROPELLO;VEHICULO;0;1;0;39.074.587;-762.997.375;POINT (-76.2997375 3.9074587)
20;2020 Jan 04 12:00:00 AM;URBANA;CALLE-9-CARRERA-17;CHOQUE;VEHICULO;0;1;0;39.028.711;-763.034.522;POINT (-76.3034522 3.9028711)
20;2020 Jan 06 12:00:00 AM;URBANA;CARRERA-23-CALLE-3;VOLCAMIENTO;VEHICULO;0;1;0;38.990.164;-763.107.562;POINT (-76.3107562 3.8990164)
20;2020 Jan 06 12:00:00 AM;URBANA;CARRERA-16-CALLE-7;CHOQUE;VEHICULO;1;0;0;39.007.948;-763.032.103;POINT (-76.3032103 3.9007948)
20;2020 Jan 06 12:00:00 AM;URBANA;CALLE-6-CARRERA-9;CHOQUE;VEHICULO;1;0;0;38.977.771;-762.974.962;POINT (-76.2974962 3.8977771)
20;2020 Jan 07 12:00:00 AM;URBANA;CALLE-16-CARRERA-18B;ATROPELLO;VEHICULO;0;1;0;39.187.464;-762.978.476;POINT (-76.2978476 3.9187464)
20;2020 Jan 07 12:00:00 AM;URBANA;CALLE-16-CARRERA-18;CHOQUE;VEHICULO;1;0;0;3.916.878;-762.971.463;POINT (-76.2971463 3.916878)
20;2020 Jan 07 12:00:00 AM;URBANA;CARRERA-11-CALLE-15;CHOQUE;VEHICULO;0;1;0;39.061.648;-762.962.973;POINT (-76.2962973 3.9061648)
20;2020 Jan 08 12:00:00 AM;URBANA;CARRERA-19-CALLE-4;CHOQUE;VEHICULO;1;0;0;38.986.127;-763.069.452;POINT (-76.3069452 3.8986127)
20;2020 Jan 08 12:00:00 AM;RURAL;CALLEJON-LA-CAMPIÑA;CHOQUE;VEHICULO;1;0;0;39.594.521;-762.993.801;POINT (-76.2993801 3.9594521)
20;2020 Jan 11 12:00:00 AM;URBANA;CARRERA-1-CALLE-10;CHOQUE;VEHICULO;1;0;0;38.984.833;-76.290.097;POINT (-76.290097 3.8984833)
20;2020 Jan 13 12:00:00 AM;URBANA;CALLE-9-SUR-CARRERA-7;CHOQUE;VEHICULO;0;1;0;38.886.698;-762.948.802;POINT (-76.2948802 3.8886698)
20;2020 Jan 14 12:00:00 AM;URBANA;CALLE-10-CARRERA-10;CHOQUE;VEHICULO;0;1;0;39.014.699;-762.971.291;POINT (-76.2971291 3.9014699)
20;2020 Jan 15 12:00:00 AM;URBANA;CARRERA-14-CALLE-6;CHOQUE;VEHICULO;0;1;0;38.993.007;-763.017.725;POINT (-76.3017725 3.8993007)
20;2020 Jan 15 12:00:00 AM;URBANA;CARRERA-9-CALLE-3;CHOQUE;VEHICULO;0;1;0;38.957.097;-762.982.019;POINT (-76.2982019 3.8957097)
20;2020 Jan 16 12:00:00 AM;URBANA;CARRERA-18-CALLE-14;CHOQUE;VEHICULO;1;0;0;3.907.548;-763.026.847;POINT (-76.3026847 3.907548)
20;2020 Jan 18 12:00:00 AM;URBANA;CALLE-30-CARRERA-12;CHOQUE;VEHICULO;0;1;0;39.174.466;-762.928.356;POINT (-76.2928356 3.9174466)
20;2020 Jan 18 12:00:00 AM;URBANA;CARRERA-15-CALLE-18;ATROPELLO;NA;0;1;0;39.100.131;-762.986.576;POINT (-76.2986576 3.9100131)
20;2020 Jan 20 12:00:00 AM;URBANA;CALLE-4-CARRERA-23;CHOQUE;VEHICULO;1;0;0;38.997.402;-763.107.125;POINT (-76.3107125 3.8997402)
20;2020 Jan 22 12:00:00 AM;URBANA;CALLE-32-CARRERA-15;CHOQUE;VEHICULO;0;1;0;39.209.085;-762.947.687;POINT (-76.2947687 3.9209085)
20;2020 Jan 24 12:00:00 AM;URBANA;CALLE-1-CARRERA-17;CHOQUE;VEHICULO;0;1;0;38.961.865;-763.058.182;POINT (-76.3058182 3.8961865)
20;2020 Jan 24 12:00:00 AM;URBANA;CALLE-6-CARRERA-7;CHOQUE;VEHICULO;1;0;0;38.971.668;-762.958.264;POINT (-76.2958264 3.8971668)
20;2020 Jan 24 12:00:00 AM;URBANA;CALLE-3-CARERA-9;CHOQUE;VEHICULO;1;0;0;38.957.097;-762.982.019;POINT (-76.2982019 3.8957097)
20;2020 Jan 25 12:00:00 AM;URBANA;CALLE-13-CARRERA-25;ATROPELLO;NA;0;1;0;39.100.807;-763.072.753;POINT (-76.3072753 3.9100807)
20;2020 Jan 25 12:00:00 AM;URBANA;CALLE-4-CARRERA--23-Y-24;CHOQUE;MURO;1;0;0;38.997.402;-763.107.125;POINT (-76.3107125 3.8997402)
20;2020 Jan 26 12:00:00 AM;URBANA;CARRERA-16--CALLE-1-SUR;CHOQUE;VEH-EST;0;1;0;389.452;-7.630.599;POINT (-76.30599 3.89452)
20;2020 Jan 28 12:00:00 AM;URBANA;PARQUEADERO-BIZERTA;CHOQUE;VEHICULO;1;0;0;389.075;-763.211.498;POINT (-76.3211498 3.89075)
20;2020 Jan 28 12:00:00 AM;URBANA;CALLE-21-CARRRERA-15;CHOQUE;VEHICULO;0;1;0;39.123.736;-762.977.088;POINT (-76.2977088 3.9123736)
20;2020 Feb 06 12:00:00 AM;URBANA;CALLE-10-CARRERA-6;CHOQUE;AUTOMOVIL;0;1;0;39.000.307;-76.293.721;POINT (-76.293721 3.9000307)
20;2020 Feb 08 12:00:00 AM;URBANA;CALLE-16-CARRERA-14;CHOQUE;AUTOMOVIL;1;0;0;39.078.931;-762.982.902;POINT (-76.2982902 3.9078931)
20;2020 Feb 15 12:00:00 AM;URBANA;CALLE-16-CARRERA-22;CHOQUE;AUTOMOVIL;0;1;0;39.113.704;-763.038.529;POINT (-76.3038529 3.9113704)
20;2020 Feb 02 12:00:00 AM;URBANA;CALLE-7-CARRERA-10;CHOQUE;AUTOMOVIL;1;0;0;38.989.651;-762.980.082;POINT (-76.2980082 3.8989651)
20;2020 Feb 04 12:00:00 AM;URBANA;CALLE-8-SUR-CARRERA-10;CHOQUE;AUTOMOVIL;0;1;0;3.899.754;-76.297.733;POINT (-76.297733 3.899754)
20;2020 Feb 08 12:00:00 AM;URBANA;CALLE-9--CARRERA-16;CHOQUE;AUTOMOVIL;0;1;0;3.902.545;-763.025.965;POINT (-76.3025965 3.902545)
20;2020 Feb 12 12:00:00 AM;URBANA;CARRERA-10-CALLE-2;CHOQUE;AUTOMOVIL;0;1;0;38.949.017;-762.991.862;POINT (-76.2991862 3.8949017)
20;2020 Feb 25 12:00:00 AM;URBANA;CARRERA-12-CALLE-7;CHOQUE;VEHICULO;1;0;0;38.995.851;-762.997.603;POINT (-76.2997603 3.8995851)
20;2020 Feb 10 12:00:00 AM;URBANA;CARRERA-16-CALLE-19;CHOQUE;AUTOMOVIL;0;1;0;39.113.137;-762.994.247;POINT (-76.2994247 3.9113137)
20;2020 Feb 07 12:00:00 AM;URBANA;CARRERA-18-CALLE-16;CHOQUE;AUTOMOVIL;0;1;0;3.916.878;-762.971.463;POINT (-76.2971463 3.916878)
20;2020 Feb 08 12:00:00 AM;URBANA;CARRERA-18-CALLE-16;ATROPELLO;NA;1;0;0;3.916.878;-762.971.463;POINT (-76.2971463 3.916878)
20;2020 Feb 23 12:00:00 AM;URBANA;CARRERA-18-CALLE-17;CHOQUE;AUTOMOVIL;0;1;0;39.102.668;-763.014.058;POINT (-76.3014058 3.9102668)
20;2020 Feb 28 12:00:00 AM;URBANA;CARRERA-2-CALLE-12;CHOQUE;VEHICULO;0;1;0;39.002.309;-762.896.814;POINT (-76.2896814 3.9002309)
20;2020 Feb 28 12:00:00 AM;URBANA;CARRERA-2-CALLE-1DN;CHOQUE;0-DISPONIBLE;1;0;0;39.024.803;-762.891.832;POINT (-76.2891832 3.9024803)
20;2020 Feb 23 12:00:00 AM;URBANA;CARRERA-5-CALLE-2;CHOQUE;AUTOMOVIL;1;0;0;389.383;-762.952.847;POINT (-76.2952847 3.89383)
20;2020 Feb 28 12:00:00 AM;URBANA;CARRERA-5-CALLE-8;CHOQUE;VEHICULO;0;1;0;38.961.252;-762.884.959;POINT (-76.2884959 3.8961252)
20;2020 Feb 17 12:00:00 AM;URBANA;CARRERA-8-CALLE-11;CHOQUE;AUTOMOVIL;1;0;0;39.015.075;-762.950.286;POINT (-76.2950286 3.9015075)
20;2020 Feb 26 12:00:00 AM;URBANA;CARRERA-8-CALLE-16;CHOQUE;VEHICULO;0;1;0;39.057.366;-762.933.822;POINT (-76.2933822 3.9057366)
20;2020 Feb 24 12:00:00 AM;URBANA;CARRERA-8-CALLE-7A;CHOQUE;AUTOMOVIL;1;0;0;39.233.261;-762.871.418;POINT (-76.2871418 3.9233261)
20;2020 Feb 28 12:00:00 AM;URBANA;CARRERA-9-CALLE-5;CHOQUE;VEHICULO;0;1;0;3.896.921;-762.978.143;POINT (-76.2978143 3.896921)
20;2020 Mar 01 12:00:00 AM;RURAL;CARRERA-1-CALLE-4-VIA-LA-HABANA;CHOQUE;VEHICULO;0;1;0;38.929.557;-762.917.032;POINT (-76.2917032 3.8929557)
20;2020 Mar 02 12:00:00 AM;URBANA;CALLE-19-CARRERA-10;CHOQUE;VEHICULO;1;0;0;39.091.119;-762.943.253;POINT (-76.2943253 3.9091119)
20;2020 Mar 03 12:00:00 AM;URBANA;CARRERA-12S;CHOQUE;VEHICULO;0;1;0;3.888.874;-76.301.515;POINT (-76.301515 3.888874)
20;2020 Mar 03 12:00:00 AM;URBANA;CALLE-1-SUR-CARRERA-20;CHOQUE;VEHICULO;1;0;0;38.942.767;-763.087.879;POINT (-76.3087879 3.8942767)
20;2020 Mar 03 12:00:00 AM;URBANA;CARRERA-11-CALLE-15;CHOQUE;VEHICULO;0;1;0;39.061.648;-762.962.973;POINT (-76.2962973 3.9061648)
20;2020 Mar 07 12:00:00 AM;URBANA;CALLE-4-CARRERA-24;CHOQUE;VEHICULO;0;1;0;38.969.303;-763.110.354;POINT (-76.3110354 3.8969303)
20;2020 Mar 07 12:00:00 AM;RURAL;CARRERA-12-SUR-BRISAS-DEL-VALLE;CHOQUE;VEHICULO;0;1;0;3.861.169;-76.295.833;POINT (-76.295833 3.861169)
20;2020 Mar 07 12:00:00 AM;URBANA;CARRERA-11-CALLE-31;CHOQUE;VEHICULO;1;0;0;39.181.819;-762.915.468;POINT (-76.2915468 3.9181819)
20;2020 Mar 08 12:00:00 AM;URBANA;CALLE-7S-CARRERA-17;CHOQUE;0-DISPONIBLE;1;0;0;3.888.836;-763.082.475;POINT (-76.3082475 3.888836)
20;2020 Mar 08 12:00:00 AM;URBANA;CALLE-6-CARRERA-12;CHOQUE;VEHICULO;0;1;0;38.987.171;-763.000.321;POINT (-76.3000321 3.8987171)
20;2020 Mar 08 12:00:00 AM;URBANA;CARRERA-16-CALLE-27;CHOQUE;VEHICULO;0;1;0;39.166.621;-762.974.734;POINT (-76.2974734 3.9166621)
20;2020 Mar 09 12:00:00 AM;URBANA;CALLE-10-CARRERA-11;CHOQUE;VEHICULO;0;1;0;39.018.399;-762.979.513;POINT (-76.2979513 3.9018399)
20;2020 Mar 09 12:00:00 AM;URBANA;CALLE-1S-CARRERA-20;VOLCAMIENTO;NA;1;0;0;38.942.767;-763.087.879;POINT (-76.3087879 3.8942767)
20;2020 Mar 11 12:00:00 AM;URBANA;CALLE-13-CARRERA-13;CHOQUE;VEHICULO;0;1;0;39.049.248;-762.987.056;POINT (-76.2987056 3.9049248)
20;2020 Mar 11 12:00:00 AM;URBANA;CARRERA-12-CALLE-8;CHOQUE;VEHICULO;0;1;0;39.004.828;-762.994.639;POINT (-76.2994639 3.9004828)
20;2020 Mar 11 12:00:00 AM;URBANA;CARRERA-11-CALLE-9;CHOQUE;VEHICULO;0;1;0;3.901;-762.982.436;POINT (-76.2982436 3.901)
20;2020 Mar 12 12:00:00 AM;URBANA;CARRERA-19-CALLE-5;CHOQUE;VEHICULO;0;1;0;39.000.033;-763.064.702;POINT (-76.3064702 3.9000033)
20;2020 Mar 13 12:00:00 AM;URBANA;CARRERA-15-CALLE-15;CHOQUE;VEHICULO;0;1;0;39.074.587;-762.997.375;POINT (-76.2997375 3.9074587)
20;2020 Mar 13 12:00:00 AM;URBANA;CARRERA-9-CALLE-10;CHOQUE;VEHICULO;0;1;0;39.010.848;-762.962.038;POINT (-76.2962038 3.9010848)
20;2020 Mar 14 12:00:00 AM;URBANA;CARRERA-17-CALLE-10;CHOQUE;VEHICULO;1;0;0;39.037.885;-763.031.194;POINT (-76.3031194 3.9037885)
20;2020 Mar 15 12:00:00 AM;URBANA;CALLE-1-CARRERA-10A;VOLCAMIENTO;NA;0;1;0;38.947.008;-762.997.618;POINT (-76.2997618 3.8947008)
20;2020 Mar 20 12:00:00 AM;URBANA;CALLE-4-CARRERA-5;CHOQUE;VEHICULO;1;0;0;38.915.706;-76.292.232;POINT (-76.292232 3.8915706)
20;2020 Apr 01 12:00:00 AM;URBANA;CARRERA-8-CALLE-10;CHOQUE;VEHICULO;0;1;0;39.007.107;-762.953.565;POINT (-76.2953565 3.9007107)
20;2020 Apr 03 12:00:00 AM;URBANA;CALLE-11-CARRERA-13;CHOQUE;VEHICULO;0;1;0;39.032.924;-762.993.459;POINT (-76.2993459 3.9032924)
20;2020 Apr 04 12:00:00 AM;URBANA;CARRERA-13-CALLE-8;CAIDA-OCUPANTE;NA;1;0;0;39.007.222;-763.002.686;POINT (-76.3002686 3.9007222)
20;2020 Apr 11 12:00:00 AM;URBANA;CALLE-4-CARRERA-22;OTRO;NA;1;0;0;38.995.501;-763.101.194;POINT (-76.3101194 3.8995501)
20;2020 Apr 11 12:00:00 AM;URBANA;CARRERA-8-CALLE-18;CHOQUE;VEHICULO;0;1;0;39.074.741;-76.292.709;POINT (-76.292709 3.9074741)
20;2020 Apr 20 12:00:00 AM;URBANA;CARRERA-9-CALLE-1;CHOQUE;VEHICULO;0;1;0;38.942.795;-762.985.091;POINT (-76.2985091 3.8942795)
20;2020 Apr 28 12:00:00 AM;URBANA;CALLE-8-CARRERA-16;ATROPELLO;NA;0;1;0;39.016.724;-763.029.113;POINT (-76.3029113 3.9016724)
20;2020 Apr 29 12:00:00 AM;URBANA;CALLE-8-CARRERA-9;CHOQUE;VEHICULO;0;1;0;38.994.625;-762.968.451;POINT (-76.2968451 3.8994625)
20;2020 May 03 12:00:00 AM;URBANA;CALLE-4B-SUR-CARRERA-15;CHOQUE;VEHICULO;0;1;0;3.890.378;-76.305.262;POINT (-76.305262 3.890378)
20;2020 May 03 12:00:00 AM;URBANA;CARRERA-14B-CALLE-22;CHOQUE;VEHICULO;0;1;0;39.125.914;-762.967.848;POINT (-76.2967848 3.9125914)
20;2020 May 05 12:00:00 AM;URBANA;CALLE-5-CARRERA13;CHOQUE;OBJETO-FIJO;1;0;0;3.898.103;-763.011.786;POINT (-76.3011786 3.898103)
20;2020 May 09 12:00:00 AM;URBANA;CARRERA-16-CALLE-18;CHOQUE;VEHICULO;1;0;0;39.104.613;-762.997.515;POINT (-76.2997515 3.9104613)
20;2020 May 11 12:00:00 AM;URBANA;CARRERA-9-CALLE-14;ATROPELLO;NA;0;1;0;39.045.556;-762.947.038;POINT (-76.2947038 3.9045556)
20;2020 May 18 12:00:00 AM;URBANA;CALLE-16-CARRERA-27;ATROPELLO;NA;0;1;0;39.131.437;-763.063.759;POINT (-76.3063759 3.9131437)
20;2020 May 18 12:00:00 AM;URBANA;CALLE-16-CARRERA-9;CHOQUE;VEHICULO;1;0;0;39.060.475;-76.294.093;POINT (-76.294093 3.9060475)
20;2020 May 19 12:00:00 AM;URBANA;CARRERA-9-CALLE-20;CHOQUE;VEHICULO;0;1;0;39.092.579;-762.927.598;POINT (-76.2927598 3.9092579)
20;2020 May 23 12:00:00 AM;URBANA;CARRERA-12-CALLE-22A;CHOQUE;VEHICULO;1;0;0;39.122.758;-762.947.925;POINT (-76.2947925 3.9122758)
20;2020 May 28 12:00:00 AM;URBANA;CARRERA-16-CALLE-26;CHOQUE;0-DISPONIBLE;0;0;0;39.267.803;-762.928.028;POINT (-76.2928028 3.9267803)
20;2020 May 26 12:00:00 AM;URBANA;CALLE-22-CARRERA-12;CHOQUE;VEHICULO;0;1;0;39.118.547;-76.294.965;POINT (-76.294965 3.9118547)
20;2020 May 30 12:00:00 AM;URBANA;CARRERA-1-CALLE-9;CHOQUE;VEHICULO;0;1;0;38.980.502;-762.902.521;POINT (-76.2902521 3.8980502)
20;2020 Jun 01 12:00:00 AM;URBANA;CALLE-7-FRENTE-9;CHOQUE;VEHICULO;0;1;0;39.018.036;-762.887.155;POINT (-76.2887155 3.9018036)
20;2020 Jun 04 12:00:00 AM;URBANA;CARRERA-18-CALLE-10;CHOQUE;VEHICULO;0;1;0;39.041.229;-763.039.482;POINT (-76.3039482 3.9041229)
20;2020 Jun 06 12:00:00 AM;URBANA;CALLE-8-CARRERA-6;CHOQUE;VEHICULO;1;0;0;38.984.747;-762.943.962;POINT (-76.2943962 3.8984747)
20;2020 Jun 07 12:00:00 AM;URBANA;CARRERA-1-CALLE-6;CHOQUE;VEHICULO;1;0;0;38.954.051;-762.909.992;POINT (-76.2909992 3.8954051)
20;2020 Jun 08 12:00:00 AM;URBANA;CARRERA-13-CALLE-31C;CHOQUE;VEHICULO;0;1;0;39.196.706;-762.930.866;POINT (-76.2930866 3.9196706)
20;2020 Jun 12 12:00:00 AM;URBANA;CALLE-5-CRA-17;CHOQUE;VEHICULO;0;1;0;3.899.331;-76.304.704;POINT (-76.304704 3.899331)
20;2020 Jun 13 12:00:00 AM;URBANA;CARRERA-13-CALLE-31C;CHOQUE;VEHICULO;0;1;0;39.196.706;-762.930.866;POINT (-76.2930866 3.9196706)
20;2020 Jun 14 12:00:00 AM;RURAL;VIA-BUGA-LA-HABANA;CHOQUE;VEHICULO;0;1;0;38.834.698;-762.942.195;POINT (-76.2942195 3.8834698)
20;2020 Jun 15 12:00:00 AM;RURAL;VIA--BUGA-LA-HABANA;CHOQUE;VEHICULO;1;0;0;38.834.698;-762.942.195;POINT (-76.2942195 3.8834698)
20;2020 Jun 24 12:00:00 AM;URBANA;CARRERA-4-9-SUR-06;CHOQUE;0-DISPONIBLE;1;0;0;38.989.112;-762.921.847;POINT (-76.2921847 3.8989112)
20;2020 Jun 30 12:00:00 AM;URBANA;CARRERA-15-CALLE-9;CHOQUE;VEHICULO;0;1;0;39.022.444;-763.017.469;POINT (-76.3017469 3.9022444)
20;2020 Jun 26 12:00:00 AM;URBANA;CALLE-2SUR-CARRERA--10;CHOQUE;VEHICULO;1;0;0;38.927.704;-76.299.729;POINT (-76.299729 3.8927704)
20;2020 Jun 26 12:00:00 AM;URBANA;CARRERA-8-CALLE-8;CHOQUE;VEHICULO;0;1;0;38.991.231;-762.960.027;POINT (-76.2960027 3.8991231)
20;2020 Jun 24 12:00:00 AM;URBANA;CARRERA-1-CALLE-10;CHOQUE;VEHICULO;0;1;0;38.984.833;-76.290.097;POINT (-76.290097 3.8984833)
20;2020 Jul 02 12:00:00 AM;URBANA;CARRERA-12-CALLE-1;CHOQUE;VEHICULO;0;1;0;38.945.967;-763.014.076;POINT (-76.3014076 3.8945967)
20;2020 Jul 03 12:00:00 AM;URBANA;CARRERA-14-CALLE-9;CHOQUE;VEHICULO;0;1;0;39.019.482;-763.008.736;POINT (-76.3008736 3.9019482)
20;2020 Jul 03 12:00:00 AM;URBANA;CALLE-11-CARRERA-10;CHOQUE;VEHICULO;0;1;0;39.022.757;-762.968.728;POINT (-76.2968728 3.9022757)
20;2020 Jul 05 12:00:00 AM;URBANA;CARRERA-9-CALLES-6;CHOQUE;0-DISPONIBLE;1;0;0;38.977.771;-762.974.962;POINT (-76.2974962 3.8977771)
20;2020 Jul 05 12:00:00 AM;URBANA;CARRERA-15-CALLE18;CHOQUE;0-DISPONIBLE;0;0;0;39.100.131;-762.986.576;POINT (-76.2986576 3.9100131)
20;2020 Jul 05 12:00:00 AM;URBANA;CARRERA-13-CALLE-13;CHOQUE;VEHICULO;0;1;0;39.049.248;-762.987.056;POINT (-76.2987056 3.9049248)
20;2020 Jul 08 12:00:00 AM;URBANA;CALLE-16-CARRERA-8;CHOQUE;0-DISPONIBLE;1;0;0;39.057.366;-762.933.822;POINT (-76.2933822 3.9057366)
20;2020 Jul 09 12:00:00 AM;URBANA;CARRERA-15-CALLE-5;CHOQUE;VEHICULO;0;1;0;38.987.145;-763.029.713;POINT (-76.3029713 3.8987145)
20;2020 Jul 09 12:00:00 AM;URBANA;CALLE-12-CARRERA-10;CHOQUE;VEHICULO;0;1;0;39.030.728;-762.965.907;POINT (-76.2965907 3.9030728)
20;2020 Jul 12 12:00:00 AM;URBANA;CALLE-4-CALLE-7;CHOQUE;VEHICULO;0;1;0;39.010.151;-76.290.993;POINT (-76.290993 3.9010151)
20;2020 Jul 13 12:00:00 AM;URBANA;CARRERA-16-CALLE-27;CHOQUE;VEHICULO;0;1;0;39.166.621;-762.974.734;POINT (-76.2974734 3.9166621)
20;2020 Jul 13 12:00:00 AM;URBANA;CALLE-9-CARRERA-12;CHOQUE;VEHICULO;0;1;0;39.013.208;-762.991.403;POINT (-76.2991403 3.9013208)
20;2020 Jul 14 12:00:00 AM;URBANA;CALLE-9-CARRERA-7;CHOQUE;VEHICULO;0;1;0;38.995.964;-762.945.655;POINT (-76.2945655 3.8995964)
20;2020 Jul 16 12:00:00 AM;URBANA;CARRERA-9-CALLE-14;CHOQUE;0-DISPONIBLE;1;0;0;39.045.556;-762.947.038;POINT (-76.2947038 3.9045556)
20;2020 Jul 16 12:00:00 AM;URBANA;CARRERA-9-CALLE-1;CHOQUE;VEHICULO;1;0;0;38.942.795;-762.985.091;POINT (-76.2985091 3.8942795)
20;2020 Jul 16 12:00:00 AM;URBANA;CARRERA-16-CALLE-41;CHOQUE;0-DISPONIBLE;1;0;0;39.267.803;-762.928.028;POINT (-76.2928028 3.9267803)
20;2020 Jul 21 12:00:00 AM;URBANA;CALLE-15-CARRERA-12;CHOQUE;VEHICULO;0;1;0;39.064.157;-762.970.652;POINT (-76.2970652 3.9064157)
20;2020 Jul 25 12:00:00 AM;RURAL;PARQUEADERO-BIZERTA;CHOQUE;0-DISPONIBLE;1;0;0;38.906.484;-763.211.498;POINT (-76.3211498 3.8906484)
20;2020 Jul 26 12:00:00 AM;URBANA;CALLE-13-CARRERA-12;CHOQUE;VEHICULO;0;1;0;39.044.578;-76.297.642;POINT (-76.297642 3.9044578)
20;2020 Jul 27 12:00:00 AM;URBANA;CALLE-1-CARRERA-14;CHOQUE;VEHICULO;1;0;0;38.949.465;-763.031.309;POINT (-76.3031309 3.8949465)
20;2020 Jul 28 12:00:00 AM;URBANA;CALLE-7-CARRERA-4;CHOQUE;VEHICULO;0;1;0;38.970.897;-762.929.844;POINT (-76.2929844 3.8970897)
20;2020 Jul 30 12:00:00 AM;URBANA;CALLE-9SUR-CARRERA-13B-SUR;CHOQUE;VEHICULO;0;1;0;38.869.066;-763.038.227;POINT (-76.3038227 3.8869066)
20;2020 Aug 01 12:00:00 AM;URBANA;CARRERA-7--CALLE-11;CHOQUE;VEHICULO;0;1;0;39.010.395;-762.938.194;POINT (-76.2938194 3.9010395)
20;2020 Aug 05 12:00:00 AM;URBANA;CALLE-2-CARRERA-16;CHOQUE;0-DISPONIBLE;1;0;0;38.963.351;-763.047.764;POINT (-76.3047764 3.8963351)
20;2020 Aug 06 12:00:00 AM;URBANA;CALLE-13-CARRERA-16;CHOQUE;VEHICULO;1;0;0;39.060.925;-763.012.732;POINT (-76.3012732 3.9060925)
20;2020 Aug 07 12:00:00 AM;RURAL;CARRERA-12SUR-SECTOR-QUEBRADA-SECA;ATROPELLO;NA;0;1;0;387.328;-76.297.042;POINT (-76.297042 3.87328)
20;2020 Aug 08 12:00:00 AM;URBANA;CARRERA-9-SUR-CALLE-14;CHOQUE;0-DISPONIBLE;1;0;0;388.696;-76.296.326;POINT (-76.296326 3.88696)
20;2020 Aug 09 12:00:00 AM;URBANA;CALLE-2-CARRERA-3;VOLCAMIENTO;NA;0;1;0;38.934.682;-762.935.497;POINT (-76.2935497 3.8934682)
20;2020 Aug 11 12:00:00 AM;URBANA;CALLE-22-CARRERA-14;CHOQUE;VEHICULO;0;1;0;391.241;-762.963.235;POINT (-76.2963235 3.91241)
20;2020 Aug 13 12:00:00 AM;URBANA;CARRERA-10-CALLE-5;CHOQUE;VEHICULO;0;1;0;38.971.881;-762.985.922;POINT (-76.2985922 3.8971881)
20;2020 Aug 14 12:00:00 AM;URBANA;CARRERA-8-CALLE-16;CHOQUE;VEHICULO;1;0;0;39.057.366;-762.933.822;POINT (-76.2933822 3.9057366)
21;2021 Jan 02 12:00:00 AM;URBANA;CARRERA-10-CALLE-17;CHOQUE;VEHICULO;1;0;0;39.075.234;-762.949.866;POINT (-76.2949866 3.9075234)
21;2021 Jan 09 12:00:00 AM;URBANA;CALLE-15-CARRERA-11;CHOQUE;VEHICULO;0;1;0;39.061.648;-762.962.973;POINT (-76.2962973 3.9061648)
21;2021 Jan 13 12:00:00 AM;URBANA;CARRERA-10-CALLE-15;CHOQUE;VEHICULO;0;1;0;39.059.164;-762.956.046;POINT (-76.2956046 3.9059164)
21;2021 Jan 15 12:00:00 AM;URBANA;CARRERA-15-CALLE-16;CHOQUE;VEHICULO;0;1;0;39.084.789;-762.993.152;POINT (-76.2993152 3.9084789)
21;2021 Jan 16 12:00:00 AM;URBANA;CARRERA-10-CALLE-13;CHOQUE;VEHICULO;0;1;0;39.038.503;-762.963.225;POINT (-76.2963225 3.9038503)
21;2021 Jan 16 12:00:00 AM;URBANA;CALLE-8-CARRERA-4;CHOQUE;VEHICULO;0;1;0;38.977.987;-762.926.902;POINT (-76.2926902 3.8977987)
21;2021 Jan 16 12:00:00 AM;URBANA;CALLE-20-CARRERA-8;CHOQUE;0-DISPONIBLE;1;0;0;39.089.487;-762.920.452;POINT (-76.2920452 3.9089487)
21;2021 Jan 17 12:00:00 AM;URBANA;CALLE-24-CARRERA-12;CHOQUE;VEHICULO;0;1;0;39.130.875;-76.294.467;POINT (-76.294467 3.9130875)
21;2021 Jan 18 12:00:00 AM;URBANA;CALLE-13-CARRERA-16;CHOQUE;VEHICULO;1;0;0;39.060.925;-763.012.732;POINT (-76.3012732 3.9060925)
21;2021 Jan 19 12:00:00 AM;URBANA;CARRERA-11-CALLE-8;CHOQUE;VEHICULO;1;0;0;39.001.156;-762.985.593;POINT (-76.2985593 3.9001156)
21;2021 Jan 21 12:00:00 AM;URBANA;CALLE-16-CARRERA-18;CHOQUE;VEHICULO;1;0;0;3.916.878;-762.971.463;POINT (-76.2971463 3.916878)
21;2021 Jan 22 12:00:00 AM;URBANA;CALLE-6-CARRERA-5;CHOQUE;VEHICULO;0;1;0;38.947.185;-762.891.418;POINT (-76.2891418 3.8947185)
21;2021 Jan 23 12:00:00 AM;URBANA;CARRERA-12-CALLE-30A;CHOQUE;0-DISPONIBLE;1;0;0;39.179.396;-762.926.597;POINT (-76.2926597 3.9179396)
21;2021 Jan 23 12:00:00 AM;URBANA;CALLE-8-CARRERA-17;CHOQUE;VEHICULO;1;0;0;39.020.067;-763.037.645;POINT (-76.3037645 3.9020067)
21;2021 Jan 24 12:00:00 AM;URBANA;CARRERA-12-CALLE-6;CHOQUE;VEHICULO;0;1;0;38.987.171;-763.000.321;POINT (-76.3000321 3.8987171)
21;2021 Jan 26 12:00:00 AM;URBANA;CARRERA-14-CALLE-8;CHOQUE;VEHICULO;1;0;0;39.010.521;-763.011.677;POINT (-76.3011677 3.9010521)
21;2021 Jan 27 12:00:00 AM;URBANA;CARRERA-10-CALLLE-23;CHOQUE;VEHICULO;0;1;0;39.120.858;-762.931.526;POINT (-76.2931526 3.9120858)
21;2021 Jan 28 12:00:00 AM;URBANA;CALLE-11-CARRERA-13;CHOQUE;0-DISPONIBLE;1;0;0;39.032.924;-762.993.459;POINT (-76.2993459 3.9032924)
21;2021 Jan 30 12:00:00 AM;URBANA;CARRERA-5-CALLE-16;CHOQUE;VEHICULO;0;1;0;39.047.419;-762.909.916;POINT (-76.2909916 3.9047419)
21;2021 Jan 30 12:00:00 AM;URBANA;CALLE-11-CARRERA-5;CHOQUE;VEHICULO;0;1;0;38.988.024;-762.887.873;POINT (-76.2887873 3.8988024)
21;2021 Feb 01 12:00:00 AM;URBANA;CARRERA-13-CALLE-20;CHOQUE;VEHICULO;0;0;0;39.108.365;-762.962.873;POINT (-76.2962873 3.9108365)
21;2021 Feb 04 12:00:00 AM;URBANA;CARRERA-12-CALLE-31C;CHOQUE;VEHICULO;0;0;0;39.204.256;-762.912.448;POINT (-76.2912448 3.9204256)
21;2021 Feb 06 12:00:00 AM;URBANA;CARRERA-16-CALLE-6;CHOQUE;VEHICULO;0;0;0;38.999.041;-763.035.328;POINT (-76.3035328 3.8999041)
21;2021 Feb 07 12:00:00 AM;URBANA;CARRERA-11-CALLE-4;CHOQUE;VEHICULO;0;0;0;38.968.123;-762.996.746;POINT (-76.2996746 3.8968123)
21;2021 Feb 09 12:00:00 AM;URBANA;CARRERA-12-SALIDA-SUR-MIRAVALLE;CHOQUE;VEHICULO;0;0;0;3.872.321;-76.296.947;POINT (-76.296947 3.872321)
21;2021 Feb 11 12:00:00 AM;URBANA;CARRERA-7-CALLE-12;CHOQUE;VEHICULO;0;1;0;39.017.839;-762.934.046;POINT (-76.2934046 3.9017839)
21;2021 Feb 13 12:00:00 AM;URBANA;CALLE-14-CARRERA-12;CHOQUE;VEHICULO;0;1;0;3.905.465;-76.297.368;POINT (-76.297368 3.905465)
21;2021 Feb 15 12:00:00 AM;URBANA;CALLE-11-CARRERA-13;CHOQUE;VEHICULO;0;1;0;39.032.924;-762.993.459;POINT (-76.2993459 3.9032924)
21;2021 Feb 16 12:00:00 AM;URBANA;CALLE-7-CARRERA-1;CHOQUE;VEHICULO;0;1;0;38.961.376;-762.907.721;POINT (-76.2907721 3.8961376)
21;2021 Feb 21 12:00:00 AM;URBANA;CARRERA-19-CALLE-8;CHOQUE;VEHICULO;1;0;0;39.027.043;-763.055.363;POINT (-76.3055363 3.9027043)
21;2021 Feb 26 12:00:00 AM;URBANA;CARRERA-12-CALLE-11;CHOQUE;0-DISPONIBLE;1;0;0;39.028.386;-762.983.082;POINT (-76.2983082 3.9028386)
21;2021 Feb 27 12:00:00 AM;URBANA;CALLE-6-CARRERA-11;CHOQUE;VEHICULO;1;0;0;38.983.928;-762.991.899;POINT (-76.2991899 3.8983928)
21;2021 Feb 28 12:00:00 AM;URBANA;CALLE-19-CARRERA-13;CHOQUE;VEHICULO;1;0;0;39.100.202;-762.966.009;POINT (-76.2966009 3.9100202)
21;2021 Feb 28 12:00:00 AM;URBANA;CALLE-4-CARRERA-3E;CHOQUE;VEHICULO;1;0;0;38.926.971;-762.911.421;POINT (-76.2911421 3.8926971)
21;2021 Mar 01 12:00:00 AM;URBANA;CARRERA-13-CALLE-5;CHOQUE;VEHICULO;0;1;0;3.898.103;-763.011.786;POINT (-76.3011786 3.898103)
21;2021 Mar 01 12:00:00 AM;URBANA;CARRERA-14-CALLE-12;ATROPELLO;NA;0;1;0;390.445;-763.000.322;POINT (-76.3000322 3.90445)
21;2021 Mar 02 12:00:00 AM;URBANA;CARRERA-8-CALLE-30;CHOQUE;VEHICULO;0;1;0;39.156.597;-762.885.572;POINT (-76.2885572 3.9156597)
21;2021 Mar 05 12:00:00 AM;URBANA;CARRERA-1-CALLE-6;CHOQUE;VEHICULO;1;0;0;38.954.051;-762.909.992;POINT (-76.2909992 3.8954051)
21;2021 Mar 07 12:00:00 AM;URBANA;CARRERA-9-CALLE-14;CHOQUE;VEHICULO;1;0;0;39.045.556;-762.947.038;POINT (-76.2947038 3.9045556)
21;2021 Mar 09 12:00:00 AM;URBANA;CARRERA-12-CALLE-4-SUR;CHOQUE;VEHICULO;0;1;0;38.916.954;-762.922.233;POINT (-76.2922233 3.8916954)
21;2021 Mar 02 12:00:00 AM;URBANA;CALLE-15-CARERRA-17;CHOQUE;VEHICULO;0;1;0;39.081.576;-763.014.794;POINT (-76.3014794 3.9081576)
21;2021 Mar 08 12:00:00 AM;URBANA;CALLE-31-CARRERA-14;CHOQUE;VEHICULO;0;0;0;39.191.066;-762.941.625;POINT (-76.2941625 3.9191066)
21;2021 Mar 08 12:00:00 AM;URBANA;CARRERA-9-CALLE-16;CHOQUE;VEHICULO;1;0;0;39.060.475;-76.294.093;POINT (-76.294093 3.9060475)
21;2021 Mar 08 12:00:00 AM;URBANA;CARRERA-16-CALLE-6SUR;CHOQUE;VEHICULO;1;0;0;38.895.664;-763.070.168;POINT (-76.3070168 3.8895664)
21;2021 Mar 10 12:00:00 AM;URBANA;CALLE-7-CARRERA-9;OTRO;NA;1;0;0;38.986.738;-762.971.495;POINT (-76.2971495 3.8986738)
21;2021 Mar 12 12:00:00 AM;URBANA;CALLE-6-CARRERA-9;CHOQUE;VEHICULO;0;1;0;38.977.771;-762.974.962;POINT (-76.2974962 3.8977771)
21;2021 Mar 14 12:00:00 AM;URBANA;CARRERA-4-CALLE-15;CHOQUE;VEHICULO;0;1;0;38.868.697;-762.928.123;POINT (-76.2928123 3.8868697)
21;2021 Mar 16 12:00:00 AM;URBANA;CARRERA-20-CALLE-2;CHOQUE;VEHICULO;1;0;0;38.997.508;-76.291.355;POINT (-76.291355 3.8997508)
21;2021 Mar 17 12:00:00 AM;URBANA;CARRERA-7-CALLE-13A;CHOQUE;VEHICULO;0;1;0;39.031.239;-76.292.803;POINT (-76.292803 3.9031239)
21;2021 Mar 17 12:00:00 AM;URBANA;CALLE-4-CARRERA-23;CHOQUE;VEHICULO;0;1;0;38.997.402;-763.107.125;POINT (-76.3107125 3.8997402)
21;2021 Mar 21 12:00:00 AM;URBANA;CARRERA-8-CALLE-13;CHOQUE;VEHICULO;0;1;0;39.030.346;-762.943.778;POINT (-76.2943778 3.9030346)
21;2021 Mar 21 12:00:00 AM;URBANA;CALLE-31B-CARRERA-15B;ATROPELLO;NA;0;1;0;39.201.079;-762.913.384;POINT (-76.2913384 3.9201079)
21;2021 Mar 26 12:00:00 AM;URBANA;CALLE-9-CARRERA-17;CHOQUE;VEHICULO;0;1;0;39.028.711;-763.034.522;POINT (-76.3034522 3.9028711)
21;2021 Mar 28 12:00:00 AM;URBANA;CARRERA-14-CALLE-9;CHOQUE;VEHICULO;1;0;0;39.019.482;-763.008.736;POINT (-76.3008736 3.9019482)
21;2021 Mar 30 12:00:00 AM;URBANA;CALLE-31-CARRERA-11;CHOQUE;VEHICULO;0;1;0;39.181.819;-762.915.468;POINT (-76.2915468 3.9181819)
21;2021 Mar 30 12:00:00 AM;URBANA;CALLE-4-CARRERA-3E;CHOQUE;VEHICULO;0;1;0;38.926.971;-762.911.421;POINT (-76.2911421 3.8926971)
21;2021 Mar 31 12:00:00 AM;URBANA;CARRERA-19-CALLE-4;CHOQUE;VEHICULO;1;0;0;38.986.127;-763.069.452;POINT (-76.3069452 3.8986127)
21;2021 Mar 31 12:00:00 AM;URBANA;CARRERA-1-CALLE-10;CHOQUE;VEHICULO;0;1;0;38.984.833;-76.290.097;POINT (-76.290097 3.8984833)
21;2021 Apr 04 12:00:00 AM;URBANA;CALLE-5-CARRERA-10;CHOQUE;VEHICULO;1;0;0;38.971.881;-762.985.922;POINT (-76.2985922 3.8971881)
21;2021 Apr 07 12:00:00 AM;URBANA;CARRERA-16-CALLE-28;CHOQUE;VEHICULO;0;1;0;39.174.143;-762.972.917;POINT (-76.2972917 3.9174143)
21;2021 Apr 10 12:00:00 AM;URBANA;CARRERA-9-CALLE-10-SUR;CHOQUE;VEHICULO;1;0;0;38.883.738;-762.968.452;POINT (-76.2968452 3.8883738)
21;2021 Apr 11 12:00:00 AM;URBANA;CALLE-4-CARRERAS-11;CHOQUE;VEHICULO;1;0;0;38.968.123;-762.996.746;POINT (-76.2996746 3.8968123)
21;2021 Apr 13 12:00:00 AM;URBANA;CALLE-1-CARRERA-13;CHOQUE;VEHICULO;0;1;0;38.947.493;-763.022.391;POINT (-76.3022391 3.8947493)
21;2021 Apr 15 12:00:00 AM;URBANA;CARRERA-18-CALLE-7;CHOQUE;0-DISPONIBLE;1;0;0;39.014.329;-763.049.961;POINT (-76.3049961 3.9014329)
21;2021 Apr 16 12:00:00 AM;URBANA;CARRERA-18-CALLE-11;CHOQUE;VEHICULO;0;1;0;39.049.962;-763.036.329;POINT (-76.3036329 3.9049962)
21;2021 Apr 16 12:00:00 AM;URBANA;CARRERA-3E-CALLE-4A;CHOQUE;VEHICULO;0;1;0;38.933.134;-762.906.111;POINT (-76.2906111 3.8933134)
21;2021 Apr 18 12:00:00 AM;NACIONAL;VIA-BUGA-0GALES-CRUCERO-DE-0GALES;CHOQUE;0-DISPONIBLE;0;1;0;39.377.089;-762.800.309;POINT (-76.2800309 3.9377089)
21;2021 Apr 20 12:00:00 AM;URBANA;CARRERA-11-CALLE-4;CHOQUE;VEHICULO;0;1;0;38.968.123;-762.996.746;POINT (-76.2996746 3.8968123)
21;2021 Apr 21 12:00:00 AM;URBANA;EMPRESA-FINCA;CHOQUE;VEHICULO;1;0;0;39.102.137;-763.025.889;POINT (-76.3025889 3.9102137)
21;2021 Apr 22 12:00:00 AM;URBANA;CARRERA-14-CALLE-25;CHOQUE;VEHICULO;0;1;0;39.139.919;-762.956.134;POINT (-76.2956134 3.9139919)
21;2021 Apr 23 12:00:00 AM;URBANA;CARRERA-9-CALLE-9;CHOQUE;VEHICULO;1;0;0;39.003.669;-762.965.099;POINT (-76.2965099 3.9003669)
21;2021 Apr 24 12:00:00 AM;URBANA;CARRERA-18-CALLE-17;CHOQUE;0-DISPONIBLE;1;0;0;39.102.668;-763.014.058;POINT (-76.3014058 3.9102668)
21;2021 Apr 25 12:00:00 AM;URBANA;CARRERA-9-CALLE22;CHOQUE;0-DISPONIBLE;0;1;0;39.108.465;-762.920.851;POINT (-76.2920851 3.9108465)
21;2021 Apr 26 12:00:00 AM;URBANA;CARRERA-18-CALLE-16;CHOQUE;VEHICULO;0;1;0;3.916.878;-762.971.463;POINT (-76.2971463 3.916878)
21;2021 Apr 29 12:00:00 AM;URBANA;CARRERA-1-CALLE-8;ATROPELLO;NA;0;1;0;38.969.606;-762.905.613;POINT (-76.2905613 3.8969606)
21;2021 Apr 30 12:00:00 AM;URBANA;CARRERA-15-CALLE-2SUR;CHOQUE;VEHICULO;1;0;0;389.148;-763.050.844;POINT (-76.3050844 3.89148)
21;2021 May 03 12:00:00 AM;URBANA;CARRERA-16-CALLE-31;CHOQUE;VEHICULO;0;1;0;39.198.889;-762.963.354;POINT (-76.2963354 3.9198889)
21;2021 May 03 12:00:00 AM;URBANA;CALLE-6-CARRERA-10;CHOQUE;VEHICULO;0;1;0;38.980.732;-762.983.286;POINT (-76.2983286 3.8980732)
21;2021 May 05 12:00:00 AM;URBANA;CARRERA-12-CALLE-1;CHOQUE;0-DISPONIBLE;1;0;0;38.945.967;-763.014.076;POINT (-76.3014076 3.8945967)
21;2021 May 09 12:00:00 AM;URBANA;CARRERA-15-CALLE-7;CHOQUE;VEHICULO;1;0;0;39.004.344;-763.023.347;POINT (-76.3023347 3.9004344)
21;2021 May 10 12:00:00 AM;URBANA;CALLE-1-CARRERA-16;CHOQUE;VEHICULO;1;0;0;38.954.828;-763.050.485;POINT (-76.3050485 3.8954828)
21;2021 May 11 12:00:00 AM;URBANA;CALLE-8-SUR-CARRERA-9SUR;CHOQUE;VEHICULO;1;0;0;38.885.354;-763.018.516;POINT (-76.3018516 3.8885354)
21;2021 May 17 12:00:00 AM;URBANA;CARRERA-9-CALLE-7;CHOQUE;VEHICULO;0;1;0;38.986.738;-762.971.495;POINT (-76.2971495 3.8986738)
21;2021 May 17 12:00:00 AM;URBANA;CALLE-22-CARRERA-15;CHOQUE;VEHICULO;0;1;0;39.128.772;-762.974.639;POINT (-76.2974639 3.9128772)
21;2021 May 19 12:00:00 AM;URBANA;CALLE-8-CARRERA-17;CHOQUE;VEHICULO;1;0;0;39.020.067;-763.037.645;POINT (-76.3037645 3.9020067)
21;2021 May 22 12:00:00 AM;URBANA;CALLE-3SUR-CARRERA-6;CHOQUE;VEHICULO;1;0;0;38.910.385;-762.939.755;POINT (-76.2939755 3.8910385)
21;2021 May 22 12:00:00 AM;URBANA;CALLE-3-CARRERA-15;CHOQUE;VEHICULO;1;0;0;3.896.879;-763.035.723;POINT (-76.3035723 3.896879)
21;2021 May 24 12:00:00 AM;URBANA;CALLE-5-CARRERA-13;CHOQUE;VEHICULO;0;1;0;3.898.103;-763.011.786;POINT (-76.3011786 3.898103)
21;2021 May 26 12:00:00 AM;URBANA;CARRERA-12-CALLE-20SUR;CHOQUE;VEHICULO;1;0;0;39.864.436;-7.623.379;POINT (-76.23379 3.9864436)
21;2021 Jun 01 12:00:00 AM;URBANA;CARRERA-9-CALLE-5SUR;CHOQUE;VEHICULO;0;1;0;38.908.694;-762.981.064;POINT (-76.2981064 3.8908694)
21;2021 Jun 06 12:00:00 AM;URBANA;CARRERA-6-CALLE-4SUR;CHOQUE;VEHICULO;1;0;0;38.906.407;-762.941.576;POINT (-76.2941576 3.8906407)
21;2021 Jun 06 12:00:00 AM;URBANA;CALLE-1-CARRERA-10A;VOLCAMIENTO;NA;0;1;0;38.947.008;-762.997.618;POINT (-76.2997618 3.8947008)
21;2021 Jun 07 12:00:00 AM;URBANA;CARRERA-13C-CALLE-3;ATROPELLO;NA;0;1;0;38.913.388;-763.039.147;POINT (-76.3039147 3.8913388)
21;2021 Jun 10 12:00:00 AM;URBANA;CALLE-6-CARRERA-12;CHOQUE;VEHICULO;1;0;0;38.987.171;-763.000.321;POINT (-76.3000321 3.8987171)
21;2021 Jun 11 12:00:00 AM;URBANA;CALLE-1-CARRERA-11;CHOQUE;VEHICULO;0;1;0;38.945.751;-763.001.957;POINT (-76.3001957 3.8945751)
21;2021 Jun 12 12:00:00 AM;URBANA;CARRERA-9-CALLE-8;CHOQUE;VEHICULO;0;1;0;38.994.625;-762.968.451;POINT (-76.2968451 3.8994625)
21;2021 Jun 12 12:00:00 AM;URBANA;CARRERA-9-CALLE-18;CHOQUE;VEHICULO;0;1;0;39.077.377;-762.933.869;POINT (-76.2933869 3.9077377)
21;2021 Jun 12 12:00:00 AM;URBANA;CALLE-10-CARRERA-3;CHOQUE;VEHICULO;0;1;0;38.989.985;-762.912.841;POINT (-76.2912841 3.8989985)
21;2021 Jun 15 12:00:00 AM;URBANA;CALLE-22-CARRERA-22;CHOQUE;VEHICULO;1;0;0;39.147.549;-76.291.174;POINT (-76.291174 3.9147549)
21;2021 Jun 16 12:00:00 AM;RURAL;VIA-BUGA-MEDIA-CA0A-ESTACION-BIZERTA;CHOQUE;VEHICULO;1;0;0;3.891.669;-76.318.644;POINT (-76.318644 3.891669)
21;2021 Jun 17 12:00:00 AM;URBANA;CALLE-1-CARRERAS-13;CHOQUE;VEHICULO;0;1;0;38.947.493;-763.022.391;POINT (-76.3022391 3.8947493)
21;2021 Jun 17 12:00:00 AM;URBANA;CARRERA-12-CALLE-21;CHOQUE;VEHICULO;0;1;0;39.113.738;-762.951.525;POINT (-76.2951525 3.9113738)
21;2021 Jun 18 12:00:00 AM;URBANA;CARRERA-9-CALLE-7;CHOQUE;VEHICULO;0;1;0;38.986.738;-762.971.495;POINT (-76.2971495 3.8986738)
21;2021 Jun 19 12:00:00 AM;URBANA;CARRERA-14-CALLE-17;CHOQUE;VEHICULO;1;0;0;39.087.222;-76.297.844;POINT (-76.297844 3.9087222)
21;2021 Jun 20 12:00:00 AM;URBANA;CALLE-21-CARRERA-12;CHOQUE;VEHICULO;0;1;0;39.113.738;-762.951.525;POINT (-76.2951525 3.9113738)
21;2021 Jun 21 12:00:00 AM;URBANA;CARRERA-15-CALLE-18;CHOQUE;VEHICULO;0;1;0;39.100.131;-762.986.576;POINT (-76.2986576 3.9100131)
21;2021 Jun 24 12:00:00 AM;URBANA;CALLE-8-CARRERAS-23;CHOQUE;VEHICULO;1;0;0;39.038.538;-762.885.992;POINT (-76.2885992 3.9038538)
21;2021 Jun 25 12:00:00 AM;URBANA;CARRERA-9-CALLE-5SUR;CHOQUE;VEHICULO;1;0;0;38.908.694;-762.981.064;POINT (-76.2981064 3.8908694)
21;2021 Jun 26 12:00:00 AM;URBANA;CARRERA-12-CALLE-20SUR;CHOQUE;VEHICULO;1;0;0;39.864.436;-7.623.379;POINT (-76.23379 3.9864436)
21;2021 Jun 27 12:00:00 AM;URBANA;CARRERA-10A-CALLE-1;CHOQUE;VEHICULO;1;0;0;38.947.008;-762.997.618;POINT (-76.2997618 3.8947008)
21;2021 Jun 29 12:00:00 AM;URBANA;ESTACION-DE-SERVICIO-TERPEL-LECHUGAS;CHOQUE;0-DISPONIBLE;1;0;0;3.926.374;-76.286.375;POINT (-76.286375 3.926374)
21;2021 Jun 30 12:00:00 AM;URBANA;CALLE-16-CARRERA-13;CHOQUE;VEHICULO;0;1;0;39.075.183;-762.975.853;POINT (-76.2975853 3.9075183)
21;2021 Jul 02 12:00:00 AM;URBANA;CALLE-4-CARRERA-2;CHOQUE;VEHICULO;1;0;0;38.933.896;-7.629.247;POINT (-76.29247 3.8933896)
21;2021 Jul 05 12:00:00 AM;RURAL;VIA-BUGA--LA-MAGDALENA-KM;CHOQUE;0-DISPONIBLE;0;0;0;3.890.301;-76.224.689;POINT (-76.224689 3.890301)
21;2021 Jul 06 12:00:00 AM;URBANA;CALLE-5-CARRERA-12;CHOQUE;VEHICULO;0;1;0;38.978.083;-763.003.458;POINT (-76.3003458 3.8978083)
21;2020 Jul 06 12:00:00 AM;URBANA;CALLE-16-CARRERA-13;CHOQUE;VEHICULO;0;1;0;39.075.183;-762.975.853;POINT (-76.2975853 3.9075183)
21;2021 Jul 06 12:00:00 AM;URBANA;CARRERA-11-CALLE-4;CHOQUE;VEHICULO;1;0;0;38.968.123;-762.996.746;POINT (-76.2996746 3.8968123)
21;2021 Jul 08 12:00:00 AM;URBANA;CARRERA-11-CALLE-2;CHOQUE;VEHICULO;1;0;0;3.895.049;-763.000.997;POINT (-76.3000997 3.895049)
21;2021 Jul 09 12:00:00 AM;URBANA;CARRERA-9-CALLE-4E;CHOQUE;0-DISPONIBLE;0;0;1;3.892.711;-762.882.782;POINT (-76.2882782 3.892711)
21;2021 Jul 11 12:00:00 AM;URBANA;CARRERA-11-CALLE-4;CHOQUE;VEHICULO;0;1;0;38.968.123;-762.996.746;POINT (-76.2996746 3.8968123)
21;2021 Jul 11 12:00:00 AM;URBANA;CALLE-6-CARRERA-6;CHOQUE;0-DISPONIBLE;1;0;0;38.922.969;-762.931.648;POINT (-76.2931648 3.8922969)
21;2021 Jul 13 12:00:00 AM;RURAL;VIA-BUGA-LA-MAGDALENA-KM-2,100;CHOQUE;VEHICULO;0;0;1;3.886.586;-76.214.168;POINT (-76.214168 3.886586)
21;2021 Jul 16 12:00:00 AM;URBANA;CALLE-12-CARRERA-11;CHOQUE;VEHICULO;1;0;0;39.033.414;-76.297.349;POINT (-76.297349 3.9033414)
21;2021 Jul 19 12:00:00 AM;URBANA;CALLE-9SUR-CARRERA--3;CHOQUE;SEMOVIENTE;0;1;0;38.891.979;-762.927.462;POINT (-76.2927462 3.8891979)
21;2021 Jul 20 12:00:00 AM;URBANA;CALLE-12SUR-CARRERA-9;CHOQUE;VEHICULO;1;0;0;38.879.655;-762.967.712;POINT (-76.2967712 3.8879655)
21;2021 Jul 21 12:00:00 AM;URBANA;CALLE-8SUR-CARRERA-12;CHOQUE;VEHICULO;1;0;0;38.885.354;-763.018.516;POINT (-76.3018516 3.8885354)
21;2021 Jul 23 12:00:00 AM;URBANA;CALLE-10-CARRERA-13;CHOQUE;VEHICULO;0;1;0;39.024.844;-762.996.531;POINT (-76.2996531 3.9024844)
21;2021 Jul 25 12:00:00 AM;RURAL;CARRERA-12-SECTOR-QUEBRADA-SECA;CHOQUE;VEHICULO;1;0;0;3.872.486;-76.296.902;POINT (-76.296902 3.872486)
21;2021 Jul 27 12:00:00 AM;URBANA;CARRERA-9-CALLE-17;CHOQUE;VEHICULO;0;1;0;39.075.268;-762.934.665;POINT (-76.2934665 3.9075268)
21;2021 Jul 31 12:00:00 AM;URBANA;CALLE-1-CARRERA-15;CHOQUE;VEHICULO;1;0;0;38.951.682;-763.041.431;POINT (-76.3041431 3.8951682)
21;2021 Jul 31 12:00:00 AM;URBANA;CALLE-11-CARRERA-6;CHOQUE;VEHICULO;0;1;0;39.008.092;-762.933.308;POINT (-76.2933308 3.9008092)
21;2021 Aug 01 12:00:00 AM;URBANA;CALLE-6-CARRERA-10;CHOQUE;0-DISPONIBLE;1;0;0;38.980.732;-762.983.286;POINT (-76.2983286 3.8980732)
21;2021 Aug 02 12:00:00 AM;URBANA;CARRERA-5-CALLE-8;CHOQUE;VEHICULO;0;1;0;38.961.252;-762.884.959;POINT (-76.2884959 3.8961252)
21;2021 Aug 03 12:00:00 AM;URBANA;CARRERA-19-CALLE-4;CHOQUE;VEHICULO;0;1;0;38.986.127;-763.069.452;POINT (-76.3069452 3.8986127)
21;2021 Aug 03 12:00:00 AM;URBANA;CALLE-15-CARRERA-5;CHOQUE;VEHICULO;0;1;0;38.915.706;-76.292.232;POINT (-76.292232 3.8915706)
21;2021 Aug 04 12:00:00 AM;URBANA;CALLE-24-CARRERA-13;CHOQUE;VEHICULO;0;1;0;39.134.123;-76.295.256;POINT (-76.295256 3.9134123)
21;2021 Aug 05 12:00:00 AM;URBANA;CARRERA-9-CALLE-1;CHOQUE;VEHICULO;1;0;0;38.942.795;-762.985.091;POINT (-76.2985091 3.8942795)
21;2021 Aug 06 12:00:00 AM;URBANA;CALLE-1-CARRERA-15;CHOQUE;VEHICULO;1;0;0;38.951.682;-763.041.431;POINT (-76.3041431 3.8951682)
21;2021 Aug 08 12:00:00 AM;URBANA;CALLE-8-CARRERA-9;CHOQUE;VEHICULO;0;1;0;38.994.625;-762.968.451;POINT (-76.2968451 3.8994625)
21;2021 Aug 08 12:00:00 AM;URBANA;CARRERA-8-CALLE-8;CHOQUE;VEHICULO;1;0;0;38.991.231;-762.960.027;POINT (-76.2960027 3.8991231)
21;2021 Aug 08 12:00:00 AM;URBANA;CARRERA-17-CALLE-3;CHOQUE;VEHICULO;0;1;0;38.974.054;-763.054.108;POINT (-76.3054108 3.8974054)
21;2021 Aug 12 12:00:00 AM;URBANA;CALLE-11-CARRERA-7;CHOQUE;VEHICULO;0;1;0;39.010.395;-762.938.194;POINT (-76.2938194 3.9010395)
21;2021 Aug 14 12:00:00 AM;URBANA;CARRERA-29-CALLE-17;CHOQUE;0-DISPONIBLE;1;0;0;39.144.886;-763.068.788;POINT (-76.3068788 3.9144886)
21;2021 Aug 18 12:00:00 AM;URBANA;CALLE-5-CARRERA-4;CHOQUE;VEHICULO;0;1;0;38.954.701;-762.936.734;POINT (-76.2936734 3.8954701)
21;2021 Aug 19 12:00:00 AM;URBANA;CARRERA-8-CALLE-28;CHOQUE;VEHICULO;0;1;0;39.184.409;-762.949.746;POINT (-76.2949746 3.9184409)
21;2021 Aug 20 12:00:00 AM;URBANA;CARRERA-14-CALLE-15;CHOQUE;VEHICULO;0;1;0;39.070.611;-762.987.326;POINT (-76.2987326 3.9070611)
21;2021 Aug 21 12:00:00 AM;URBANA;CARRERA-9-CALLE-8;CHOQUE;VEHICULO;1;0;0;38.994.625;-762.968.451;POINT (-76.2968451 3.8994625)
21;2021 Aug 22 12:00:00 AM;URBANA;CARRERA-8-CALLE-18;CHOQUE;VEHICULO;0;1;0;39.074.741;-76.292.709;POINT (-76.292709 3.9074741)
21;2021 Aug 22 12:00:00 AM;URBANA;CALLE-7-CARRERA-6;CHOQUE;VEHICULO;0;1;0;38.977.779;-762.947.188;POINT (-76.2947188 3.8977779)
21;2021 Aug 25 12:00:00 AM;URBANA;CALLE-8-CARRERA-13;CHOQUE;VEHICULO;1;0;0;39.007.222;-763.002.686;POINT (-76.3002686 3.9007222)
21;2021 Aug 25 12:00:00 AM;URBANA;CARRERA-12-CALLE-2;VOLCAMIENTO;NA;0;1;0;38.953.229;-763.012.119;POINT (-76.3012119 3.8953229)
21;2021 Aug 26 12:00:00 AM;URBANA;CALLE-9-CARRERA-7;CHOQUE;VEHICULO;0;1;0;38.995.964;-762.945.655;POINT (-76.2945655 3.8995964)
21;2021 Aug 26 12:00:00 AM;URBANA;CARRERA-12-SALIDA-SUR;CHOQUE;VEHICULO;0;1;0;3.878.255;-76.298.047;POINT (-76.298047 3.878255)
21;2021 Aug 28 12:00:00 AM;URBANA;CARRERA-16-CALLE-5;CHOQUE;VEHICULO;0;1;0;38.990.286;-763.038.275;POINT (-76.3038275 3.8990286)
21;2021 Sep 01 12:00:00 AM;URBANA;CARRERA-8-CALLE-8-Y-9;CHOQUE;VEHICULO;0;1;0;38.991.231;-762.960.027;POINT (-76.2960027 3.8991231)
21;2021 Sep 02 12:00:00 AM;URBANA;TULUA-BUGA-BALANCEADOS;CHOQUE;VEHICULO;1;0;0;393.611;-76.282.065;POINT (-76.282065 3.93611)
21;2021 Sep 03 12:00:00 AM;URBANA;CARRERA-15-CALLE-18;CHOQUE;VEHICULO;0;1;0;39.100.131;-762.986.576;POINT (-76.2986576 3.9100131)
21;2021 Sep 06 12:00:00 AM;URBANA;CALLE-6-CARRERA-16;CHOQUE;VEHICULO;1;0;0;38.999.041;-763.035.328;POINT (-76.3035328 3.8999041)
21;2021 Sep 08 12:00:00 AM;URBANA;CARRERA-15-CALLE-11;CHOQUE;VEHICULO;1;0;0;39.039.873;-76.301.113;POINT (-76.301113 3.9039873)
21;2021 Sep 12 12:00:00 AM;URBANA;CARRERA-13-CALLE-4;CHOQUE;VEHICULO;0;1;0;38.972.469;-763.015.095;POINT (-76.3015095 3.8972469)
21;2021 Sep 12 12:00:00 AM;URBANA;CALLE-7-CARRERA-16;CHOQUE;VEHICULO;0;1;0;39.007.948;-763.032.103;POINT (-76.3032103 3.9007948)
21;2021 Sep 14 12:00:00 AM;URBANA;CARRERA-14-CALLE-25;CHOQUE;VEHICULO;1;0;0;39.139.919;-762.956.134;POINT (-76.2956134 3.9139919)
21;2021 Sep 15 12:00:00 AM;URBANA;CALLE-2-CARRERA-11;CHOQUE;VEHICULO;1;0;0;3.895.049;-763.000.997;POINT (-76.3000997 3.895049)
21;2021 Sep 17 12:00:00 AM;URBANA;CALLE-10SUR-CARRERA-4;CHOQUE;VEHICULO;1;0;0;38.881.999;-762.926.669;POINT (-76.2926669 3.8881999)
21;2021 Sep 18 12:00:00 AM;URBANA;CARRERA-8-CALLE-7;CHOQUE;VEHICULO;1;0;0;38.983.424;-762.962.898;POINT (-76.2962898 3.8983424)
21;2021 Sep 18 12:00:00 AM;URBANA;CARRERA-12-CALLE-8;CHOQUE;VEHICULO;0;1;0;39.004.828;-762.994.639;POINT (-76.2994639 3.9004828)
21;2021 Sep 18 12:00:00 AM;URBANA;CALLE-9-CARRERA-3;CHOQUE;VEHICULO;0;1;0;38.985.116;-762.914.913;POINT (-76.2914913 3.8985116)
21;2021 Sep 19 12:00:00 AM;URBANA;CARRERA-7-CALLE-10;CHOQUE;VEHICULO;1;0;0;39.002.397;-762.942.313;POINT (-76.2942313 3.9002397)
21;2021 Sep 19 12:00:00 AM;URBANA;CARRERA-8-CALLE-17A-SUR;CHOQUE;VEHICULO;0;1;0;3.906.653;-76.293.097;POINT (-76.293097 3.906653)
21;2021 Sep 20 12:00:00 AM;URBANA;CARRERA-8-CALLE-12;CHOQUE;VEHICULO;0;1;0;39.023.046;-762.946.825;POINT (-76.2946825 3.9023046)
21;2021 Sep 21 12:00:00 AM;URBANA;CALLE-4-CARRERA-23;CHOQUE;0-DISPONIBLE;1;0;0;38.997.402;-763.107.125;POINT (-76.3107125 3.8997402)
21;2021 Sep 21 12:00:00 AM;URBANA;CARRERA-13-CALLE-18;CHOQUE;VEHICULO;0;1;0;39.092.844;-762.968.867;POINT (-76.2968867 3.9092844)
21;2021 Sep 21 12:00:00 AM;URBANA;CALLE-5-CARRERA-10;CHOQUE;VEHICULO;1;0;0;38.971.881;-762.985.922;POINT (-76.2985922 3.8971881)
21;2021 Sep 22 12:00:00 AM;RURAL;VIA-BUGA--LA-MAGDALENA-KM1-VILLA-DEL-RIO;VOLCAMIENTO;NA;1;0;0;3.890.242;-76.279.036;POINT (-76.279036 3.890242)
21;2021 Sep 24 12:00:00 AM;URBANA;CALLE-2-CARRERA-10;CHOQUE;VEHICULO;0;1;0;38.949.017;-762.991.862;POINT (-76.2991862 3.8949017)
21;2021 Sep 29 12:00:00 AM;URBANA;PUENTE-LECHUGAS-GRANJA-LA-CAMPIÑA;CHOQUE;VEHICULO;1;0;0;39.594.521;-762.993.801;POINT (-76.2993801 3.9594521)
21;2021 Oct 01 12:00:00 AM;URBANA;CALLE-2-SUR-CARRERA-3;CHOQUE;VEHICULO;0;1;0;38.927.948;-76.291.158;POINT (-76.291158 3.8927948)
21;2021 Oct 06 12:00:00 AM;URBANA;CARRERA-16-CALLE-6-SUR;CHOQUE;VEHICULO;0;0;1;38.895.664;-763.070.168;POINT (-76.3070168 3.8895664)
21;2021 Oct 09 12:00:00 AM;URBANA;CARRERA-8-CALLE-7;CHOQUE;VEHICULO;0;0;1;38.983.424;-762.962.898;POINT (-76.2962898 3.8983424)
21;2021 Oct 09 12:00:00 AM;URBANA;CALLE-14-CARRERA-12;CHOQUE;VEHICULO;0;0;1;3.905.465;-76.297.368;POINT (-76.297368 3.905465)
21;2021 Oct 10 12:00:00 AM;URBANA;CARRERA-15-CALLE-18;CHOQUE;VEHICULO;0;0;1;39.100.131;-762.986.576;POINT (-76.2986576 3.9100131)
21;2021 Oct 11 12:00:00 AM;URBANA;CALLE-6-CARRERA-17;CHOQUE;VEHICULO;0;1;0;39.001.981;-763.043.951;POINT (-76.3043951 3.9001981)
21;2021 Oct 12 12:00:00 AM;URBANA;CARRERA-11-CALLE-2;CHOQUE;VEHICULO;0;1;0;3.895.049;-763.000.997;POINT (-76.3000997 3.895049)
21;2021 Oct 17 12:00:00 AM;URBANA;CARRERA-9-CALLE-12;CHOQUE;VEHICULO;0;0;1;39.026.503;-762.955.242;POINT (-76.2955242 3.9026503)
21;2021 Oct 22 12:00:00 AM;URBANA;CARRERA-18-CALLE-6;CHOQUE;VEHICULO;0;0;1;39.005.112;-763.053.174;POINT (-76.3053174 3.9005112)
21;2021 Oct 22 12:00:00 AM;URBANA;CARRERA-15-CALLE-16;CHOQUE;VEHICULO;0;0;1;39.084.789;-762.993.152;POINT (-76.2993152 3.9084789)
21;2021 Oct 22 12:00:00 AM;URBANA;CALLE-3-CARRERA-15;CHOQUE;VEHICULO;0;1;0;3.896.879;-763.035.723;POINT (-76.3035723 3.896879)
21;2021 Oct 25 12:00:00 AM;URBANA;CALLE-5-CARRERA-14;CHOQUE;VEHICULO;0;1;0;38.984.039;-763.020.642;POINT (-76.3020642 3.8984039)
21;2021 Oct 24 12:00:00 AM;URBANA;CALLE-7-CARRERA-13;OTRO;NA;0;0;1;38.998.472;-763.005.732;POINT (-76.3005732 3.8998472)
21;2021 Sep 26 12:00:00 AM;URBANA;CARRERA-15-CALLE-8;CHOQUE;VEHICULO;0;1;0;39.013.727;-763.020.434;POINT (-76.3020434 3.9013727)
21;2021 Oct 28 12:00:00 AM;URBANA;CARRERA-12-SUR-CALLE-2;CHOQUE;VEHICULO;0;0;1;38.953.229;-763.012.119;POINT (-76.3012119 3.8953229)
21;2021 Oct 28 12:00:00 AM;URBANA;CALLE-7-CARRERA-16;OTRO;NA;0;0;1;39.007.948;-763.032.103;POINT (-76.3032103 3.9007948)
21;2021 Sep 30 12:00:00 AM;URBANA;CALLE-1-SUR-CARERRA-24;CHOQUE;VEHICULO;0;1;0;38.997.747;-76.291.355;POINT (-76.291355 3.8997747)
21;2021 Oct 30 12:00:00 AM;URBANA;CALLE-6-CARRERA-18;OTRO;NA;0;1;0;39.005.112;-763.053.174;POINT (-76.3053174 3.9005112)
21;2021 Oct 30 12:00:00 AM;URBANA;CARRERA-9-CALLE-18;CHOQUE;VEHICULO;0;0;1;39.077.377;-762.933.869;POINT (-76.2933869 3.9077377)
21;2021 Oct 31 12:00:00 AM;URBANA;CALLE-14A-CARRERA-31;CHOQUE;VEHICULO;0;0;1;3.913.324;-763.092.036;POINT (-76.3092036 3.913324)
21;2021 Nov 01 12:00:00 AM;URBANA;CARRERA-15-CALLE-23;CHOQUE;VEHICULO;0;0;1;39.137.333;-762.971.585;POINT (-76.2971585 3.9137333)
21;2021 Nov 01 12:00:00 AM;URBANA;CARRERA-9-CALLE-7;CHOQUE;VEHICULO;0;1;0;38.986.738;-762.971.495;POINT (-76.2971495 3.8986738)
21;2021 Nov 01 12:00:00 AM;URBANA;CALLE-20-CARRERA-16;CHOQUE;VEHICULO;0;0;1;39.121.224;-762.991.201;POINT (-76.2991201 3.9121224)
21;2021 Nov 01 12:00:00 AM;URBANA;CARRERA-1-CALLE-4B;CHOQUE;VEHICULO;0;0;1;389.411;-762.913.799;POINT (-76.2913799 3.89411)
21;2021 Nov 01 12:00:00 AM;URBANA;CARRERA-16-CALLE-22A;OTRO;NA;0;0;1;39.138.103;-762.985.104;POINT (-76.2985104 3.9138103)
21;2021 Nov 02 12:00:00 AM;URBANA;CALLE-1-CARRERA-11;CHOQUE;VEHICULO;0;0;1;38.945.751;-763.001.957;POINT (-76.3001957 3.8945751)
21;2021 Nov 03 12:00:00 AM;URBANA;CALLE-4-CARRERA--7A;OTRO;NA;0;1;0;39.010.151;-76.290.993;POINT (-76.290993 3.9010151)
21;2021 Nov 05 12:00:00 AM;URBANA;CARRERA-8-CALLE-9;CHOQUE;VEHICULO;0;1;0;39.000.161;-7.629.565;POINT (-76.29565 3.9000161)
21;2021 Nov 06 12:00:00 AM;URBANA;CARRERA-11-CALLE-12;CHOQUE;VEHICULO;0;0;1;39.033.414;-76.297.349;POINT (-76.297349 3.9033414)
21;2021 Nov 14 12:00:00 AM;URBANA;CALLE-18-CARRERA-13;CHOQUE;VEHICULO;0;0;1;39.092.844;-762.968.867;POINT (-76.2968867 3.9092844)
21;2021 Nov 14 12:00:00 AM;URBANA;CARRERA-26-CALLE-1BN;CHOQUE;VEHICULO;0;1;0;39.138.905;-76.305.109;POINT (-76.305109 3.9138905)
21;2021 Nov 15 12:00:00 AM;URBANA;CALLE-2-CARRRA-16;CHOQUE;VEHICULO;0;1;0;38.963.351;-763.047.764;POINT (-76.3047764 3.8963351)
21;2021 Nov 15 12:00:00 AM;URBANA;CARRERA-17-CALLE-2;CHOQUE;VEHICULO;0;1;0;38.966.147;-763.056.804;POINT (-76.3056804 3.8966147)
21;2021 Nov 17 12:00:00 AM;URBANA;CALLE-6-CARRERA-14;CHOQUE;VEHICULO;0;1;0;38.993.007;-763.017.725;POINT (-76.3017725 3.8993007)
21;2021 Nov 18 12:00:00 AM;URBANA;CALLE-13-CARRERA-12;CHOQUE;VEHICULO;0;0;1;39.044.578;-76.297.642;POINT (-76.297642 3.9044578)
21;2021 Nov 18 12:00:00 AM;URBANA;CALLE-1-CARRERA-9;CHOQUE;VEHICULO;0;0;1;38.942.795;-762.985.091;POINT (-76.2985091 3.8942795)
21;2021 Nov 19 12:00:00 AM;URBANA;CALLE-8-CARRERA-4;CHOQUE;VEHICULO;0;0;1;38.977.987;-762.926.902;POINT (-76.2926902 3.8977987)
21;2021 Nov 21 12:00:00 AM;URBANA;CALLE-7-CARRERA-4E;CHOQUE;VEHICULO;0;1;0;38.957.409;-762.895.673;POINT (-76.2895673 3.8957409)
21;2021 Nov 22 12:00:00 AM;URBANA;CARRERA-3-CALLE-9-SUR;OTRO;NA;0;0;1;38.891.979;-762.927.462;POINT (-76.2927462 3.8891979)
21;2021 Nov 22 12:00:00 AM;URBANA;CALLE-6-CARRERA-5;OTRO;NA;0;0;1;38.947.185;-762.891.418;POINT (-76.2891418 3.8947185)
21;2021 Nov 27 12:00:00 AM;URBANA;CARRERA-14-CALLE-4;CHOQUE;VEHICULO;0;1;0;38.975.246;-763.023.762;POINT (-76.3023762 3.8975246)
21;2021 Nov 28 12:00:00 AM;URBANA;CARRERA-10-CALLE-5;CHOQUE;VEHICULO;0;1;0;38.971.881;-762.985.922;POINT (-76.2985922 3.8971881)
21;2021 Nov 28 12:00:00 AM;URBANA;CALLE-16-CARRERA-10;OTRO;NA;0;1;0;39.065.629;-76.295.364;POINT (-76.295364 3.9065629)
21;2021 Nov 30 12:00:00 AM;URBANA;CALLE-6-CARRERA-14;CHOQUE;VEHICULO;0;0;1;38.993.007;-763.017.725;POINT (-76.3017725 3.8993007)
21;2021 Dec 01 12:00:00 AM;URBANA;CARRERA-18-CALLE-10;OTRO;OBSTACULO;0;1;0;39.041.229;-763.039.482;POINT (-76.3039482 3.9041229)
21;2021 Dec 01 12:00:00 AM;URBANA;CALLE-16-CARRERA-8;CHOQUE;VEHICULO;0;1;0;39.057.366;-762.933.822;POINT (-76.2933822 3.9057366)
21;2021 Dec 01 12:00:00 AM;URBANA;CALLE-4-CARRERRA-19;CHOQUE;VEHICULO;0;1;0;38.986.127;-763.069.452;POINT (-76.3069452 3.8986127)
21;2021 Dec 06 12:00:00 AM;URBANA;CARRERA-17-CALLE-6;CHOQUE;VEHICULO;0;1;0;39.001.981;-763.043.951;POINT (-76.3043951 3.9001981)
21;2021 Dec 06 12:00:00 AM;URBANA;CARRERA-15-CALLE-2;CHOQUE;VEHICULO;0;1;0;38.960.223;-763.038.548;POINT (-76.3038548 3.8960223)
21;2021 Dec 08 12:00:00 AM;URBANA;CALLE-1-CARRERA-15;CHOQUE;VEHICULO;0;0;1;38.951.682;-763.041.431;POINT (-76.3041431 3.8951682)
21;2021 Dec 14 12:00:00 AM;URBANA;CARERRA-18-CALLE-17;CHOQUE;VEHICULO;0;1;0;39.102.668;-763.014.058;POINT (-76.3014058 3.9102668)
21;2021 Dec 18 12:00:00 AM;URBANA;CALLE-9-CARRERA-6;CHOQUE;VEHICULO;0;1;0;39.033.282;-762.877.353;POINT (-76.2877353 3.9033282)
21;2021 Dec 19 12:00:00 AM;URBANA;CALLE-30-CARRERA-11;OTRO;NA;0;1;0;3.917.327;-762.918.574;POINT (-76.2918574 3.917327)
21;2021 Dec 20 12:00:00 AM;URBANA;CALLE-8-SUR-CARRERA-12-A-SUR;CHOQUE;VEHICULO;1;0;0;388.795;-76.301.053;POINT (-76.301053 3.88795)
21;2021 Dec 20 12:00:00 AM;URBANA;CARRERA-12-CALLE-1;CHOQUE;VEHICULO;1;0;0;38.945.967;-763.014.076;POINT (-76.3014076 3.8945967)
21;2021 Dec 22 12:00:00 AM;URBANA;CARRERA-1-CALLE-9;CHOQUE;VEHICULO;0;1;0;38.980.502;-762.902.521;POINT (-76.2902521 3.8980502)
21;2021 Dec 23 12:00:00 AM;URBANA;CALLE-16-CARRERA-18;CHOQUE;VEHICULO;0;0;1;3.916.878;-762.971.463;POINT (-76.2971463 3.916878)
21;2021 Dec 24 12:00:00 AM;URBANA;CALLE-27-CARRERA-15;OTRO;NA;0;1;0;39.161.894;-762.961.752;POINT (-76.2961752 3.9161894)
21;2021 Dec 24 12:00:00 AM;URBANA;CALLE-7-CARRERA-17;CHOQUE;VEHICULO;0;1;0;39.010.918;-763.041.051;POINT (-76.3041051 3.9010918)
21;2021 Dec 26 12:00:00 AM;URBANA;CARRERA-9-CALLE-11;OTRO;NA;0;0;1;39.018.604;-762.958.616;POINT (-76.2958616 3.9018604)
21;2021 Dec 26 12:00:00 AM;URBANA;CALLE-4-CARRERA-13;OTRO;OBSTACULO;0;1;0;38.972.469;-763.015.095;POINT (-76.3015095 3.8972469)
21;2021 Dec 28 12:00:00 AM;URBANA;CARRERA-14-CALLE-5;CHOQUE;VEHICULO;0;1;0;38.984.039;-763.020.642;POINT (-76.3020642 3.8984039)
21;2021 Dec 28 12:00:00 AM;URBANA;CARRERA-7-CALLE-13A;CHOQUE;VEHICULO;0;1;0;39.031.239;-76.292.803;POINT (-76.292803 3.9031239)
21;2021 Dec 29 12:00:00 AM;URBANA;CARRERA-11-CALLE-1;CHOQUE;VEHICULO;0;1;0;38.945.751;-763.001.957;POINT (-76.3001957 3.8945751)
21;2021 Dec 31 12:00:00 AM;URBANA;CARRERA-14-CALLE-17-SUR;CHOQUE;VEHICULO;0;1;0;3.908.712;-76.297.861;POINT (-76.297861 3.908712)
22;2022 Jan 01 12:00:00 AM;URBANA;CARRERA-2-CALLE-4;CHOQUE;0-DISPONIBLE;1;0;0;38.933.896;-7.629.247;POINT (-76.29247 3.8933896)
22;2022 Jan 01 12:00:00 AM;URBANA;CARRERA-4-CARRERA-12;CHOQUE;0-DISPONIBLE;0;1;0;39.192.872;-76.291.355;POINT (-76.291355 3.9192872)
22;2022 Jan 01 12:00:00 AM;URBANA;CARRERA-1-CALLE-9;CHOQUE;0-DISPONIBLE;1;0;0;38.980.502;-762.902.521;POINT (-76.2902521 3.8980502)
22;2022 Jan 03 12:00:00 AM;URBANA;CARRERA-20-CALLE-1-AN;CHOQUE;VEHICULO;1;0;0;38.942.767;-763.087.879;POINT (-76.3087879 3.8942767)
22;2022 Jan 03 12:00:00 AM;URBANA;CARRERA-14-CALLE-20;CHOQUE;VEHICULO;1;0;0;39.110.784;-762.968.413;POINT (-76.2968413 3.9110784)
22;2022 Jan 04 12:00:00 AM;URBANA;CALLE-1SUR-CARRERA-20-SUR;CHOQUE;VEHICULO;1;0;0;38.942.767;-763.087.879;POINT (-76.3087879 3.8942767)
22;2022 Jan 06 12:00:00 AM;URBANA;CARRERA-14-CALLE-9;CHOQUE;VEHICULO;0;1;0;39.019.482;-763.008.736;POINT (-76.3008736 3.9019482)
22;2022 Jan 12 12:00:00 AM;URBANA;CALLE-10-CARRERA-3;CHOQUE;VEHICULO;1;0;0;38.989.985;-762.912.841;POINT (-76.2912841 3.8989985)
22;2022 Jan 15 12:00:00 AM;URBANA;CARRERA-12-CALLE-12-SUR;CHOQUE;VEHICULO;0;0;1;3.886.828;-762.989.862;POINT (-76.2989862 3.886828)
22;2022 Jan 15 12:00:00 AM;URBANA;CARRERA-13-CALLE-2;CHOQUE;VEHICULO;1;0;0;38.956.052;-763.020.871;POINT (-76.3020871 3.8956052)
22;2022 Jan 21 12:00:00 AM;URBANA;CARRERA-9-CALLE-7-SUR;CHOQUE;0-DISPONIBLE;0;1;0;38.899.901;-762.976.792;POINT (-76.2976792 3.8899901)
22;2022 Jan 22 12:00:00 AM;URBANA;CARRERA-12SUR-CONFANDI;CHOQUE;0-DISPONIBLE;0;0;1;3.881.472;-76.298.593;POINT (-76.298593 3.881472)
22;2022 Jan 24 12:00:00 AM;URBANA;CALLE-21-CARRERA-8;CHOQUE;VEHICULO;0;1;0;390.991;-762.915.603;POINT (-76.2915603 3.90991)
22;2022 Jan 25 12:00:00 AM;URBANA;CARRERA-7-CALLE-11;CHOQUE;VEHICULO;0;1;0;39.010.395;-762.938.194;POINT (-76.2938194 3.9010395)
22;2022 Jan 26 12:00:00 AM;URBANA;CARRERA-12-SUR-CALLE-20SUR;CHOQUE;VEHICULO;0;1;0;39.864.436;-7.623.379;POINT (-76.23379 3.9864436)
22;2022 Jan 28 12:00:00 AM;URBANA;INTER0-TERMINAL-DE-TRASPORTE;CHOQUE;VEHICULO;1;0;0;3.899.233;-76,311,021;POINT (-76311021 3.899233)
22;2022 Jan 31 12:00:00 AM;URBANA;CALLE-1-SUR-CARRERA-15;CHOQUE;VEHICULO;0;1;0;38.941.115;-763.045.064;POINT (-76.3045064 3.8941115)
22;2022 Feb 01 12:00:00 AM;URBANA;CALLE-7--CARRERA-5;CHOQUE;VEHICULO;0;1;0;39.018.036;-762.887.155;POINT (-76.2887155 3.9018036)
22;2022 Feb 03 12:00:00 AM;RURAL;VIA-BUGA--LA-MAGDALENA;CHOQUE;VEHICULO;1;0;0;388.904;-7.622.016;POINT (-76.22016 3.88904)
22;2022 Feb 05 12:00:00 AM;RURAL;CARRERA-12SUR-QUEBRADA-SECA;CHOQUE;VEHICULO;0;1;0;3.872.438;-76.296.687;POINT (-76.296687 3.872438)
22;2022 Feb 05 12:00:00 AM;URBANA;CALLE-4-CARRERA-23;OTRO;NA;0;1;0;38.997.402;-763.107.125;POINT (-76.3107125 3.8997402)
22;2022 Feb 16 12:00:00 AM;URBANA;CARRERA-15-CALLE-15;CHOQUE;VEHICULO;1;0;0;39.074.587;-762.997.375;POINT (-76.2997375 3.9074587)
22;2022 Feb 20 12:00:00 AM;URBANA;CARRERA-11-CALLE-10;CHOQUE;0-DISPONIBLE;0;1;0;39.018.399;-762.979.513;POINT (-76.2979513 3.9018399)
22;2022 Feb 20 12:00:00 AM;URBANA;CARRERA-11-CALLE-4;CHOQUE;VEHICULO;1;0;0;38.968.123;-762.996.746;POINT (-76.2996746 3.8968123)
22;2022 Feb 23 12:00:00 AM;URBANA;CALLE-23-CARRERA-9A;CHOQUE;VEHICULO;0;1;0;39.118.066;-76.292.489;POINT (-76.292489 3.9118066)
22;2022 Feb 23 12:00:00 AM;URBANA;CARRERA-13-CARRERA-28;CHOQUE;VEHICULO;0;1;0;39.242.503;-76.291.355;POINT (-76.291355 3.9242503)
22;2022 Feb 23 12:00:00 AM;URBANA;CALLE-6-CARRERA-11;CHOQUE;VEHICULO;1;0;0;38.983.928;-762.991.899;POINT (-76.2991899 3.8983928)
22;2022 Mar 01 12:00:00 AM;URBANA;CARRERA-8-CALLE-17;CHOQUE;VEHICULO;1;0;0;39.066.072;-762.930.734;POINT (-76.2930734 3.9066072)
22;2022 Feb 03 12:00:00 AM;URBANA;CARRERA-15-CALLE-3SUR;CHOQUE;VEHICULO;0;1;0;389.148;-763.050.844;POINT (-76.3050844 3.89148)
22;2022 Mar 03 12:00:00 AM;URBANA;CALLE-4-CARRERA-2;CHOQUE;VEHICULO;0;1;0;38.933.896;-7.629.247;POINT (-76.29247 3.8933896)
22;2022 Mar 16 12:00:00 AM;URBANA;CALLE-20-CARRERA-19;CHOQUE;0-DISPONIBLE;1;0;0;39.129.556;-763.008.739;POINT (-76.3008739 3.9129556)
22;2022 Mar 17 12:00:00 AM;URBANA;CARRERA-14-CALLE-18;CHOQUE;VEHICULO;0;1;0;39.095.114;-762.974.284;POINT (-76.2974284 3.9095114)
22;2022 Mar 19 12:00:00 AM;URBANA;CARRERA-26A-CALLE-18;CHOQUE;0-DISPONIBLE;1;0;0;39.140.237;-763.054.591;POINT (-76.3054591 3.9140237)
22;2022 Mar 19 12:00:00 AM;URBANA;CALLE-5-CARRERA-3E;CHOQUE;VEHICULO;0;1;0;38.943.499;-762.906.934;POINT (-76.2906934 3.8943499)
22;2022 Mar 20 12:00:00 AM;URBANA;CALLE-2-CARRERA-16;CHOQUE;VEHICULO;1;0;0;38.963.351;-763.047.764;POINT (-76.3047764 3.8963351)
22;2022 Mar 20 12:00:00 AM;URBANA;CARRERA-9-CALLE-11;CHOQUE;VEHICULO;1;0;0;39.018.604;-762.958.616;POINT (-76.2958616 3.9018604)
22;2022 Mar 20 12:00:00 AM;URBANA;CARRERA-16-CALLE-2;CHOQUE;VEHICULO;0;1;0;38.963.351;-763.047.764;POINT (-76.3047764 3.8963351)
22;2022 Mar 21 12:00:00 AM;URBANA;CARRERA-9-CALLE-11;CHOQUE;VEHICULO;1;0;0;39.018.604;-762.958.616;POINT (-76.2958616 3.9018604)
22;2022 Mar 24 12:00:00 AM;URBANA;CALLEJON-ALMAVIVA;CHOQUE;VEHICULO;1;0;0;39.005.772;-763.021.721;POINT (-76.3021721 3.9005772)
22;2022 Mar 27 12:00:00 AM;URBANA;CARRERA-12bis-CALLE-7A;CHOQUE;VEHICULO;1;0;0;3.900.226;-7.630.017;POINT (-76.30017 3.900226)
22;2022 Mar 28 12:00:00 AM;URBANA;CALLE-5-CARRERA-5;CHOQUE;VEHICULO;1;0;0;38.939.693;-762.894.452;POINT (-76.2894452 3.8939693)
22;2022 Mar 28 12:00:00 AM;URBANA;CARRERA-12-CALLE-3;CHOQUE;VEHICULO;0;1;0;38.962.197;-763.009.952;POINT (-76.3009952 3.8962197)
22;2022 Mar 29 12:00:00 AM;URBANA;CARRERA-9-CALLE-1SUR;CHOQUE;VEHICULO;1;0;0;38.932.142;-762.985.957;POINT (-76.2985957 3.8932142)
22;2022 Apr 03 12:00:00 AM;URBANA;CARRERA-8-CALLE-17;ATROPELLO;NA;0;1;0;39.066.072;-762.930.734;POINT (-76.2930734 3.9066072)
22;2022 Apr 03 12:00:00 AM;URBANA;CALLE-6-CARRERA-5;CHOQUE;VEHICULO;1;0;0;38.947.185;-762.891.418;POINT (-76.2891418 3.8947185)
22;2022 Apr 04 12:00:00 AM;URBANA;CALLE-27A-CARRERA-18-B;CHOQUE;VEHICULO;0;1;0;39.172.757;-762.983.916;POINT (-76.2983916 3.9172757)
22;2022 Apr 04 12:00:00 AM;URBANA;CARRERA-9-CALLE-2-Y-2A;CHOQUE;VEHICULO;1;0;0;38.946.922;-762.984.417;POINT (-76.2984417 3.8946922)
22;2022 Apr 05 12:00:00 AM;URBANA;CARRERA-12-SALIDA-SUR;CHOQUE;VEHICULO;1;0;0;3.880.118;-76.298.402;POINT (-76.298402 3.880118)
22;2022 Apr 07 12:00:00 AM;URBANA;CARRERA-18-CALLE-15;CHOQUE;0-DISPONIBLE;0;1;0;39.085.545;-763.023.628;POINT (-76.3023628 3.9085545)
22;2022 Apr 09 12:00:00 AM;URBANA;CALLE-7-CARRERA-11;CHOQUE;VEHICULO;1;0;0;38.992.933;-762.988.822;POINT (-76.2988822 3.8992933)
22;2022 Apr 11 12:00:00 AM;URBANA;CARRERA-9-CALLE-8;CHOQUE;VEHICULO;1;0;0;38.994.625;-762.968.451;POINT (-76.2968451 3.8994625)
22;2022 Apr 12 12:00:00 AM;URBANA;CARRERA-13-CALLE-10;CHOQUE;VEHICULO;1;0;0;39.024.844;-762.996.531;POINT (-76.2996531 3.9024844)
22;2022 Apr 12 12:00:00 AM;URBANA;CARRERA-19-CALLE-4;CHOQUE;VEHICULO;0;1;0;38.986.127;-763.069.452;POINT (-76.3069452 3.8986127)
22;2022 Apr 13 12:00:00 AM;URBANA;CALLE-10-CARRERA-7;CHOQUE;0-DISPONIBLE;0;1;0;39.002.397;-762.942.313;POINT (-76.2942313 3.9002397)
22;2022 Apr 14 12:00:00 AM;URBANA;CARRERA-19-CALLE-3;CHOQUE;VEHICULO;1;0;0;38.980.191;-763.072.671;POINT (-76.3072671 3.8980191)
22;2022 Apr 18 12:00:00 AM;URBANA;CARRERA-14-CALLE-2;CAIDA-OCUPANTE;NA;0;1;0;3.895.852;-763.028.966;POINT (-76.3028966 3.895852)
22;2022 Apr 19 12:00:00 AM;URBANA;CARRERA-9-CALLE-7;CHOQUE;VEHICULO;0;1;0;38.986.738;-762.971.495;POINT (-76.2971495 3.8986738)
22;2022 Apr 19 12:00:00 AM;URBANA;CARRERA-9-CALLLE-27;CHOQUE;VEHICULO;0;1;0;39.171.942;-762.952.913;POINT (-76.2952913 3.9171942)
22;2022 Apr 22 12:00:00 AM;URBANA;CARRERA-30A-CALLE-16;CHOQUE;0-DISPONIBLE;1;0;0;39.141.271;-76.307.836;POINT (-76.307836 3.9141271)
22;2022 Apr 22 12:00:00 AM;URBANA;CARRERA-15-CALLE-31C;CHOQUE;VEHICULO;0;1;0;39.202.789;-762.947.248;POINT (-76.2947248 3.9202789)
22;2022 Apr 22 12:00:00 AM;URBANA;CARRERA-13A-CARRERA-10;CHOQUE;VEHICULO;1;0;0;39.143.246;-76.291.355;POINT (-76.291355 3.9143246)
22;2022 Apr 25 12:00:00 AM;URBANA;CARRERA-9-CALLE-15;CHOQUE;VEHICULO;0;1;0;39.054.263;-762.943.331;POINT (-76.2943331 3.9054263)
22;2022 Apr 25 12:00:00 AM;URBANA;CARRERA-8-CALLES-20;ATROPELLO;NA;0;1;0;39.089.487;-762.920.452;POINT (-76.2920452 3.9089487)
22;2022 Apr 26 12:00:00 AM;URBANA;CARRERA-9-CALLE-7;CHOQUE;VEHICULO;0;1;0;38.986.738;-762.971.495;POINT (-76.2971495 3.8986738)
22;2022 Apr 26 12:00:00 AM;URBANA;CALLE-7-CARRERA-7;CHOQUE;VEHICULO;1;0;0;38.980.403;-762.953.901;POINT (-76.2953901 3.8980403)
22;2022 Apr 28 12:00:00 AM;URBANA;CARRERA-16-CALLE-2;CHOQUE;VEHICULO;0;1;0;38.963.351;-763.047.764;POINT (-76.3047764 3.8963351)
22;2022 Apr 29 12:00:00 AM;URBANA;CARRERA-15-CALLE-9;CHOQUE;VEHICULO;0;1;0;39.022.444;-763.017.469;POINT (-76.3017469 3.9022444)
22;2022 Apr 30 12:00:00 AM;URBANA;CARRERA-1-CALLE-11;CHOQUE;VEHICULO;0;1;0;38.993.845;-762.897.761;POINT (-76.2897761 3.8993845)
22;2022 May 06 12:00:00 AM;URBANA;CARRERA-14-CALLE-31;CHOQUE;VEHICULO;1;0;0;39.191.066;-762.941.625;POINT (-76.2941625 3.9191066)
22;2022 May 07 12:00:00 AM;URBANA;CARRERA-13A-CALLE-5SUR;CHOQUE;VEHICULO;1;0;0;3.889.458;-76.302.622;POINT (-76.302622 3.889458)
22;2022 May 07 12:00:00 AM;URBANA;CALLE-4-CARRERA-3E;CHOQUE;VEHICULO;1;0;0;38.926.971;-762.911.421;POINT (-76.2911421 3.8926971)
22;2022 May 07 12:00:00 AM;URBANA;CARRERA-17-CALLE-15;CHOQUE;VEHICULO;0;1;0;39.081.576;-763.014.794;POINT (-76.3014794 3.9081576)
22;2022 May 08 12:00:00 AM;URBANA;CARRERA-18-CALLE-10;CHOQUE;VEHICULO;1;0;0;39.041.229;-763.039.482;POINT (-76.3039482 3.9041229)
22;2022 May 12 12:00:00 AM;URBANA;CARRERA-17-CALLE-14;CHOQUE;VEHICULO;0;1;0;3.907.223;-763.018.617;POINT (-76.3018617 3.907223)
22;2022 May 14 12:00:00 AM;URBANA;CALLE-10-SUR-CARRERA-12;CHOQUE;VEHICULO;1;0;0;39.192.872;-76.291.355;POINT (-76.291355 3.9192872)
22;2022 May 15 12:00:00 AM;URBANA;CARRERA-8-CALLE-15;CHOQUE;VEHICULO;1;0;0;39.051.366;-762.935.797;POINT (-76.2935797 3.9051366)
22;2022 May 15 12:00:00 AM;URBANA;CARRERA-1-CALLE-16;CHOQUE;VEHICULO;1;0;0;38.956.901;-763.108.658;POINT (-76.3108658 3.8956901)
22;2022 May 17 12:00:00 AM;URBANA;CARRERA-12-CALLE-17-SUR;CHOQUE;VEHICULO;0;1;0;38.859.653;-762.988.964;POINT (-76.2988964 3.8859653)
22;2022 May 20 12:00:00 AM;URBANA;CALLE-4-CARRERA-23;CHOQUE;VEHICULO;1;0;0;38.997.402;-763.107.125;POINT (-76.3107125 3.8997402)
22;2022 May 21 12:00:00 AM;URBANA;CALLE-3-CARRERA-17;CHOQUE;VEHICULO;0;1;0;38.974.054;-763.054.108;POINT (-76.3054108 3.8974054)
22;2022 May 22 12:00:00 AM;URBANA;CALLE-8-SUR-CARRERA-12;CHOQUE;VEHICULO;1;0;0;39.192.872;-76.291.355;POINT (-76.291355 3.9192872)
22;2022 May 29 12:00:00 AM;URBANA;CARRERA-7-CALLE-12;ATROPELLO;NA;0;1;0;39.017.839;-762.934.046;POINT (-76.2934046 3.9017839)
22;2022 Jun 11 12:00:00 AM;URBANA;CALLE-13A-CARRERA-7;CHOQUE;VEHICULO;0;1;0;39.031.239;-76.292.803;POINT (-76.292803 3.9031239)
22;2022 Jun 11 12:00:00 AM;URBANA;CARRERA-15-CALLE-12;CHOQUE;VEHICULO;0;1;0;39.047.372;-763.008.126;POINT (-76.3008126 3.9047372)
22;2022 Jun 18 12:00:00 AM;URBANA;CARRERA-12-CALLE-31;CHOQUE;VEHICULO;0;1;0;39.185.063;-762.924.617;POINT (-76.2924617 3.9185063)
22;2022 Jun 21 12:00:00 AM;URBANA;CARRERA-14-CALLE-9;CHOQUE;VEHICULO;1;0;0;39.019.482;-763.008.736;POINT (-76.3008736 3.9019482)
22;2022 Jun 22 12:00:00 AM;URBANA;CALLE-15-CARRERA-7;CHOQUE;VEHICULO;0;1;0;39.046.414;-762.921.586;POINT (-76.2921586 3.9046414)
22;2022 Jun 22 12:00:00 AM;URBANA;CALLE-16-CARRERA-12;CHOQUE;VEHICULO;0;1;0;39.071.987;-7.629.682;POINT (-76.29682 3.9071987)
22;2022 Jun 22 12:00:00 AM;URBANA;CARRERA-9-CALLES-13A;CHOQUE;VEHICULO;0;1;0;39.040.708;-762.949.198;POINT (-76.2949198 3.9040708)
22;2022 Jun 24 12:00:00 AM;URBANA;CARRERA-1-CALLE-6;CHOQUE;VEHICULO;0;1;0;38.954.051;-762.909.992;POINT (-76.2909992 3.8954051)
22;2022 Jun 24 12:00:00 AM;URBANA;CALLE-6-CARRERAS-12;CHOQUE;VEHICULO;1;0;0;38.987.171;-763.000.321;POINT (-76.3000321 3.8987171)
22;2022 Jun 25 12:00:00 AM;URBANA;CALLE-16-CARRERA-14;CHOQUE;VEHICULO;0;0;1;39.078.931;-762.982.902;POINT (-76.2982902 3.9078931)
22;2022 Jun 26 12:00:00 AM;URBANA;CALLE-6-CARRERA-9;CHOQUE;0-DISPONIBLE;1;0;0;38.977.771;-762.974.962;POINT (-76.2974962 3.8977771)
22;2022 Jun 29 12:00:00 AM;URBANA;CARRERA-17-CALLE-3;CHOQUE;VEHICULO;1;0;0;38.974.054;-763.054.108;POINT (-76.3054108 3.8974054)
22;2022 Jun 26 12:00:00 AM;URBANA;CARRERA-15A-CALE-27;CHOQUE;VEHICULO;0;1;0;39.098.854;-76.306.087;POINT (-76.306087 3.9098854)
22;2022 Jun 28 12:00:00 AM;URBANA;CALLE-27A-CARRERA-16;VOLCAMIENTO;NA;0;1;0;3.916.988;-762.974.516;POINT (-76.2974516 3.916988)
22;2022 Jul 02 12:00:00 AM;URBANA;CARRERA-19-CALLE-1;CHOQUE;VEHICULO;1;0;0;38.955.963;-763.080.224;POINT (-76.3080224 3.8955963)
22;2022 Jul 07 12:00:00 AM;URBANA;CALLE-7-CARRERA-9;CHOQUE;VEHICULO;0;1;0;38.986.738;-762.971.495;POINT (-76.2971495 3.8986738)
22;2022 Jul 08 12:00:00 AM;URBANA;CARRERA-14-CALLE-6-SUR;CHOQUE;VEHICULO;1;0;0;38.892.187;-763.042.486;POINT (-76.3042486 3.8892187)
22;2022 Jul 11 12:00:00 AM;URBANA;CALLE-14-CARRERA-7;CHOQUE;VEHICULO;0;1;0;39.037.964;-762.925.089;POINT (-76.2925089 3.9037964)
22;2022 Jul 17 12:00:00 AM;URBANA;CALLE-21-CARRERA-8;CHOQUE;VEHICULO;1;0;0;390.991;-762.915.603;POINT (-76.2915603 3.90991)
22;2022 Jul 20 12:00:00 AM;URBANA;CARRERA-12-CALLE-7-SUR;CHOQUE;VEHICULO;0;1;0;38.891.525;-763.063.757;POINT (-76.3063757 3.8891525)
22;2022 Jul 21 12:00:00 AM;URBANA;CALLE-2-CARRERA-10;CHOQUE;VEHICULO;1;0;0;38.949.017;-762.991.862;POINT (-76.2991862 3.8949017)
22;2022 Jul 26 12:00:00 AM;URBANA;CALLE-5-CARRERA-7;CHOQUE;VEHICULO;1;0;0;38.963.315;-762.961.727;POINT (-76.2961727 3.8963315)
22;2022 Jul 30 12:00:00 AM;URBANA;CALLE-8-CARRERA-11;ATROPELLO;NA;0;0;1;39.001.156;-762.985.593;POINT (-76.2985593 3.9001156)
22;2022 Jul 30 12:00:00 AM;URBANA;CARRERA-12-CALLE-6;CHOQUE;VEHICULO;1;0;0;38.987.171;-763.000.321;POINT (-76.3000321 3.8987171)
22;2022 Jul 31 12:00:00 AM;URBANA;CALLE-16-CARRERA-10;CHOQUE;VEHICULO;0;1;0;39.065.629;-76.295.364;POINT (-76.295364 3.9065629)
22;2022 Aug 04 12:00:00 AM;URBANA;CALLE-6-CARRERA-13;CHOQUE;VEHICULO;0;1;0;38.989.771;-763.008.787;POINT (-76.3008787 3.8989771)
22;2022 Aug 07 12:00:00 AM;URBANA;CARRERA-10-CALLE-3;ATROPELLO;NA;0;1;0;38.958.414;-762.989.938;POINT (-76.2989938 3.8958414)
22;2022 Aug 08 12:00:00 AM;URBANA;CALLE-21-CARRERA-8;CHOQUE;VEHICULO;1;0;0;390.991;-762.915.603;POINT (-76.2915603 3.90991)
22;2022 Aug 12 12:00:00 AM;URBANA;CARRERA-19-CALLE-3;CHOQUE;VEHICULO;1;0;0;38.980.191;-763.072.671;POINT (-76.3072671 3.8980191)
22;2022 Aug 12 12:00:00 AM;URBANA;Carrera-14-Calle-19;CAIDA-OCUPANTE;VEHICULO;0;1;0;39.102;-762.971.673;POINT (-76.2971673 3.9102)
22;2022 Aug 14 12:00:00 AM;URBANA;CARRERA-8-CALLE-6;CHOQUE;VEHICULO;0;1;0;38.974.525;-762.966.198;POINT (-76.2966198 3.8974525)
22;2022 Aug 14 12:00:00 AM;URBANA;CARRERA-7AE-CARRERA-24;CHOQUE;VEHICULO;0;1;0;38.969.303;-763.110.354;POINT (-76.3110354 3.8969303)
22;2022 Aug 18 12:00:00 AM;URBANA;CARRERA-9-CALLE-9;CHOQUE;VEHICULO;0;1;0;39.003.669;-762.965.099;POINT (-76.2965099 3.9003669)
22;2022 Aug 27 12:00:00 AM;URBANA;CARRERA-16-CALLE-3;CHOQUE;VEHICULO;0;1;1;38.971.515;-763.044.776;POINT (-76.3044776 3.8971515)
22;2022 Aug 28 12:00:00 AM;URBANA;CARRERA-13-CALLE-2;CHOQUE;VEHICULO;0;1;0;38.956.052;-763.020.871;POINT (-76.3020871 3.8956052)
22;2022 Aug 29 12:00:00 AM;URBANA;CALLE-13-CARRERA-6;CHOQUE;VEHICULO;0;1;0;39.002.823;-762.872.189;POINT (-76.2872189 3.9002823)
22;2022 Sep 03 12:00:00 AM;URBANA;CALLE-16-CARRERA-16;CHOQUE;VEHICULO;0;1;0;39.089.655;-76.300.298;POINT (-76.300298 3.9089655)
22;2022 Sep 10 12:00:00 AM;URBANA;CARRERA-18-CALLES-11;CHOQUE;VEHICULO;0;1;0;39.049.962;-763.036.329;POINT (-76.3036329 3.9049962)
22;2022 Sep 11 12:00:00 AM;URBANA;CALLE-6-SUR-CARRERA-11;ATROPELLO;NA;0;1;0;38.905.579;-76.299.469;POINT (-76.299469 3.8905579)
22;2022 Sep 15 12:00:00 AM;URBANA;CALLE-7-CARRERA-6;CHOQUE;VEHICULO;0;1;0;38.922.969;-762.931.648;POINT (-76.2931648 3.8922969)
22;2022 Sep 16 12:00:00 AM;URBANA;CALLE-7-CARRERA-7;CHOQUE;VEHICULO;0;1;0;38.980.403;-762.953.901;POINT (-76.2953901 3.8980403)
22;2022 Sep 20 12:00:00 AM;URBANA;CALLE-10-CARRERA-13;CHOQUE;VEHICULO;0;1;0;39.024.844;-762.996.531;POINT (-76.2996531 3.9024844)
22;2022 Sep 24 12:00:00 AM;URBANA;BATALLON-PALACE--BIOSALUDABLE;CHOQUE;VEHICULO;0;0;1;3.891.717;-76.288.994;POINT (-76.288994 3.891717)
22;2022 Sep 24 12:00:00 AM;URBANA;CARRERA-1-CALLE-7;CHOQUE;VEHICULO;0;1;0;38.961.376;-762.907.721;POINT (-76.2907721 3.8961376)
22;2022 Sep 23 12:00:00 AM;URBANA;CARRERA-14-CALLE-23;CHOQUE;VEHICULO;0;1;0;39.132.665;-762.959.832;POINT (-76.2959832 3.9132665)
22;2022 Sep 24 12:00:00 AM;URBANA;CARRERA-15-CALLE-27A;CHOQUE;VEHICULO;0;0;1;39.164.895;-762.960.852;POINT (-76.2960852 3.9164895)
22;2022 Oct 01 12:00:00 AM;URBANA;CALLE-23-CARRERAS-11;ATROPELLO;NA;0;1;0;39.123.683;-762.938.305;POINT (-76.2938305 3.9123683)
22;2022 Oct 04 12:00:00 AM;URBANA;CARRERA-16-CALLE-20;CHOQUE;VEHICULO;0;1;0;39.121.224;-762.991.201;POINT (-76.2991201 3.9121224)
22;2022 Oct 15 12:00:00 AM;URBANA;CALLE-5-CARRERA-7;CHOQUE;VEHICULO;0;1;0;38.963.315;-762.961.727;POINT (-76.2961727 3.8963315)
22;2022 Oct 15 12:00:00 AM;URBANA;CARRERA-19-CALLE-4;CHOQUE;0-DISPONIBLE;0;1;0;38.986.127;-763.069.452;POINT (-76.3069452 3.8986127)
22;2022 Oct 22 12:00:00 AM;URBANA;CARRERA-12-CALLE-2SUR;CHOQUE;VEHICULO;0;1;0;3.892.779;-763.017.798;POINT (-76.3017798 3.892779)
22;2022 Oct 23 12:00:00 AM;URBANA;CARRERA--18-CALLE-14;CHOQUE;VEHICULO;0;1;0;3.907.548;-763.026.847;POINT (-76.3026847 3.907548)
22;2022 Nov 01 12:00:00 AM;URBANA;CARRERA-1-CALLE-8;ATROPELLO;NA;0;0;1;38.969.606;-762.905.613;POINT (-76.2905613 3.8969606)
22;2022 Nov 04 12:00:00 AM;URBANA;CALLE-16-CARRERA-27;CHOQUE;VEHICULO;0;1;0;39.131.437;-763.063.759;POINT (-76.3063759 3.9131437)
22;2022 Nov 11 12:00:00 AM;URBANA;CARRERA-8-CALLE-18;CHOQUE;VEHICULO;0;1;0;39.074.741;-76.292.709;POINT (-76.292709 3.9074741)
22;2022 Nov 12 12:00:00 AM;URBANA;CARRERA-9-CALLE-8;CHOQUE;VEHICULO;0;1;0;38.994.625;-762.968.451;POINT (-76.2968451 3.8994625)
22;2022 Nov 19 12:00:00 AM;URBANA;CARRERA-8-CALLE-13;CHOQUE;VEHICULO;0;1;0;39.030.346;-762.943.778;POINT (-76.2943778 3.9030346)
22;2022 Nov 21 12:00:00 AM;URBANA;CARRERA-9-CALLE-7;CHOQUE;0-DISPONIBLE;0;0;1;38.986.738;-762.971.495;POINT (-76.2971495 3.8986738)
22;2022 Nov 21 12:00:00 AM;URBANA;CALLE-9-CARRERA-4;CHOQUE;VEHICULO;0;1;0;38.987.953;-762.922.961;POINT (-76.2922961 3.8987953)
22;2022 Nov 25 12:00:00 AM;URBANA;CARRERA-9-CALLE-5-SUR;CHOQUE;VEHICULO;0;1;0;38.908.694;-762.981.064;POINT (-76.2981064 3.8908694)
22;2022 Dec 01 12:00:00 AM;URBANA;CARRERA-9-CALLE-16;CHOQUE;VEHICULO;0;0;1;39.060.475;-76.294.093;POINT (-76.294093 3.9060475)
22;2022 Nov 02 12:00:00 AM;URBANA;CALLE-21-CARRERA-11;CHOQUE;VEHICULO;0;0;1;39.110.248;-762.943.577;POINT (-76.2943577 3.9110248)
22;2022 Dec 06 12:00:00 AM;URBANA;CARRERA--14-CALLE-4;CHOQUE;VEHICULO;0;0;1;38.975.246;-763.023.762;POINT (-76.3023762 3.8975246)
22;2022 Dec 06 12:00:00 AM;URBANA;CARRERA-15-CALLE-23;CHOQUE;VEHICULO;0;0;1;39.137.333;-762.971.585;POINT (-76.2971585 3.9137333)
22;2022 Dec 08 12:00:00 AM;URBANA;CALLE-4-CARRERA-8;CHOQUE;VEHICULO;0;0;1;38.956.045;-762.972.629;POINT (-76.2972629 3.8956045)
22;2022 Dec 14 12:00:00 AM;URBANA;CARRERA-1-CALLE-8;CHOQUE;VEHICULO;0;0;1;38.969.606;-762.905.613;POINT (-76.2905613 3.8969606)
22;2022 Dec 18 12:00:00 AM;URBANA;CARRERA-8-0.-4-43;CHOQUE;VEHICULO;0;0;1;3.896.381;-76.297.002;POINT (-76.297002 3.896381)
22;2022 Dec 18 12:00:00 AM;URBANA;CARRERA-11-CALLE-2;CHOQUE;VEHICULO;0;0;1;3.895.049;-763.000.997;POINT (-76.3000997 3.895049)
22;2022 Dec 18 12:00:00 AM;URBANA;CARRERA-8-CALLE-13A;CHOQUE;VEHICULO;0;0;1;39.036.627;-762.941.227;POINT (-76.2941227 3.9036627)
22;2023 Dec 22 12:00:00 AM;URBANA;CALLE-11-CARRERA-7;CHOQUE;VEHICULO;0;0;1;39.010.395;-762.938.194;POINT (-76.2938194 3.9010395)
23;2023 Jan 01 12:00:00 AM;URBANA;CARRERA-15-CALLE-28;CHOQUE;VEHICULO;0;1;0;39.172.818;-762.957.492;POINT (-76.2957492 3.9172818)
23;2023 Jan 06 12:00:00 AM;URBANA;CARRERA-17-CALLE17;CHOQUE;VEHICULO;0;1;0;39.100.025;-763.008.092;POINT (-76.3008092 3.9100025)
23;2023 Jan 06 12:00:00 AM;URBANA;CALLE-4-CARRERA-2;CHOQUE;VEHICULO;0;0;0;38.933.896;-7.629.247;POINT (-76.29247 3.8933896)
23;2023 Jan 10 12:00:00 AM;URBANA;CALLE-16-CARRERA-15;CHOQUE;VEHICULO;0;1;0;39.084.789;-762.993.152;POINT (-76.2993152 3.9084789)
23;2023 Jan 15 12:00:00 AM;URBANA;CALLE-17-CARRERA-16;CHOQUE;VEHICULO;0;1;0;39.096.551;-763.000.285;POINT (-76.3000285 3.9096551)
23;2023 Jan 18 12:00:00 AM;URBANA;CALLE-16-CARRERA-27A;CHOQUE;VEHICULO;0;1;0;39.133.111;-763.066.281;POINT (-76.3066281 3.9133111)
23;2023 Jan 21 12:00:00 AM;URBANA;CARRERA-5A-CALLE-14;CHOQUE;VEHICULO;0;1;0;39.123.101;-762.911.903;POINT (-76.2911903 3.9123101)
23;2023 Jan 22 12:00:00 AM;URBANA;CARRERA-14-CALLE-9;VOLCAMIENTO;NA;0;0;0;39.019.482;-763.008.736;POINT (-76.3008736 3.9019482)
23;2023 Jan 23 12:00:00 AM;URBANA;CARRERA-14-CALLE-27;CHOQUE;VEHICULO;0;1;0;39.158.627;-762.953.056;POINT (-76.2953056 3.9158627)
23;2023 Jan 25 12:00:00 AM;URBANA;CALLE-4-CARRERA-6;CHOQUE;VEHICULO;0;1;0;39.010.151;-76.290.993;POINT (-76.290993 3.9010151)
23;2023 Jan 25 12:00:00 AM;URBANA;CARRERA-13-CALLE-10;CHOQUE;VEHICULO;0;1;0;39.024.844;-762.996.531;POINT (-76.2996531 3.9024844)
23;2023 Jan 29 12:00:00 AM;URBANA;CARRERA-9-CALLE16;CHOQUE;VEHICULO;0;1;1;39.060.475;-76.294.093;POINT (-76.294093 3.9060475)
23;2023 Feb 02 12:00:00 AM;URBANA;CARRERA-12-CALLE-7-SUR;CHOQUE;VEHICULO;0;1;0;38.891.525;-763.063.757;POINT (-76.3063757 3.8891525)
23;2023 Feb 06 12:00:00 AM;URBANA;CARRERA-13-CALLE-8;CHOQUE;VEHICULO;0;1;0;39.007.222;-763.002.686;POINT (-76.3002686 3.9007222)
23;2023 Feb 22 12:00:00 AM;URBANA;CALLE-12-CARRERA-12;CHOQUE;VEHICULO;0;1;0;3.903.593;-76.297.931;POINT (-76.297931 3.903593)
23;2023 Feb 27 12:00:00 AM;URBANA;CALLE-1A-CARRERA-21;CHOQUE;VEHICULO;0;1;0;38.940.367;-763.093.661;POINT (-76.3093661 3.8940367)
23;2023 Mar 13 12:00:00 AM;URBANA;CARRERA-10-CALLE-11;CHOQUE;VEHICULO;0;1;0;39.022.757;-762.968.728;POINT (-76.2968728 3.9022757)
23;2023 Mar 13 12:00:00 AM;URBANA;CARRERA-15-CALLE-18;CHOQUE;VEHICULO;0;1;0;39.100.131;-762.986.576;POINT (-76.2986576 3.9100131)
23;2023 Mar 15 12:00:00 AM;URBANA;CALLE-7-CARRERA-5;CHOQUE;VEHICULO;0;1;0;39.018.036;-762.887.155;POINT (-76.2887155 3.9018036)
23;2023 Mar 17 12:00:00 AM;URBANA;CARERRA-11-CALLE-4;CHOQUE;VEHICULO;0;1;0;38.968.123;-762.996.746;POINT (-76.2996746 3.8968123)
23;2023 Mar 17 12:00:00 AM;URBANA;CARRERA-15-CALLE;CHOQUE;VEHICULO;0;1;0;39.218.169;-762.942.507;POINT (-76.2942507 3.9218169)
23;2023 Mar 20 12:00:00 AM;URBANA;CARRERA-9-CALLE-12;CHOQUE;VEHICULO;0;1;0;39.026.503;-762.955.242;POINT (-76.2955242 3.9026503)
23;2023 Mar 21 12:00:00 AM;URBANA;CARRERA-18-CALLE-17;CHOQUE;VEHICULO;0;1;0;39.102.668;-763.014.058;POINT (-76.3014058 3.9102668)
23;2023 Apr 02 12:00:00 AM;URBANA;CALLE-6-CARRERA--17;CHOQUE;VEHICULO;0;1;0;39.001.981;-763.043.951;POINT (-76.3043951 3.9001981)
23;2023 Apr 16 12:00:00 AM;URBANA;CARRERA-15-CALLE-28A;CHOQUE;VEHICULO;0;1;0;39.185.124;-762.942.507;POINT (-76.2942507 3.9185124)
23;2023 Apr 22 12:00:00 AM;URBANA;CALLE-4-VIA-LA-MAGADALENA;CHOQUE;VEHICULO;0;1;0;39.010.151;-76.290.993;POINT (-76.290993 3.9010151)
23;2023 Apr 30 12:00:00 AM;URBANA;CARRERA-14-CALLE;CHOQUE;VEHICULO;0;1;0;39.223.771;-76.291.355;POINT (-76.291355 3.9223771)
23;2023 Apr 30 12:00:00 AM;URBANA;CARRERA-15-CALLE-6;CHOQUE;VEHICULO;0;1;0;38.995.669;-763.026.318;POINT (-76.3026318 3.8995669)
23;2023 May 06 12:00:00 AM;URBANA;CALLE-4B-CARRERA-3;CHOQUE;VEHICULO;0;1;0;38.946.834;-762.930.915;POINT (-76.2930915 3.8946834)
23;2023 May 12 12:00:00 AM;URBANA;CARRERA-2E-CALLE-7;CHOQUE;VEHICULO;0;1;0;3.895.983;-762.903.094;POINT (-76.2903094 3.895983)
23;2023 May 25 12:00:00 AM;URBANA;CALLE--18-CARRERA-15;CHOQUE;VEHICULO;0;1;0;39.100.131;-762.986.576;POINT (-76.2986576 3.9100131)
23;2023 May 26 12:00:00 AM;URBANA;CALLE-6-CARRERA-11;ATROPELLO;NA;0;1;0;38.983.928;-762.991.899;POINT (-76.2991899 3.8983928)
23;2023 Jun 05 12:00:00 AM;URBANA;CARRERA-12-CALLE-2-SUR;CHOQUE;VEHICULO;0;1;0;3.892.779;-763.017.798;POINT (-76.3017798 3.892779)
23;2023 Jun 11 12:00:00 AM;URBANA;CALLE-10-CARRERA-7;CHOQUE;VEHICULO;0;1;0;39.002.397;-762.942.313;POINT (-76.2942313 3.9002397)
23;2023 Jun 15 12:00:00 AM;URBANA;CALLE-14-CARRERA-12;CHOQUE;VEHICULO;0;1;0;3.905.465;-76.297.368;POINT (-76.297368 3.905465)
23;2023 Jul 06 12:00:00 AM;URBANA;CARRERA---CALLE-7;CHOQUE;VEHICULO;0;1;0;39.018.036;-762.887.155;POINT (-76.2887155 3.9018036)
23;2023 Jul 17 12:00:00 AM;URBANA;CARRERA-14-CALLE-2;CHOQUE;VEHICULO;0;1;0;3.895.852;-763.028.966;POINT (-76.3028966 3.895852)
23;2023 Jul 20 12:00:00 AM;URBANA;CARRERA--CALLE-7;CHOQUE;VEHICULO;0;1;0;39.018.036;-762.887.155;POINT (-76.2887155 3.9018036)
23;2023 Jul 27 12:00:00 AM;URBANA;CARRERA-14-CALLE-10;CHOQUE;VEHICULO;0;1;0;39.027.977;-763.005.583;POINT (-76.3005583 3.9027977)
23;2023 Aug 03 12:00:00 AM;URBANA;CALLE-12-CARRERA-14;CHOQUE;VEHICULO;0;1;0;390.445;-763.000.322;POINT (-76.3000322 3.90445)
23;2023 Aug 05 12:00:00 AM;URBANA;CARRERA-1-CALLE-7;CHOQUE;VEHICULO;0;1;0;38.961.376;-762.907.721;POINT (-76.2907721 3.8961376)
23;2023 Aug 08 12:00:00 AM;URBANA;CARRERA-12-ENTRE-CALLE-5;CHOQUE;VEHICULO;0;1;0;38.978.083;-763.003.458;POINT (-76.3003458 3.8978083)
23;2023 Aug 08 12:00:00 AM;URBANA;CARRERA-11-CALLE-2;CHOQUE;VEHICULO;0;1;0;3.895.049;-763.000.997;POINT (-76.3000997 3.895049)
23;2023 Aug 09 12:00:00 AM;URBANA;CARRERA-9-CALLE-12;CHOQUE;VEHICULO;0;1;0;39.026.503;-762.955.242;POINT (-76.2955242 3.9026503)
23;2023 Aug 10 12:00:00 AM;URBANA;CARERRA-14-CALLE-12;CHOQUE;VEHICULO;0;1;0;390.445;-763.000.322;POINT (-76.3000322 3.90445)
23;2023 Aug 11 12:00:00 AM;URBANA;CARRERA-14-FRENTE-15;CHOQUE;VEHICULO;0;1;0;39.223.771;-76.291.355;POINT (-76.291355 3.9223771)
23;2023 Aug 17 12:00:00 AM;URBANA;CARRERA-12-CALLE-2-SUR;CHOQUE;VEHICULO;0;1;0;3.892.779;-763.017.798;POINT (-76.3017798 3.892779)
23;2023 Aug 20 12:00:00 AM;URBANA;CARRERA-9-CALLE-14;CHOQUE;VEHICULO;0;1;0;39.045.556;-762.947.038;POINT (-76.2947038 3.9045556)
23;2023 Aug 24 12:00:00 AM;URBANA;CARRERA-9-CALLE-11;CHOQUE;VEHICULO;0;1;0;39.018.604;-762.958.616;POINT (-76.2958616 3.9018604)
23;2023 Sep 10 12:00:00 AM;URBANA;CARRERA-18-CALLE-14;CHOQUE;VEHICULO;0;1;0;3.907.548;-763.026.847;POINT (-76.3026847 3.907548)
23;2023 Sep 11 12:00:00 AM;URBANA;CARRERA-5-CALLE-5;CHOQUE;VEHICULO;0;1;0;38.939.693;-762.894.452;POINT (-76.2894452 3.8939693)
23;2023 Sep 11 12:00:00 AM;URBANA;CARRERA-1-CALLE-6;CHOQUE;VEHICULO;0;1;0;38.954.051;-762.909.992;POINT (-76.2909992 3.8954051)
23;2023 Sep 11 12:00:00 AM;URBANA;CARRERA-8-CALLE-7;CHOQUE;VEHICULO;0;1;0;38.983.424;-762.962.898;POINT (-76.2962898 3.8983424)
23;2023 Sep 13 12:00:00 AM;URBANA;CARRERA-9-SUR-CALLE-4-SUR;CHOQUE;VEHICULO;0;1;0;3.891.626;-762.985.467;POINT (-76.2985467 3.891626)
23;2023 Sep 21 12:00:00 AM;URBANA;CARRERA-1-CALLE-7;CHOQUE;VEHICULO;0;1;0;38.961.376;-762.907.721;POINT (-76.2907721 3.8961376)
23;2023 Sep 23 12:00:00 AM;URBANA;CARERRA-12-CALLE-5;CHOQUE;VEHICULO;0;1;1;38.978.083;-763.003.458;POINT (-76.3003458 3.8978083)
23;2023 Sep 23 12:00:00 AM;URBANA;CARRERA-12-CALLE-10;CHOQUE;VEHICULO;0;1;1;39.021.984;-762.986.622;POINT (-76.2986622 3.9021984)
23;2023 Sep 23 12:00:00 AM;URBANA;CARRERA-1-CALLE-6;CHOQUE;VEHICULO;0;1;0;38.954.051;-762.909.992;POINT (-76.2909992 3.8954051)
23;2023 Sep 29 12:00:00 AM;URBANA;CARRERA-8-CALLE-14;CHOQUE;VEHICULO;0;1;0;39.042.173;-762.938.875;POINT (-76.2938875 3.9042173)
23;2023 Oct 08 12:00:00 AM;URBANA;CALLE-4-CARRERA-6;CHOQUE;VEHICULO;0;1;0;39.010.151;-76.290.993;POINT (-76.290993 3.9010151)
23;2023 Oct 17 12:00:00 AM;URBANA;CARRERA-9-CALLE-12;CHOQUE;VEHICULO;0;1;0;39.026.503;-762.955.242;POINT (-76.2955242 3.9026503)
23;2023 Oct 17 12:00:00 AM;URBANA;CARRERA-14-CALLE-9;CHOQUE;VEHICULO;0;1;1;39.019.482;-763.008.736;POINT (-76.3008736 3.9019482)
23;2023 Oct 18 12:00:00 AM;URBANA;CARRERA-4-CALLE-5;CHOQUE;VEHICULO;0;1;0;38.954.701;-762.936.734;POINT (-76.2936734 3.8954701)
23;2023 Oct 23 12:00:00 AM;URBANA;CALLE-21-CARRERA-13;CHOQUE;VEHICULO;0;1;0;39.116.583;-762.959.552;POINT (-76.2959552 3.9116583)
23;2023 Oct 23 12:00:00 AM;URBANA;CALLE-10-CARRERA-14;CHOQUE;VEHICULO;0;1;0;39.027.977;-763.005.583;POINT (-76.3005583 3.9027977)
23;2023 Oct 30 12:00:00 AM;URBANA;CARRERA-14-CALLE-13;CHOQUE;VEHICULO;0;1;0;39.053.992;-762.995.825;POINT (-76.2995825 3.9053992)
23;2023 Nov 04 12:00:00 AM;URBANA;CARRERA-15-CALLE-16;CHOQUE;VEHICULO;0;1;0;39.084.789;-762.993.152;POINT (-76.2993152 3.9084789)
23;2023 Nov 09 12:00:00 AM;URBANA;CARRERA-8-CALLE-9;CHOQUE;VEHICULO;0;1;0;39.000.161;-7.629.565;POINT (-76.29565 3.9000161)
23;2023 Nov 10 12:00:00 AM;URBANA;CARRERA-19-CALLE-3;CHOQUE;VEHICULO;0;1;0;38.980.191;-763.072.671;POINT (-76.3072671 3.8980191)
23;2023 Nov 12 12:00:00 AM;RURAL;KM-2-VIA-BUGA-LA-HABANA;CHOQUE;VEHICULO;0;1;0;38.946.048;-763.055.772;POINT (-76.3055772 3.8946048)
23;2023 Nov 14 12:00:00 AM;URBANA;CARRERA-8-CALLE-7;CHOQUE;VEHICULO;0;1;0;38.983.424;-762.962.898;POINT (-76.2962898 3.8983424)
23;2023 Nov 14 12:00:00 AM;URBANA;CARRERA-18-CALLE-19;VOLCAMIENTO;NA;0;1;0;39.117.747;-763.001.552;POINT (-76.3001552 3.9117747)
23;2023 Nov 17 12:00:00 AM;URBANA;CALLE-10-CARRERA-7;CHOQUE;VEHICULO;0;1;0;39.002.397;-762.942.313;POINT (-76.2942313 3.9002397)
23;2023 Nov 27 12:00:00 AM;URBANA;CARRERA-4-CALLE-30;CHOQUE;VEHICULO;0;1;0;39.193.594;-762.884.592;POINT (-76.2884592 3.9193594)
23;2023 Nov 28 12:00:00 AM;URBANA;CARRERA--9-CALLE-21;CHOQUE;VEHICULO;0;1;0;39.101.819;-762.923.704;POINT (-76.2923704 3.9101819)
23;2023 Dec 05 12:00:00 AM;URBANA;CARRERA-14-CALLE-10;CHOQUE;VEHICULO;0;1;0;39.027.977;-763.005.583;POINT (-76.3005583 3.9027977)
23;2023 Dec 05 12:00:00 AM;URBANA;CARRERA-11-CALLE-6;CHOQUE;VEHICULO;0;1;0;38.983.928;-762.991.899;POINT (-76.2991899 3.8983928)
23;2023 Dec 08 12:00:00 AM;URBANA;CARRERA-15-CALLE-18;ATROPELLO;NA;0;1;0;39.100.131;-762.986.576;POINT (-76.2986576 3.9100131)
23;2023 Dec 17 12:00:00 AM;URBANA;CALLE-6-CARRERA-16;CHOQUE;VEHICULO;0;1;0;38.999.041;-763.035.328;POINT (-76.3035328 3.8999041)
24;2024 Jan 02 12:00:00 AM;URBANA;CARRERA-15-CALLE-5;CHOQUE;VEHICULO;0;1;0;38.987.145;-763.029.713;POINT (-76.3029713 3.8987145)
24;2024 Jan 06 12:00:00 AM;URBANA;CALLE-16-CARRERA-18B;CHOQUE;VEHICULO;0;1;0;39.187.464;-762.978.476;POINT (-76.2978476 3.9187464)
24;2024 Jan 19 12:00:00 AM;URBANA;CARRERA-19-CALLE-4;ATROPELLO;NA;0;1;0;38.986.127;-763.069.452;POINT (-76.3069452 3.8986127)
24;2023 Jan 20 12:00:00 AM;URBANA;CARRERA-8-CALLE-13A;CHOQUE;VEHICULO;0;1;0;39.036.627;-762.941.227;POINT (-76.2941227 3.9036627)
24;2024 Jan 28 12:00:00 AM;URBANA;CARRERA-16-CALLE-3;CHOQUE;VEHICULO;0;1;0;38.971.515;-763.044.776;POINT (-76.3044776 3.8971515)
24;2024 Jan 29 12:00:00 AM;URBANA;CALLE-2-SUR-CARRERA-15A;CHOQUE;VEHICULO;0;1;0;38.920.395;-763.056.317;POINT (-76.3056317 3.8920395)
24;2024 Feb 01 12:00:00 AM;URBANA;CALLE-4-SUR-CARRERA-10;CHOQUE;0-DISPONIBLE;0;1;0;38.916.379;-762.991.715;POINT (-76.2991715 3.8916379)
24;2024 Feb 03 12:00:00 AM;URBANA;CARRERA-16-CALLE-19;CHOQUE;0-DISPONIBLE;0;1;0;39.113.137;-762.994.247;POINT (-76.2994247 3.9113137)
24;2024 Feb 22 12:00:00 AM;URBANA;CARRERA-8-CALLE-30;CHOQUE;VEHICULO;0;1;0;39.156.597;-762.885.572;POINT (-76.2885572 3.9156597)
24;2024 Feb 24 12:00:00 AM;URBANA;CARRERA-14-CALLE-24;CHOQUE;VEHICULO;0;1;0;39.136.298;-762.957.725;POINT (-76.2957725 3.9136298)
24;2024 Feb 26 12:00:00 AM;URBANA;CARRERA-15-CALLE-5;CHOQUE;VEHICULO;0;1;0;38.987.145;-763.029.713;POINT (-76.3029713 3.8987145)
24;2024 Feb 29 12:00:00 AM;URBANA;CARRERA-8-CALLE-14;VOLCAMIENTO;NA;0;0;1;39.042.173;-762.938.875;POINT (-76.2938875 3.9042173)
24;2024 Mar 02 12:00:00 AM;URBANA;CARRERA-9-CALLE-17;ATROPELLO;NA;0;0;0;39.075.268;-762.934.665;POINT (-76.2934665 3.9075268)
24;2024 Mar 03 12:00:00 AM;URBANA;CARRERA-17-CALLE-13;CHOQUE;VEHICULO;0;1;0;39.064.514;-763.020.971;POINT (-76.3020971 3.9064514)
24;2024 Mar 03 12:00:00 AM;URBANA;CALLE-19-CRA-15-Y-16;CHOQUE;VEHICULO;0;1;0;39.108.105;-762.983.393;POINT (-76.2983393 3.9108105)
24;2024 Mar 16 12:00:00 AM;URBANA;CARRERA-5-CALLE-2-SUR;CHOQUE;VEHICULO;0;1;0;38.908.005;-762.925.341;POINT (-76.2925341 3.8908005)
24;2024 Mar 23 12:00:00 AM;URBANA;CARRERA-11-CALLE-4;CHOQUE;VEHICULO;0;1;0;38.968.123;-762.996.746;POINT (-76.2996746 3.8968123)
24;2024 Mar 23 12:00:00 AM;URBANA;CARRERA-9-CALLE-12;CHOQUE;VEHICULO;0;1;0;39.026.503;-762.955.242;POINT (-76.2955242 3.9026503)
24;2024 Apr 05 12:00:00 AM;URBANA;CALLE-4-SUR-CRA-23;VOLCAMIENTO;NA;0;1;0;38.916.954;-762.922.233;POINT (-76.2922233 3.8916954)
24;2024 Apr 07 12:00:00 AM;URBANA;CARRERA-18-CALLE-15;CHOQUE;0-DISPONIBLE;0;1;0;39.085.545;-763.023.628;POINT (-76.3023628 3.9085545)
24;2024 Apr 15 12:00:00 AM;URBANA;CALLE-13-CARRERA-6;CHOQUE;VEHICULO;0;1;0;39.002.823;-762.872.189;POINT (-76.2872189 3.9002823)
24;2024 Apr 18 12:00:00 AM;URBANA;CARRERA-19-CALLE-7;CHOQUE;VEHICULO;0;1;0;39.017.743;-763.058.706;POINT (-76.3058706 3.9017743)
24;2024 Apr 23 12:00:00 AM;URBANA;CARRERA-3A-CALLE-7;CHOQUE;VEHICULO;0;1;0;39.018.036;-762.887.155;POINT (-76.2887155 3.9018036)
24;2024 Apr 27 12:00:00 AM;URBANA;CARRERA-15-CALLE-30;CHOQUE;VEHICULO;0;1;0;39.184.591;-762.953.586;POINT (-76.2953586 3.9184591)
24;2024 May 02 12:00:00 AM;URBANA;CALLE-4-CARRERA-23;ATROPELLO;NA;0;1;0;38.997.402;-763.107.125;POINT (-76.3107125 3.8997402)
24;2024 May 02 12:00:00 AM;URBANA;CALLE-1-CARRERA-9;CHOQUE;VEHICULO;0;1;0;38.942.795;-762.985.091;POINT (-76.2985091 3.8942795)
24;2024 May 06 12:00:00 AM;URBANA;CARRERA-19-CALLE-7;VOLCAMIENTO;NA;0;1;0;39.017.743;-763.058.706;POINT (-76.3058706 3.9017743)
24;2024 May 08 12:00:00 AM;URBANA;CARRERA-15-CALLE-15;CHOQUE;VEHICULO;0;1;0;39.074.587;-762.997.375;POINT (-76.2997375 3.9074587)
24;2024 May 11 12:00:00 AM;URBANA;CARRERA-12-CALLE-6-SUR;ATROPELLO;NA;0;1;0;38.899.325;-763.007.009;POINT (-76.3007009 3.8899325)
24;2024 May 18 12:00:00 AM;URBANA;CARRERA-16-CALLE-6-SUR;CHOQUE;VEHICULO;0;1;0;38.895.664;-763.070.168;POINT (-76.3070168 3.8895664)
24;2024 May 24 12:00:00 AM;URBANA;CARRERA-10-CALLE-7;CHOQUE;VEHICULO;0;1;0;38.989.651;-762.980.082;POINT (-76.2980082 3.8989651)
24;2024 May 30 12:00:00 AM;URBANA;CALLE-9-CARRERA-5;CHOQUE;VEHICULO;0;1;0;39.033.282;-762.877.353;POINT (-76.2877353 3.9033282)
24;2024 May 31 12:00:00 AM;URBANA;CARERRA-1-CALLE-10;CHOQUE;VEHICULO;0;1;0;38.984.833;-76.290.097;POINT (-76.290097 3.8984833)
24;2024 Jun 02 12:00:00 AM;URBANA;CARRERA-19-CALLE-7A;CHOQUE;0-DISPONIBLE;0;1;0;39.150.531;-763.000.419;POINT (-76.3000419 3.9150531)
24;2024 Jun 02 12:00:00 AM;URBANA;CARRERA-14-CALLE-8;CHOQUE;VEHICULO;0;1;0;39.010.521;-763.011.677;POINT (-76.3011677 3.9010521)
24;2024 Jun 04 12:00:00 AM;URBANA;CALLE-16-CARRERA-11;CHOQUE;VEHICULO;0;1;0;39.068.403;-762.959.704;POINT (-76.2959704 3.9068403)
24;2024 Jun 05 12:00:00 AM;URBANA;CALLE-6-CARRERA-11;CHOQUE;VEHICULO;0;1;0;38.983.928;-762.991.899;POINT (-76.2991899 3.8983928)
24;2024 Jun 06 12:00:00 AM;URBANA;CALLE-19-CARRERA-12;CHOQUE;0-DISPONIBLE;0;1;0;3.909.727;-762.957.448;POINT (-76.2957448 3.909727)
24;2024 Jun 07 12:00:00 AM;URBANA;CALLE-1-SUR-CARRERA-19;CHOQUE;VEHICULO;0;1;0;3.894.518;-763.083.423;POINT (-76.3083423 3.894518)
24;2024 Jun 16 12:00:00 AM;RURAL;CARRERA-12-SUR-QUEBRADA-SECA;CHOQUE;VEHICULO;0;1;0;39.192.872;-76.291.355;POINT (-76.291355 3.9192872)
24;2024 Jun 17 12:00:00 AM;RURAL;VIA-BUGA-LA-MAGDALENA;CHOQUE;VEHICULO;0;1;0;38.834.698;-762.942.195;POINT (-76.2942195 3.8834698)
24;2024 Jun 19 12:00:00 AM;URBANA;CARRERA-9-CALLE-2;CHOQUE;VEHICULO;0;1;0;38.946.922;-762.984.417;POINT (-76.2984417 3.8946922)
24;2024 Jun 21 12:00:00 AM;URBANA;CARRERA-14-CALLE-10;CHOQUE;VEHICULO;0;1;0;39.027.977;-763.005.583;POINT (-76.3005583 3.9027977)
24;2024 Jun 24 12:00:00 AM;URBANA;CALLE-13-CARRERA-9-BIS;ATROPELLO;NA;0;1;0;39.078.819;-762.937.077;POINT (-76.2937077 3.9078819)
24;2024 Jun 29 12:00:00 AM;URBANA;CARRERA-9-CALLE-7;CHOQUE;VEHICULO;0;1;0;38.986.738;-762.971.495;POINT (-76.2971495 3.8986738)
24;2024 Jun 30 12:00:00 AM;URBANA;CARRERA-16-CALLE-4-BIS;CHOQUE;VEHICULO;0;1;0;38.980.496;-763.041.773;POINT (-76.3041773 3.8980496)
24;2024 Jul 08 12:00:00 AM;URBANA;CARERRA-9-CALLE-14;CHOQUE;VEHICULO;0;1;0;39.045.556;-762.947.038;POINT (-76.2947038 3.9045556)
24;2024 Jul 08 12:00:00 AM;URBANA;CALLE-11-CARRERA-2;CHOQUE;0-DISPONIBLE;0;1;0;38.994.725;-762.900.438;POINT (-76.2900438 3.8994725)
24;2024 Jul 09 12:00:00 AM;URBANA;CALLE-19-CARRERA-7;CHOQUE;VEHICULO;0;1;0;39.074.706;-762.910.076;POINT (-76.2910076 3.9074706)
24;2024 Jul 12 12:00:00 AM;URBANA;CARRERA-12-SUR-CALLE-8;CHOQUE;VEHICULO;0;1;0;39.004.828;-762.994.639;POINT (-76.2994639 3.9004828)
24;2024 Jul 13 12:00:00 AM;URBANA;CALLE-1-CARRERA-11;CHOQUE;VEHICULO;0;1;0;38.945.751;-763.001.957;POINT (-76.3001957 3.8945751)
24;2024 Jul 14 12:00:00 AM;URBANA;CARRERA-1-CALLE-9;CHOQUE;VEHICULO;0;1;0;38.980.502;-762.902.521;POINT (-76.2902521 3.8980502)
24;2024 Jul 17 12:00:00 AM;URBANA;CARRERA-13C-CALLE-6-SUR;CHOQUE;VEHICULO;0;1;0;3.888.972;-76.302.697;POINT (-76.302697 3.888972)
24;2024 Jul 18 12:00:00 AM;URBANA;CALLE-8-CARRERA-7;CHOQUE;VEHICULO;0;1;0;38.987.321;-762.950.352;POINT (-76.2950352 3.8987321)
24;2024 Jul 20 12:00:00 AM;URBANA;CALLE-3-CARRERA-9;CHOQUE;VEHICULO;0;1;0;38.957.097;-762.982.019;POINT (-76.2982019 3.8957097)
24;2024 Jul 21 12:00:00 AM;URBANA;CARRERA-14-CALLE-15;CHOQUE;VEHICULO;0;1;0;39.070.611;-762.987.326;POINT (-76.2987326 3.9070611)
24;2024 Jul 27 12:00:00 AM;URBANA;CARRERA-16-CALLE-20;CHOQUE;VEHICULO;0;1;0;39.121.224;-762.991.201;POINT (-76.2991201 3.9121224)
24;2024 Jul 27 12:00:00 AM;URBANA;CALLE-5-CARRERA-13;CHOQUE;VEHICULO;0;1;0;3.898.103;-763.011.786;POINT (-76.3011786 3.898103)
24;2024 Jul 24 12:00:00 AM;URBANA;CARRERA-18-CALLE-14;CHOQUE;VEHICULO;0;1;0;3.907.548;-763.026.847;POINT (-76.3026847 3.907548)
24;2024 Jul 31 12:00:00 AM;URBANA;CARRERA-18-CALLE-18;ATROPELLO;NA;0;0;1;39.106.342;-763.011.569;POINT (-76.3011569 3.9106342)
24;2024 Aug 03 12:00:00 AM;URBANA;CALLE-16-CARRERA-13;CHOQUE;VEHICULO;0;0;1;39.075.183;-762.975.853;POINT (-76.2975853 3.9075183)
24;2024 Aug 05 12:00:00 AM;URBANA;CALLE-15-CARRERA-11;CHOQUE;VEHICULO;0;1;0;39.061.648;-762.962.973;POINT (-76.2962973 3.9061648)
24;2024 Aug 11 12:00:00 AM;URBANA;CALLE-21-CARRERA-13;CHOQUE;VEHICULO;0;1;0;39.116.583;-762.959.552;POINT (-76.2959552 3.9116583)
24;2024 Aug 17 12:00:00 AM;URBANA;CARRERA-8-CALLE-16;CHOQUE;VEHICULO;0;1;0;39.057.366;-762.933.822;POINT (-76.2933822 3.9057366)
24;2024 Aug 17 12:00:00 AM;URBANA;CALLE-4-CARRERA-20;ATROPELLO;NA;0;1;0;38.990.509;-763.075.442;POINT (-76.3075442 3.8990509)
24;2024 Aug 17 12:00:00 AM;URBANA;CALLE-9-CARRERA-10;VOLCAMIENTO;NA;0;0;1;39.006.836;-762.973.804;POINT (-76.2973804 3.9006836)
24;2024 Aug 27 12:00:00 AM;URBANA;CALLE-2-SUR-CARRERA-9;CHOQUE;VEHICULO;0;1;0;38.927.426;-762.987.469;POINT (-76.2987469 3.8927426)
24;2024 Aug 28 12:00:00 AM;URBANA;CARRERA-12-CALLE-10A-SUR;CHOQUE;VEHICULO;0;1;0;39.050.353;-762.882.782;POINT (-76.2882782 3.9050353)
24;2024 Aug 28 12:00:00 AM;URBANA;CALLE-22-CARRERA-11;CHOQUE;VEHICULO;0;1;0;39.115.368;-76.294.162;POINT (-76.294162 3.9115368)
24;2024 Aug 30 12:00:00 AM;URBANA;CARRERA-15-CALLE-3;CHOQUE;VEHICULO;0;1;0;3.896.879;-763.035.723;POINT (-76.3035723 3.896879)
24;2024 Sep 02 12:00:00 AM;URBANA;CARRERA-18-CALLE-6;CHOQUE;VEHICULO;0;1;0;39.005.112;-763.053.174;POINT (-76.3053174 3.9005112)
24;2024 Sep 03 12:00:00 AM;URBANA;CALLE-9-SUR-CALLE-7;CHOQUE;VEHICULO;0;1;0;38.899.901;-762.976.792;POINT (-76.2976792 3.8899901)
24;2024 Sep 05 12:00:00 AM;URBANA;CARRERA-9-CALLE-19;CHOQUE;VEHICULO;0;1;0;39.085.076;-762.930.793;POINT (-76.2930793 3.9085076)
24;2024 Sep 05 12:00:00 AM;URBANA;CALLE-21-CARRERA-14;CHOQUE;VEHICULO;0;1;0;39.119.521;-762.964.982;POINT (-76.2964982 3.9119521)
24;2024 Sep 06 12:00:00 AM;URBANA;CARERRA-11-CALLE-15;CHOQUE;VEHICULO;0;1;0;39.061.648;-762.962.973;POINT (-76.2962973 3.9061648)
24;2024 Sep 08 12:00:00 AM;URBANA;CARERRA-14-CALLE-17;CHOQUE;VEHICULO;0;1;0;39.087.222;-76.297.844;POINT (-76.297844 3.9087222)
24;2024 Sep 14 12:00:00 AM;URBANA;CARRERA-14-CALLE-24;ATROPELLO;NA;0;1;0;39.136.298;-762.957.725;POINT (-76.2957725 3.9136298)
24;2024 Sep 24 12:00:00 AM;URBANA;CALLE-16-CARRERA-10;CHOQUE;VEHICULO;0;1;0;39.065.629;-76.295.364;POINT (-76.295364 3.9065629)
24;2024 Sep 27 12:00:00 AM;URBANA;CARRERA-18-CALLE-11;CHOQUE;VEHICULO;0;1;0;39.049.962;-763.036.329;POINT (-76.3036329 3.9049962)
24;2024 Sep 28 12:00:00 AM;URBANA;CARRERA-12-CALLE-6-SUR;CHOQUE;VEHICULO;0;1;0;38.899.325;-763.007.009;POINT (-76.3007009 3.8899325)
24;2024 Sep 30 12:00:00 AM;URBANA;CALLE-6-CARRERA-16;CHOQUE;VEHICULO;0;1;0;38.999.041;-763.035.328;POINT (-76.3035328 3.8999041)
24;2024 Oct 01 12:00:00 AM;URBANA;CARRERA-12-CALLE-11;CHOQUE;VEHICULO;0;1;0;39.028.386;-762.983.082;POINT (-76.2983082 3.9028386)
24;2024 Oct 10 12:00:00 AM;URBANA;CALLE-8-CARRERA-4C;ATROPELLO;NA;0;1;0;38.962.544;-76.288.781;POINT (-76.288781 3.8962544)
24;2024 Oct 11 12:00:00 AM;URBANA;CARRERA-8-CALLE-15;CHOQUE;VEHICULO;0;1;0;39.051.366;-762.935.797;POINT (-76.2935797 3.9051366)
24;2024 Oct 18 12:00:00 AM;URBANA;CARRERA-9-CALLE-5;CHOQUE;VEHICULO;0;1;0;3.896.921;-762.978.143;POINT (-76.2978143 3.896921)
24;2024 Oct 22 12:00:00 AM;URBANA;CALLE-13-CARRERA-10;CHOQUE;VEHICULO;0;1;0;39.038.503;-762.963.225;POINT (-76.2963225 3.9038503)
24;2024 Oct 23 12:00:00 AM;URBANA;CALLE-10-SUR-CARRERA-12B;CHOQUE;VEHICULO;0;1;0;38.878.064;-762.917.701;POINT (-76.2917701 3.8878064)
24;2024 Oct 29 12:00:00 AM;URBANA;CARRERA-18-CALLE-19;CHOQUE;VEHICULO;0;1;0;39.117.747;-763.001.552;POINT (-76.3001552 3.9117747)
24;2024 Oct 30 12:00:00 AM;URBANA;CALLE-7-CARRERA-14;ATROPELLO;NA;0;1;0;39.001.332;-763.014.661;POINT (-76.3014661 3.9001332)
24;2024 Oct 31 12:00:00 AM;URBANA;CALLE-13-CARRERA-7;CHOQUE;VEHICULO;0;1;0;39.025.697;-762.930.934;POINT (-76.2930934 3.9025697)
24;2024 Nov 05 12:00:00 AM;URBANA;CALLE-6-CARRERA-11;CHOQUE;VEHICULO;0;1;0;38.983.928;-762.991.899;POINT (-76.2991899 3.8983928)
24;2024 Nov 08 12:00:00 AM;URBANA;CALLE-1-CARRERA-14;CHOQUE;VEHICULO;0;1;0;38.949.465;-763.031.309;POINT (-76.3031309 3.8949465)
24;2024 Nov 10 12:00:00 AM;URBANA;CARRERA-8-CALLE-23;CHOQUE;VEHICULO;0;1;0;3.911.074;-762.909.445;POINT (-76.2909445 3.911074)
24;2024 Nov 16 12:00:00 AM;URBANA;CARRERA-14-CALLE-18;CHOQUE;VEHICULO;0;1;0;39.095.114;-762.974.284;POINT (-76.2974284 3.9095114)
24;2024 Nov 17 12:00:00 AM;URBANA;CALLE-3-SUR-CARRERA-13;CHOQUE;VEHICULO;0;1;0;38.907.007;-763.023.774;POINT (-76.3023774 3.8907007)
24;2024 Nov 18 12:00:00 AM;URBANA;CARRERA-12-CALLE-17-SUR;CHOQUE;VEHICULO;0;1;0;38.859.653;-762.988.964;POINT (-76.2988964 3.8859653)
24;2024 Nov 19 12:00:00 AM;URBANA;CALLE-22A-CARRERA-13;CHOQUE;VEHICULO;0;1;0;3.912.591;-762.955.995;POINT (-76.2955995 3.912591)
24;2024 Nov 21 12:00:00 AM;URBANA;CARRERA-16-CALLE-30;ATROPELLO;NA;0;0;1;39.185.959;-762.967.846;POINT (-76.2967846 3.9185959)
24;2024 Nov 25 12:00:00 AM;URBANA;CALLE-6-CARRERA-16;CHOQUE;VEHICULO;0;1;0;38.999.041;-763.035.328;POINT (-76.3035328 3.8999041)
24;2024 Nov 30 12:00:00 AM;URBANA;CARRERA-8-CALLE-30;CHOQUE;VEHICULO;0;1;0;39.156.597;-762.885.572;POINT (-76.2885572 3.9156597)
24;2024 Nov 30 12:00:00 AM;URBANA;CARRERA-9-CALLE-7;CHOQUE;VEHICULO;0;1;0;38.986.738;-762.971.495;POINT (-76.2971495 3.8986738)
24;2024 Dec 01 12:00:00 AM;URBANA;CARRERA-8-CALLE-37;CHOQUE;0-DISPONIBLE;0;1;0;39.233.261;-762.871.418;POINT (-76.2871418 3.9233261)
24;2024 Dec 03 12:00:00 AM;URBANA;CARRERA-16-CALLE-30;CHOQUE;VEHICULO;0;1;0;39.185.959;-762.967.846;POINT (-76.2967846 3.9185959)
24;2024 Dec 04 12:00:00 AM;URBANA;CARRERA-14-CALLE-24;CHOQUE;VEHICULO;0;1;0;39.136.298;-762.957.725;POINT (-76.2957725 3.9136298)
24;2024 Dec 05 12:00:00 AM;URBANA;CALLE-4-CRRERA-23;ATROPELLO;VEHICULO;0;1;0;38.997.402;-763.107.125;POINT (-76.3107125 3.8997402)
24;2024 Dec 06 12:00:00 AM;URBANA;CALLE-7-CARRERA-13;ATROPELLO;NA;0;1;0;38.998.472;-763.005.732;POINT (-76.3005732 3.8998472)
24;2024 Dec 09 12:00:00 AM;URBANA;CALLE-9-SUR-CRA-13;CHOQUE;VEHICULO;0;1;0;38.867.891;-763.030.213;POINT (-76.3030213 3.8867891)
24;2024 Dec 20 12:00:00 AM;URBANA;CALLE-25-CARRERA-10;ATROPELLO;NA;0;1;0;39.128.281;-762.928.071;POINT (-76.2928071 3.9128281)
24;2024 Dec 21 12:00:00 AM;URBANA;CALLE-16-CARRERA-18b;ATROPELLO;NA;0;1;0;39.187.464;-762.978.476;POINT (-76.2978476 3.9187464)
24;2024 Dec 21 12:00:00 AM;URBANA;CARRERA-9-CALLE-8;CHOQUE;VEHICULO;0;1;0;38.994.625;-762.968.451;POINT (-76.2968451 3.8994625)
24;2024 Dec 25 12:00:00 AM;URBANA;CALLE-26-CARRERA-13;ATROPELLO;NA;0;1;0;39.140.744;-762.949.871;POINT (-76.2949871 3.9140744)
24;2024 Dec 25 12:00:00 AM;URBANA;CARRERA-9-CALLE-7;CHOQUE;VEHICULO;0;1;0;38.986.738;-762.971.495;POINT (-76.2971495 3.8986738)
24;2024 Dec 26 12:00:00 AM;URBANA;CARRERA-8-CALLE-9;CHOQUE;VEHICULO;0;1;0;39.000.161;-7.629.565;POINT (-76.29565 3.9000161)
24;2024 Dec 28 12:00:00 AM;URBANA;CARRERA-12-CALLE-12;CHOQUE;VEHICULO;0;1;0;3.903.593;-76.297.931;POINT (-76.297931 3.903593)
