ANO;CODIGO_RNT;COD_MUN;COD_DPTO;ESTADO_RNT;RAZON_SOCIAL_ESTABLECIMIENTO;DEPARTAMENTO;MUNICIPIO;CATEGORIA;SUB_CATEGORIA;HABITACIONES;CAMAS;NUM_EMP
2019;17.595;76364;76;ACTIVO;HOTEL JAMUNDI REAL;VALLE DEL CAUCA;JAMUNDI;ESTABLECIMIENTOS DE ALOJAMIENTO TURÍSTICO;HOTEL;39;45;1
2019;19.559;76364;76;ACTIVO;HOSTAL PANORAMA;VALLE DEL CAUCA;JAMUNDI;ESTABLECIMIENTOS DE ALOJAMIENTO TURÍSTICO;HOTEL;25;31;3
2019;19.560;76364;76;ACTIVO;HOSTAL PARAISO JAMUNDI;VALLE DEL CAUCA;JAMUNDI;ESTABLECIMIENTOS DE ALOJAMIENTO TURÍSTICO;HOTEL;25;31;3
2019;19.626;76364;76;ACTIVO;HOTEL EL VIAJERO - JAMUNDI;VALLE DEL CAUCA;JAMUNDI;ESTABLECIMIENTOS DE ALOJAMIENTO TURÍSTICO;HOTEL;38;40;1
2019;26.177;76364;76;ACTIVO;HOSTAL PORTAL DEL SOL;VALLE DEL CAUCA;JAMUNDI;ESTABLECIMIENTOS DE ALOJAMIENTO TURÍSTICO;HOSTAL;32;35;3
2019;26.662;76364;76;ACTIVO;GRUPO AVENTURA;VALLE DEL CAUCA;JAMUNDI;AGENCIA DE VIAJES;AGENCIAS DE VIAJES OPERADORAS;0;0;1
2019;26.724;76364;76;ACTIVO;XAMUNDI TOURS;VALLE DEL CAUCA;JAMUNDI;AGENCIA DE VIAJES;AGENCIAS DE VIAJES OPERADORAS;0;0;1
2019;27.475;76364;76;ACTIVO;REPRESENTACIONES TURISTICAS CARLOS MICOLTA;VALLE DEL CAUCA;JAMUNDI;OFICINAS DE REPRESENTACION TURÍSTICA;OFICINA DE REPRESENTACION TURÍSTICA;0;0;1
2019;28.340;76364;76;ACTIVO;TURISMO JJC;VALLE DEL CAUCA;JAMUNDI;AGENCIA DE VIAJES;AGENCIAS DE VIAJES OPERADORAS;0;0;1
2019;29.746;76364;76;ACTIVO;LAGOGRANDE HOTEL, RESORT Y CENTRO DE CONVENCIONES;VALLE DEL CAUCA;JAMUNDI;ESTABLECIMIENTOS DE ALOJAMIENTO TURÍSTICO;HOTEL;16;40;24
2019;35.394;76364;76;ACTIVO;JEYVER TURES;VALLE DEL CAUCA;JAMUNDI;AGENCIA DE VIAJES;AGENCIAS DE VIAJES Y DE TURISMO;0;0;2
2019;39.927;76364;76;ACTIVO;OPERADORES DE TURISMO LOS BULLICIOSOS S.A.S.;VALLE DEL CAUCA;JAMUNDI;AGENCIA DE VIAJES;AGENCIAS DE VIAJES OPERADORAS;0;0;1
2019;42.124;76364;76;ACTIVO;TROPICAL TRAVEL TOURS;VALLE DEL CAUCA;JAMUNDI;AGENCIA DE VIAJES;AGENCIAS DE VIAJES OPERADORAS;0;0;1
2019;42.137;76364;76;ACTIVO;VIVIANA MARTINEZ SALAS;VALLE DEL CAUCA;JAMUNDI;GUIA DE TURISMO;GUIA DE TURISMO;0;0;1
2019;45.921;76364;76;ACTIVO;RESERVA NATURAL BONANZA;VALLE DEL CAUCA;JAMUNDI;AGENCIA DE VIAJES;AGENCIAS DE VIAJES OPERADORAS;0;0;1
2019;51.100;76364;76;ACTIVO;DREAM TRAVELING;VALLE DEL CAUCA;JAMUNDI;AGENCIA DE VIAJES;AGENCIAS DE VIAJES Y DE TURISMO;0;0;1
2019;55.011;76364;76;ACTIVO;FINCA LA CAROLA;VALLE DEL CAUCA;JAMUNDI;ESTABLECIMIENTOS DE ALOJAMIENTO TURÍSTICO;APARTAHOTEL;4;12;1
2019;55.515;76364;76;ACTIVO;DELITUR TRAVEL;VALLE DEL CAUCA;JAMUNDI;AGENCIA DE VIAJES;AGENCIAS DE VIAJES Y DE TURISMO;0;0;2
2019;60.781;76364;76;ACTIVO;MACA TOURS;VALLE DEL CAUCA;JAMUNDI;AGENCIA DE VIAJES;AGENCIAS DE VIAJES Y DE TURISMO;0;0;1
2019;62.418;76364;76;ACTIVO;LA SILVESTRE FINCA AGROTURISTICA;VALLE DEL CAUCA;JAMUNDI;PARQUES TEMÁTICOS;PARQUES TEMÁTICOS;0;0;4
2019;65.624;76364;76;ACTIVO;CASA CAMPESTRE YOULING;VALLE DEL CAUCA;JAMUNDI;VIVIENDAS TURÍSTICAS;OTROS TIPOS DE VIVIENDA TURÍSTICA;3;3;0
2019;65.655;76364;76;ACTIVO;EL CAMBUCHE DEL MONO;VALLE DEL CAUCA;JAMUNDI;ESTABLECIMIENTOS DE ALOJAMIENTO TURÍSTICO;HOTEL;6;12;2
2019;65.658;76364;76;ACTIVO;ECOETNIAS TOURS;VALLE DEL CAUCA;JAMUNDI;AGENCIA DE VIAJES;AGENCIAS DE VIAJES OPERADORAS;0;0;1
2019;65.747;76364;76;ACTIVO;AVENTURA TRAVEL;VALLE DEL CAUCA;JAMUNDI;AGENCIA DE VIAJES;AGENCIAS DE VIAJES Y DE TURISMO;0;0;1
2019;69.698;76364;76;ACTIVO;HOTEL CENTRAL JAMUNDI;VALLE DEL CAUCA;JAMUNDI;ESTABLECIMIENTOS DE ALOJAMIENTO TURÍSTICO;HOTEL;20;21;5
2019;71.116;76364;76;ACTIVO;CUABU TOURS;VALLE DEL CAUCA;JAMUNDI;AGENCIA DE VIAJES;AGENCIAS DE VIAJES OPERADORAS;0;0;1
2019;71.117;76364;76;ACTIVO;GRANJA YOLI;VALLE DEL CAUCA;JAMUNDI;ESTABLECIMIENTOS DE ALOJAMIENTO TURÍSTICO;HOSTAL;4;6;1
2019;72.320;76364;76;ACTIVO;PARAISO COLOMBIANO;VALLE DEL CAUCA;JAMUNDI;AGENCIA DE VIAJES;AGENCIAS DE VIAJES OPERADORAS;0;0;1
2019;72.668;76364;76;ACTIVO;EVENTOS Y LOGISTICA JJ JEY JEY TOURS;VALLE DEL CAUCA;JAMUNDI;AGENCIA DE VIAJES;AGENCIAS DE VIAJES OPERADORAS;0;0;1
2019;74.086;76364;76;ACTIVO;TURISFRONT;VALLE DEL CAUCA;JAMUNDI;AGENCIA DE VIAJES;AGENCIAS DE VIAJES OPERADORAS;0;0;3
2019;74.942;76364;76;ACTIVO;MAJU TOURS AGENCIA DE VIAJES Y TURISMO;VALLE DEL CAUCA;JAMUNDI;AGENCIA DE VIAJES;AGENCIAS DE VIAJES Y DE TURISMO;0;0;1
2019;75.092;76364;76;ACTIVO;ON TRAVEL PROMOTORA DE TURISMO;VALLE DEL CAUCA;JAMUNDI;AGENCIA DE VIAJES;AGENCIAS DE VIAJES Y DE TURISMO;0;0;1
2019;75.905;76364;76;ACTIVO;APARTAHOTEL PLAZA REAL JAMUNDI;VALLE DEL CAUCA;JAMUNDI;ESTABLECIMIENTOS DE ALOJAMIENTO TURÍSTICO;APARTAHOTEL;24;30;1
2019;76.330;76364;76;ACTIVO;TRANSPORTES ESPECIALES JAMUNDI ¿¿TEJ.¿¿S.A.S.;VALLE DEL CAUCA;JAMUNDI;EMPRESA DE TRANSPORTE TERRESTRE AUTOMOTOR;TRANSPORTE TERRESTRE AUTOMOTOR ESPECIAL;0;0;10
2019;76.640;76364;76;ACTIVO;REPRESENTACIONES AR 912;VALLE DEL CAUCA;JAMUNDI;ARRENDADORES DE VEHÍCULOS PARA TURISMO NACIONAL E INTERNACIONAL;ARRENDADORES DE VEHICULOS PARA TURISMO NACIONAL E INTERNACIONAL;0;0;2
2020;17.595;76364;76;ACTIVO;HOTEL JAMUNDI REAL;VALLE DEL CAUCA;JAMUNDI;ESTABLECIMIENTOS DE ALOJAMIENTO TURÍSTICO;HOTEL;39;45;3
2020;18.433;76364;76;ACTIVO;LUCHO TOURS;VALLE DEL CAUCA;JAMUNDI;AGENCIA DE VIAJES;AGENCIAS DE VIAJES OPERADORAS;0;0;1
2020;19.559;76364;76;ACTIVO;HOSTAL PANORAMA;VALLE DEL CAUCA;JAMUNDI;ESTABLECIMIENTOS DE ALOJAMIENTO TURÍSTICO;HOSTAL;25;31;3
2020;19.560;76364;76;ACTIVO;HOSTAL PARAISO JAMUNDI;VALLE DEL CAUCA;JAMUNDI;ESTABLECIMIENTOS DE ALOJAMIENTO TURÍSTICO;HOSTAL;25;31;3
2020;26.177;76364;76;ACTIVO;HOSTAL PORTAL DEL SOL;VALLE DEL CAUCA;JAMUNDI;ESTABLECIMIENTOS DE ALOJAMIENTO TURÍSTICO;HOSTAL;32;35;3
2020;26.662;76364;76;ACTIVO;GRUPO AVENTURA;VALLE DEL CAUCA;JAMUNDI;AGENCIA DE VIAJES;AGENCIAS DE VIAJES OPERADORAS;0;0;1
2020;26.724;76364;76;ACTIVO;XAMUNDI TOURS;VALLE DEL CAUCA;JAMUNDI;AGENCIA DE VIAJES;AGENCIAS DE VIAJES OPERADORAS;0;0;1
2020;27.475;76364;76;ACTIVO;REPRESENTACIONES TURISTICAS CARLOS MICOLTA;VALLE DEL CAUCA;JAMUNDI;OFICINAS DE REPRESENTACION TURÍSTICA;OFICINA DE REPRESENTACION TURÍSTICA;0;0;1
2020;28.340;76364;76;ACTIVO;TURISMO JJC;VALLE DEL CAUCA;JAMUNDI;AGENCIA DE VIAJES;AGENCIAS DE VIAJES OPERADORAS;0;0;1
2020;29.746;76364;76;ACTIVO;LAGOGRANDE HOTEL, RESORT Y CENTRO DE CONVENCIONES;VALLE DEL CAUCA;JAMUNDI;ESTABLECIMIENTOS DE ALOJAMIENTO TURÍSTICO;HOTEL;16;40;19
2020;35.394;76364;76;ACTIVO;JEYVER TURES;VALLE DEL CAUCA;JAMUNDI;AGENCIA DE VIAJES;AGENCIAS DE VIAJES Y DE TURISMO;0;0;3
2020;39.927;76364;76;ACTIVO;OPERADORES DE TURISMO LOS BULLICIOSOS S.A.S.;VALLE DEL CAUCA;JAMUNDI;AGENCIA DE VIAJES;AGENCIAS DE VIAJES OPERADORAS;0;0;1
2020;42.124;76364;76;ACTIVO;TROPICAL TRAVEL TOURS;VALLE DEL CAUCA;JAMUNDI;AGENCIA DE VIAJES;AGENCIAS DE VIAJES OPERADORAS;0;0;1
2020;42.137;76364;76;ACTIVO;VIVIANA MARTINEZ SALAS;VALLE DEL CAUCA;JAMUNDI;GUIA DE TURISMO;GUIA DE TURISMO;0;0;1
2020;47.198;76364;76;ACTIVO;TIQUETESVAKANOS.COM S.A.S;VALLE DEL CAUCA;JAMUNDI;AGENCIA DE VIAJES;AGENCIAS DE VIAJES Y DE TURISMO;0;0;1
2020;51.100;76364;76;ACTIVO;DREAM TRAVELING;VALLE DEL CAUCA;JAMUNDI;AGENCIA DE VIAJES;AGENCIAS DE VIAJES Y DE TURISMO;0;0;1
2020;55.515;76364;76;ACTIVO;DELITUR TRAVEL;VALLE DEL CAUCA;JAMUNDI;AGENCIA DE VIAJES;AGENCIAS DE VIAJES Y DE TURISMO;0;0;3
2020;60.722;76364;76;ACTIVO;SEDE VACACIONAL SINTRABANCOL;VALLE DEL CAUCA;JAMUNDI;VIVIENDAS TURÍSTICAS;OTROS TIPOS DE VIVIENDA TURÍSTICA;7;14;0
2020;60.781;76364;76;ACTIVO;MACA TOURS;VALLE DEL CAUCA;JAMUNDI;AGENCIA DE VIAJES;AGENCIAS DE VIAJES Y DE TURISMO;0;0;1
2020;62.418;76364;76;ACTIVO;LA SILVESTRE FINCA AGROTURISTICA;VALLE DEL CAUCA;JAMUNDI;PARQUES TEMÁTICOS;PARQUES TEMÁTICOS;0;0;9
2020;69.698;76364;76;ACTIVO;HOTEL CENTRAL JAMUNDI;VALLE DEL CAUCA;JAMUNDI;ESTABLECIMIENTOS DE ALOJAMIENTO TURÍSTICO;HOTEL;20;21;2
2020;72.320;76364;76;ACTIVO;PARAISO COLOMBIANO;VALLE DEL CAUCA;JAMUNDI;AGENCIA DE VIAJES;AGENCIAS DE VIAJES OPERADORAS;0;0;1
2020;72.668;76364;76;ACTIVO;EVENTOS Y LOGISTICA JJ JEY JEY TOURS;VALLE DEL CAUCA;JAMUNDI;AGENCIA DE VIAJES;AGENCIAS DE VIAJES OPERADORAS;0;0;1
2020;76.330;76364;76;ACTIVO;TRANSPORTES ESPECIALES JAMUNDI ¿¿TEJ.¿¿S.A.S.;VALLE DEL CAUCA;JAMUNDI;EMPRESA DE TRANSPORTE TERRESTRE AUTOMOTOR;TRANSPORTE TERRESTRE AUTOMOTOR ESPECIAL;0;0;11
2020;76.640;76364;76;ACTIVO;REPRESENTACIONES AR 912;VALLE DEL CAUCA;JAMUNDI;ARRENDADORES DE VEHÍCULOS PARA TURISMO NACIONAL E INTERNACIONAL;ARRENDADORES DE VEHICULOS PARA TURISMO NACIONAL E INTERNACIONAL;0;0;2
2020;79.788;76364;76;ACTIVO;CARLOS ANDRES JURADO BRAVO;VALLE DEL CAUCA;JAMUNDI;VIVIENDAS TURÍSTICAS;OTROS TIPOS DE VIVIENDA TURÍSTICA;3;5;0
2020;83.681;76364;76;ACTIVO;LIDA FERNANDA ECHAVARRIA ARANGO;VALLE DEL CAUCA;JAMUNDI;GUIA DE TURISMO;GUIA DE TURISMO;0;0;1
2020;84.537;76364;76;ACTIVO;BALORKA;VALLE DEL CAUCA;JAMUNDI;VIVIENDAS TURÍSTICAS;FINCAS TURISTICAS (ALOJAMIENTO RURAL);4;4;0
2020;84.958;76364;76;ACTIVO;AVIAJARYAVIVIR;VALLE DEL CAUCA;JAMUNDI;AGENCIA DE VIAJES;AGENCIAS DE VIAJES Y DE TURISMO;0;0;1
2020;84.962;76364;76;ACTIVO;ECO CAMINANTES;VALLE DEL CAUCA;JAMUNDI;AGENCIA DE VIAJES;AGENCIAS DE VIAJES Y DE TURISMO;0;0;1
2020;87.206;76364;76;ACTIVO;JORGE EDUARDO CASTAÑEDA MEJIA;VALLE DEL CAUCA;JAMUNDI;GUIA DE TURISMO;GUIA DE TURISMO;0;0;1
2021;17.595;76364;76;ACTIVO;HOTEL JAMUNDI REAL;VALLE DEL CAUCA;JAMUNDI;ESTABLECIMIENTOS DE ALOJAMIENTO TURÍSTICO;HOTEL;39;45;3
2021;18.433;76364;76;ACTIVO;LUCHO TOURS;VALLE DEL CAUCA;JAMUNDI;AGENCIA DE VIAJES;AGENCIAS DE VIAJES OPERADORAS;0;0;1
2021;19.559;76364;76;ACTIVO;HOSTAL PANORAMA;VALLE DEL CAUCA;JAMUNDI;ESTABLECIMIENTOS DE ALOJAMIENTO TURÍSTICO;HOSTAL;25;31;3
2021;19.560;76364;76;ACTIVO;HOSTAL PARAISO JAMUNDI;VALLE DEL CAUCA;JAMUNDI;ESTABLECIMIENTOS DE ALOJAMIENTO TURÍSTICO;HOSTAL;25;31;3
2021;26.177;76364;76;ACTIVO;HOSTAL PORTAL DEL SOL;VALLE DEL CAUCA;JAMUNDI;ESTABLECIMIENTOS DE ALOJAMIENTO TURÍSTICO;HOSTAL;32;35;3
2021;26.662;76364;76;ACTIVO;GRUPO AVENTURA;VALLE DEL CAUCA;JAMUNDI;AGENCIA DE VIAJES;AGENCIAS DE VIAJES OPERADORAS;0;0;1
2021;26.724;76364;76;ACTIVO;XAMUNDI TOURS;VALLE DEL CAUCA;JAMUNDI;AGENCIA DE VIAJES;AGENCIAS DE VIAJES OPERADORAS;0;0;1
2021;27.475;76364;76;ACTIVO;REPRESENTACIONES TURISTICAS CARLOS MICOLTA;VALLE DEL CAUCA;JAMUNDI;OFICINAS DE REPRESENTACION TURÍSTICA;OFICINA DE REPRESENTACION TURÍSTICA;0;0;1
2021;28.340;76364;76;ACTIVO;TURISMO JJC;VALLE DEL CAUCA;JAMUNDI;AGENCIA DE VIAJES;AGENCIAS DE VIAJES OPERADORAS;0;0;1
2021;29.746;76364;76;ACTIVO;LAGOGRANDE HOTEL, RESORT Y CENTRO DE CONVENCIONES;VALLE DEL CAUCA;JAMUNDI;ESTABLECIMIENTOS DE ALOJAMIENTO TURÍSTICO;HOTEL;16;34;15
2021;35.394;76364;76;ACTIVO;JEYVER TURES;VALLE DEL CAUCA;JAMUNDI;AGENCIA DE VIAJES;AGENCIAS DE VIAJES Y DE TURISMO;0;0;3
2021;39.927;76364;76;ACTIVO;OPERADORES DE TURISMO LOS BULLICIOSOS S.A.S.;VALLE DEL CAUCA;JAMUNDI;AGENCIA DE VIAJES;AGENCIAS DE VIAJES OPERADORAS;0;0;1
2021;42.124;76364;76;ACTIVO;TROPICAL TRAVEL TOURS;VALLE DEL CAUCA;JAMUNDI;AGENCIA DE VIAJES;AGENCIAS DE VIAJES OPERADORAS;0;0;1
2021;42.137;76364;76;ACTIVO;VIVIANA MARTINEZ SALAS;VALLE DEL CAUCA;JAMUNDI;GUIA DE TURISMO;GUIA DE TURISMO;0;0;1
2021;45.921;76364;76;ACTIVO;RESERVA NATURAL BONANZA;VALLE DEL CAUCA;JAMUNDI;AGENCIA DE VIAJES;AGENCIAS DE VIAJES OPERADORAS;0;0;1
2021;51.100;76364;76;ACTIVO;DREAM TRAVELING;VALLE DEL CAUCA;JAMUNDI;AGENCIA DE VIAJES;AGENCIAS DE VIAJES Y DE TURISMO;0;0;1
2021;55.011;76364;76;ACTIVO;FINCA LA CAROLA;VALLE DEL CAUCA;JAMUNDI;ESTABLECIMIENTOS DE ALOJAMIENTO TURÍSTICO;APARTAHOTEL;4;12;1
2021;55.515;76364;76;ACTIVO;DELITUR TRAVEL;VALLE DEL CAUCA;JAMUNDI;AGENCIA DE VIAJES;AGENCIAS DE VIAJES Y DE TURISMO;0;0;3
2021;60.781;76364;76;ACTIVO;MACA TOURS;VALLE DEL CAUCA;JAMUNDI;AGENCIA DE VIAJES;AGENCIAS DE VIAJES Y DE TURISMO;0;0;1
2021;62.418;76364;76;ACTIVO;LA SILVESTRE FINCA AGROTURISTICA;VALLE DEL CAUCA;JAMUNDI;PARQUES TEMÁTICOS;PARQUES TEMÁTICOS;0;0;9
2021;65.747;76364;76;ACTIVO;AVENTURA TRAVEL;VALLE DEL CAUCA;JAMUNDI;AGENCIA DE VIAJES;AGENCIAS DE VIAJES Y DE TURISMO;0;0;1
2021;69.698;76364;76;ACTIVO;HOTEL CENTRAL JAMUNDI;VALLE DEL CAUCA;JAMUNDI;ESTABLECIMIENTOS DE ALOJAMIENTO TURÍSTICO;HOTEL;20;21;2
2021;72.320;76364;76;ACTIVO;PARAISO COLOMBIANO;VALLE DEL CAUCA;JAMUNDI;AGENCIA DE VIAJES;AGENCIAS DE VIAJES OPERADORAS;0;0;1
2021;72.668;76364;76;ACTIVO;EVENTOS Y LOGISTICA JJ JEY JEY TOURS;VALLE DEL CAUCA;JAMUNDI;AGENCIA DE VIAJES;AGENCIAS DE VIAJES OPERADORAS;0;0;3
2021;76.330;76364;76;ACTIVO;TRANSPORTES ESPECIALES JAMUNDI ¿¿TEJ.¿¿S.A.S.;VALLE DEL CAUCA;JAMUNDI;EMPRESA DE TRANSPORTE TERRESTRE AUTOMOTOR;TRANSPORTE TERRESTRE AUTOMOTOR ESPECIAL;0;0;12
2021;83.681;76364;76;ACTIVO;LIDA FERNANDA ECHAVARRIA ARANGO;VALLE DEL CAUCA;JAMUNDI;GUIA DE TURISMO;GUIA DE TURISMO;0;0;1
2021;84.537;76364;76;ACTIVO;BALORKA;VALLE DEL CAUCA;JAMUNDI;VIVIENDAS TURÍSTICAS;FINCAS TURISTICAS (ALOJAMIENTO RURAL);4;4;0
2021;84.962;76364;76;ACTIVO;ECO CAMINANTES;VALLE DEL CAUCA;JAMUNDI;AGENCIA DE VIAJES;AGENCIAS DE VIAJES Y DE TURISMO;0;0;1
2021;87.206;76364;76;ACTIVO;JORGE EDUARDO CASTAÑEDA MEJIA;VALLE DEL CAUCA;JAMUNDI;GUIA DE TURISMO;GUIA DE TURISMO;0;0;1
2021;91.253;76364;76;ACTIVO;INFORMATICA SERVICIOS INTEGRADOS SAS;VALLE DEL CAUCA;JAMUNDI;OTROS TIPOS DE HOSPEDAJE TURÍSTICOS NO PERMANENTES;OTROS TIPOS DE HOSPEDAJE TURÍSTICOS NO PERMANENTES;3;4;0
2021;91.600;76364;76;ACTIVO;RICHARD GUILLERMO ZAMBRANO MEZA;VALLE DEL CAUCA;JAMUNDI;GUIA DE TURISMO;GUIA DE TURISMO;0;0;1
2021;91.852;76364;76;ACTIVO;COMERCIALIZADORA INTERNACIONAL EMP S.A.S.;VALLE DEL CAUCA;JAMUNDI;VIVIENDAS TURÍSTICAS;FINCAS TURISTICAS (ALOJAMIENTO RURAL);4;15;0
2021;91.862;76364;76;ACTIVO;LOPEZ SALAZAR LUCERO;VALLE DEL CAUCA;JAMUNDI;VIVIENDAS TURÍSTICAS;FINCAS TURISTICAS (ALOJAMIENTO RURAL);2;7;0
2021;92.298;76364;76;ACTIVO;HOTEL EL EMPERADOR JAMUNDI;VALLE DEL CAUCA;JAMUNDI;ESTABLECIMIENTOS DE ALOJAMIENTO TURÍSTICO;HOTEL;22;26;6
2021;92.526;76364;76;ACTIVO;"""CORPORACION VERDE FARALLONES""";VALLE DEL CAUCA;JAMUNDI;OTROS TIPOS DE HOSPEDAJE TURÍSTICOS NO PERMANENTES;OTROS TIPOS DE HOSPEDAJE TURÍSTICOS NO PERMANENTES;3;6;0
2021;92.657;76364;76;ACTIVO;GIRALDO BARRERA MAURICIO ANTONIO;VALLE DEL CAUCA;JAMUNDI;OTROS TIPOS DE HOSPEDAJE TURÍSTICOS NO PERMANENTES;OTROS TIPOS DE HOSPEDAJE TURÍSTICOS NO PERMANENTES;5;5;0
2021;92.848;76364;76;ACTIVO;TURISFRONT;VALLE DEL CAUCA;JAMUNDI;AGENCIA DE VIAJES;AGENCIAS DE VIAJES MAYORISTAS;0;0;3
2021;92.850;76364;76;ACTIVO;EPIC TRAVEL AGENCIA DE VIAJES OPERADORA;VALLE DEL CAUCA;JAMUNDI;AGENCIA DE VIAJES;AGENCIAS DE VIAJES OPERADORAS;0;0;1
2021;93.709;76364;76;ACTIVO;TIQUETES VAKANOS;VALLE DEL CAUCA;JAMUNDI;AGENCIA DE VIAJES;AGENCIAS DE VIAJES Y DE TURISMO;0;0;1
2021;93.842;76364;76;ACTIVO;JOSE ARNOBY CASTAÑO GOMEZ;VALLE DEL CAUCA;JAMUNDI;GUIA DE TURISMO;GUIA DE TURISMO;0;0;1
2021;94.591;76364;76;ACTIVO;ZULUAGA GOMEZ DANIELA ALEXANDRA;VALLE DEL CAUCA;JAMUNDI;VIVIENDAS TURÍSTICAS;FINCAS TURISTICAS (ALOJAMIENTO RURAL);15;45;0
2021;94.735;76364;76;ACTIVO;CASUCA LOS PANCHOS;VALLE DEL CAUCA;JAMUNDI;ESTABLECIMIENTO DE GASTRONOMÍA Y SIMILARES;RESTAURANTE;0;0;2
2021;95.625;76364;76;ACTIVO;BOSQUE EL DESCANSO S.A.S;VALLE DEL CAUCA;JAMUNDI;VIVIENDAS TURÍSTICAS;FINCAS TURISTICAS (ALOJAMIENTO RURAL);4;9;0
2021;96.893;76364;76;ACTIVO;travel member jamundi;VALLE DEL CAUCA;JAMUNDI;OFICINAS DE REPRESENTACION TURÍSTICA;OFICINA DE REPRESENTACION TURÍSTICA;0;0;2
2021;97.217;76364;76;ACTIVO;ETHEL  BALCAZAR TROCHEZ;VALLE DEL CAUCA;JAMUNDI;GUIA DE TURISMO;GUIA DE TURISMO;0;0;1
2021;98.428;76364;76;ACTIVO;LA RUTA DEL SUR - UN DESTINO AFROAMERICANO;VALLE DEL CAUCA;JAMUNDI;AGENCIA DE VIAJES;AGENCIAS DE VIAJES OPERADORAS;0;0;1
2021;98.493;76364;76;ACTIVO;EXPLORANDO FARALLONES;VALLE DEL CAUCA;JAMUNDI;AGENCIA DE VIAJES;AGENCIAS DE VIAJES OPERADORAS;0;0;1
2021;98.499;76364;76;ACTIVO;LA POSADA DEL PROFE;VALLE DEL CAUCA;JAMUNDI;VIVIENDAS TURÍSTICAS;FINCAS TURISTICAS (ALOJAMIENTO RURAL);2;2;0
2021;99.107;76364;76;ACTIVO;AMARELO CASA CAMPESTRE S.A.S.;VALLE DEL CAUCA;JAMUNDI;VIVIENDAS TURÍSTICAS;FINCAS TURISTICAS (ALOJAMIENTO RURAL);6;10;0
2021;99.316;76364;76;ACTIVO;EQUIVIAJEROS CHAO PLASTICO DEL MAR;VALLE DEL CAUCA;JAMUNDI;AGENCIA DE VIAJES;AGENCIAS DE VIAJES OPERADORAS;0;0;1
2021;99.734;76364;76;ACTIVO;DOS SESENTA Y CUATRO ELITE S.A.S.;VALLE DEL CAUCA;JAMUNDI;AGENCIA DE VIAJES;AGENCIAS DE VIAJES Y DE TURISMO;0;0;1
2021;99.897;76364;76;ACTIVO;INFINITY TRAVEL JM;VALLE DEL CAUCA;JAMUNDI;AGENCIA DE VIAJES;AGENCIAS DE VIAJES OPERADORAS;0;0;1
2021;100.421;76364;76;ACTIVO;ILDER  MARROQUIN SOLIS;VALLE DEL CAUCA;JAMUNDI;GUIA DE TURISMO;GUIA DE TURISMO;0;0;1
2021;100.788;76364;76;ACTIVO;GLAMPING + ECOHOTEL LA CRISTALINA;VALLE DEL CAUCA;JAMUNDI;ESTABLECIMIENTOS DE ALOJAMIENTO TURÍSTICO;HOTEL;12;22;3
2021;100.920;76364;76;ACTIVO;TU VIAJE VIP;VALLE DEL CAUCA;JAMUNDI;AGENCIA DE VIAJES;AGENCIAS DE VIAJES Y DE TURISMO;0;0;1
2021;101.091;76364;76;ACTIVO;WORLD ADVENTUR;VALLE DEL CAUCA;JAMUNDI;OFICINAS DE REPRESENTACION TURÍSTICA;OFICINA DE REPRESENTACION TURÍSTICA;0;0;1
2021;101.092;76364;76;ACTIVO;AVIAJARYAVIVIR;VALLE DEL CAUCA;JAMUNDI;AGENCIA DE VIAJES;AGENCIAS DE VIAJES MAYORISTAS;0;0;1
2021;101.191;76364;76;ACTIVO;AGENCIA DE VIAJES Y SEGUROS S.A.S.;VALLE DEL CAUCA;JAMUNDI;AGENCIA DE VIAJES;AGENCIAS DE VIAJES Y DE TURISMO;0;0;1
2021;101.533;76364;76;ACTIVO;JULIO CESAR CALDERON VALENCIA;VALLE DEL CAUCA;JAMUNDI;GUIA DE TURISMO;GUIA DE TURISMO;0;0;1
2021;101.700;76364;76;ACTIVO;CHAVEZ LOPEZ CLARA INES;VALLE DEL CAUCA;JAMUNDI;GUIA DE TURISMO;GUIA DE TURISMO;0;0;1
2021;102.357;76364;76;ACTIVO;FINCA GUADALAJARA S.A.S;VALLE DEL CAUCA;JAMUNDI;VIVIENDAS TURÍSTICAS;FINCAS TURISTICAS (ALOJAMIENTO RURAL);13;39;0
2021;102.414;76364;76;ACTIVO;GAIA EXPEDICIONES;VALLE DEL CAUCA;JAMUNDI;OFICINAS DE REPRESENTACION TURÍSTICA;OFICINA DE REPRESENTACION TURÍSTICA;0;0;1
2021;103.625;76364;76;ACTIVO;AGENCIA DE VIAJES EMOTION TOUR;VALLE DEL CAUCA;JAMUNDI;AGENCIA DE VIAJES;AGENCIAS DE VIAJES Y DE TURISMO;0;0;1
2021;104.183;76364;76;ACTIVO;MARIA PATRICIA MARIN MOSQUERA;VALLE DEL CAUCA;JAMUNDI;GUIA DE TURISMO;GUIA DE TURISMO;0;0;1
2021;104.185;76364;76;ACTIVO;FRANCISCO JOSE HERNANDEZ MORALES;VALLE DEL CAUCA;JAMUNDI;OTROS TIPOS DE HOSPEDAJE TURÍSTICOS NO PERMANENTES;OTROS TIPOS DE HOSPEDAJE TURÍSTICOS NO PERMANENTES;1;1;0
2021;104.186;76364;76;ACTIVO;JOSE ANDRES MEJIA LOPEZ;VALLE DEL CAUCA;JAMUNDI;OTROS TIPOS DE HOSPEDAJE TURÍSTICOS NO PERMANENTES;OTROS TIPOS DE HOSPEDAJE TURÍSTICOS NO PERMANENTES;2;2;0
2021;104.218;76364;76;ACTIVO;FAMILIA LILI TOURS;VALLE DEL CAUCA;JAMUNDI;AGENCIA DE VIAJES;AGENCIAS DE VIAJES OPERADORAS;0;0;1
2021;105.005;76364;76;ACTIVO;CARLOS IVAN SALGUERO MORALES;VALLE DEL CAUCA;JAMUNDI;OTROS TIPOS DE HOSPEDAJE TURÍSTICOS NO PERMANENTES;OTROS TIPOS DE HOSPEDAJE TURÍSTICOS NO PERMANENTES;2;3;0
2021;105.506;76364;76;ACTIVO;INGRID JOHANNA CUATINDIOY PAPAMIJA;VALLE DEL CAUCA;JAMUNDI;GUIA DE TURISMO;GUIA DE TURISMO;0;0;1
2021;105.771;76364;76;ACTIVO;DEVIA AGUDELO JULIANA;VALLE DEL CAUCA;JAMUNDI;OTROS TIPOS DE HOSPEDAJE TURÍSTICOS NO PERMANENTES;OTROS TIPOS DE HOSPEDAJE TURÍSTICOS NO PERMANENTES;3;5;0
2021;106.227;76364;76;ACTIVO;MARIA LEONOR ALVAREZ QUINTERO;VALLE DEL CAUCA;JAMUNDI;VIVIENDAS TURÍSTICAS;APARTAMENTO TURÍSTICO;3;6;0
2021;107.513;76364;76;ACTIVO;ENCANTO LITERARIO S.A.S.;VALLE DEL CAUCA;JAMUNDI;AGENCIA DE VIAJES;AGENCIAS DE VIAJES OPERADORAS;0;0;1
2021;108.380;76364;76;ACTIVO;OSCAR HUMBERTO TAFUR RENDON;VALLE DEL CAUCA;JAMUNDI;VIVIENDAS TURÍSTICAS;APARTAMENTO TURÍSTICO;2;2;0
2021;108.413;76364;76;ACTIVO;PILY'S DREAMHOUSE S.A.S.;VALLE DEL CAUCA;JAMUNDI;VIVIENDAS TURÍSTICAS;APARTAMENTO TURÍSTICO;3;3;0
2022;17.595;76364;76;ACTIVO;HOTEL JAMUNDI REAL;VALLE DEL CAUCA;JAMUNDI;ESTABLECIMIENTOS DE ALOJAMIENTO TURÍSTICO;HOTEL;39;45;3
2022;18.433;76364;76;ACTIVO;LUCHO TOURS;VALLE DEL CAUCA;JAMUNDI;AGENCIAS DE VIAJES;AGENCIA DE VIAJES OPERADORAS;0;0;1
2022;19.559;76364;76;ACTIVO;HOSTAL PANORAMA;VALLE DEL CAUCA;JAMUNDI;ESTABLECIMIENTOS DE ALOJAMIENTO TURÍSTICO;HOSTAL;25;31;3
2022;19.560;76364;76;ACTIVO;HOSTAL PARAISO JAMUNDI;VALLE DEL CAUCA;JAMUNDI;ESTABLECIMIENTOS DE ALOJAMIENTO TURÍSTICO;HOSTAL;25;31;3
2022;26.177;76364;76;ACTIVO;HOSTAL PORTAL DEL SOL;VALLE DEL CAUCA;JAMUNDI;ESTABLECIMIENTOS DE ALOJAMIENTO TURÍSTICO;HOSTAL;32;35;3
2022;26.662;76364;76;ACTIVO;GRUPO AVENTURA;VALLE DEL CAUCA;JAMUNDI;AGENCIAS DE VIAJES;AGENCIA DE VIAJES OPERADORAS;0;0;1
2022;26.724;76364;76;ACTIVO;XAMUNDI TOURS;VALLE DEL CAUCA;JAMUNDI;AGENCIAS DE VIAJES;AGENCIA DE VIAJES OPERADORAS;0;0;1
2022;27.475;76364;76;ACTIVO;REPRESENTACIONES TURISTICAS CARLOS MICOLTA;VALLE DEL CAUCA;JAMUNDI;OFICINAS DE REPRESENTACION TURÍSTICA;OFICINA DE REPRESENTACION TURÍSTICA;0;0;1
2022;28.340;76364;76;ACTIVO;TURISMO JJC;VALLE DEL CAUCA;JAMUNDI;AGENCIAS DE VIAJES;AGENCIA DE VIAJES OPERADORAS;0;0;1
2022;29.746;76364;76;ACTIVO;LAGOGRANDE HOTEL RESORT Y CENTRO DE CONVENCIONES;VALLE DEL CAUCA;JAMUNDI;ESTABLECIMIENTOS DE ALOJAMIENTO TURÍSTICO;HOTEL;16;34;15
2022;35.394;76364;76;ACTIVO;JEYVER TURES;VALLE DEL CAUCA;JAMUNDI;AGENCIAS DE VIAJES;AGENCIA DE VIAJES Y DE TURISMO;0;0;3
2022;39.927;76364;76;ACTIVO;OPERADORES DE TURISMO LOS BULLICIOSOS S.A.S.;VALLE DEL CAUCA;JAMUNDI;AGENCIAS DE VIAJES;AGENCIA DE VIAJES OPERADORAS;0;0;1
2022;42.124;76364;76;ACTIVO;TROPICAL TRAVEL TOURS;VALLE DEL CAUCA;JAMUNDI;AGENCIAS DE VIAJES;AGENCIA DE VIAJES OPERADORAS;0;0;1
2022;45.921;76364;76;ACTIVO;RESERVA NATURAL BONANZA;VALLE DEL CAUCA;JAMUNDI;AGENCIAS DE VIAJES;AGENCIA DE VIAJES OPERADORAS;0;0;1
2022;51.100;76364;76;ACTIVO;DREAM TRAVELING;VALLE DEL CAUCA;JAMUNDI;AGENCIAS DE VIAJES;AGENCIA DE VIAJES Y DE TURISMO;0;0;1
2022;55.515;76364;76;ACTIVO;DELITUR TRAVEL;VALLE DEL CAUCA;JAMUNDI;AGENCIAS DE VIAJES;AGENCIA DE VIAJES Y DE TURISMO;0;0;3
2022;60.722;76364;76;ACTIVO;SEDE VACACIONAL SINTRABANCOL;VALLE DEL CAUCA;JAMUNDI;VIVIENDAS TURÍSTICAS;OTRO TIPO DE VIVIENDA TURÍSTICA;7;14;0
2022;60.781;76364;76;ACTIVO;MACA TOURS;VALLE DEL CAUCA;JAMUNDI;AGENCIAS DE VIAJES;AGENCIA DE VIAJES Y DE TURISMO;0;0;1
2022;62.418;76364;76;ACTIVO;LA SILVESTRE FINCA AGROTURISTICA;VALLE DEL CAUCA;JAMUNDI;PARQUES TEMÁTICOS;PARQUE TEMÁTICO;0;0;9
2022;65.747;76364;76;ACTIVO;AVENTURA TRAVEL;VALLE DEL CAUCA;JAMUNDI;AGENCIAS DE VIAJES;AGENCIA DE VIAJES Y DE TURISMO;0;0;1
2022;69.698;76364;76;ACTIVO;HOTEL CENTRAL JAMUNDI;VALLE DEL CAUCA;JAMUNDI;ESTABLECIMIENTOS DE ALOJAMIENTO TURÍSTICO;HOTEL;20;21;2
2022;72.320;76364;76;ACTIVO;PARAISO COLOMBIANO;VALLE DEL CAUCA;JAMUNDI;AGENCIAS DE VIAJES;AGENCIA DE VIAJES OPERADORAS;0;0;1
2022;72.668;76364;76;ACTIVO;EVENTOS Y LOGISTICA JJ JEY JEY TOURS;VALLE DEL CAUCA;JAMUNDI;AGENCIAS DE VIAJES;AGENCIA DE VIAJES OPERADORAS;0;0;3
2022;76.330;76364;76;ACTIVO;TRANSPORTES ESPECIALES JAMUNDI ¿¿TEJ.¿¿S.A.S.;VALLE DEL CAUCA;JAMUNDI;EMPRESAS DE TRANSPORTE TERRESTRE AUTOMOTOR;TRANSPORTE TERRESTRE AUTOMOTOR ESPECIAL;0;0;10
2022;83.681;76364;76;ACTIVO;LIDA FERNANDA ECHAVARRIA ARANGO;VALLE DEL CAUCA;JAMUNDI;GUIAS DE TURISMO;GUIA DE TURISMO;0;0;1
2022;84.537;76364;76;ACTIVO;BALORKA;VALLE DEL CAUCA;JAMUNDI;VIVIENDAS TURÍSTICAS;FINCA TURISTICA (ALOJAMIENTO RURAL);4;4;0
2022;84.958;76364;76;ACTIVO;ELVIAJEQQUIERO _ AGENCIA DE VIAJES Y SUEÑOS;VALLE DEL CAUCA;JAMUNDI;AGENCIAS DE VIAJES;AGENCIA DE VIAJES Y DE TURISMO;0;0;1
2022;84.962;76364;76;ACTIVO;ECO CAMINANTES;VALLE DEL CAUCA;JAMUNDI;AGENCIAS DE VIAJES;AGENCIA DE VIAJES Y DE TURISMO;0;0;1
2022;87.206;76364;76;ACTIVO;JORGE EDUARDO CASTAÑEDA MEJIA;VALLE DEL CAUCA;JAMUNDI;GUIAS DE TURISMO;GUIA DE TURISMO;0;0;1
2022;91.600;76364;76;ACTIVO;RICHARD GUILLERMO ZAMBRANO MEZA;VALLE DEL CAUCA;JAMUNDI;GUIAS DE TURISMO;GUIA DE TURISMO;0;0;1
2022;91.852;76364;76;ACTIVO;COMERCIALIZADORA INTERNACIONAL EMP S.A.S.;VALLE DEL CAUCA;JAMUNDI;VIVIENDAS TURÍSTICAS;FINCA TURISTICA (ALOJAMIENTO RURAL);4;15;0
2022;91.862;76364;76;ACTIVO;LOPEZ SALAZAR LUCERO;VALLE DEL CAUCA;JAMUNDI;VIVIENDAS TURÍSTICAS;FINCA TURISTICA (ALOJAMIENTO RURAL);2;7;0
2022;92.298;76364;76;ACTIVO;HOTEL EL EMPERADOR JAMUNDI;VALLE DEL CAUCA;JAMUNDI;ESTABLECIMIENTOS DE ALOJAMIENTO TURÍSTICO;HOTEL;22;26;1
2022;92.848;76364;76;ACTIVO;TURISFRONT;VALLE DEL CAUCA;JAMUNDI;AGENCIAS DE VIAJES;AGENCIA DE VIAJES MAYORISTAS;0;0;3
2022;92.850;76364;76;ACTIVO;EPIC TRAVEL AGENCIA DE VIAJES OPERADORA;VALLE DEL CAUCA;JAMUNDI;AGENCIAS DE VIAJES;AGENCIA DE VIAJES OPERADORAS;0;0;1
2022;93.709;76364;76;ACTIVO;TIQUETES VAKANOS;VALLE DEL CAUCA;JAMUNDI;AGENCIAS DE VIAJES;AGENCIA DE VIAJES Y DE TURISMO;0;0;1
2022;93.842;76364;76;ACTIVO;JOSE ARNOBY CASTAÑO GOMEZ;VALLE DEL CAUCA;JAMUNDI;GUIAS DE TURISMO;GUIA DE TURISMO;0;0;1
2022;95.625;76364;76;ACTIVO;BOSQUE EL DESCANSO S.A.S;VALLE DEL CAUCA;JAMUNDI;VIVIENDAS TURÍSTICAS;FINCA TURISTICA (ALOJAMIENTO RURAL);4;9;0
2022;97.217;76364;76;ACTIVO;ETHEL  BALCAZAR TROCHEZ;VALLE DEL CAUCA;JAMUNDI;GUIAS DE TURISMO;GUIA DE TURISMO;0;0;1
2022;98.493;76364;76;ACTIVO;EXPLORANDO FARALLONES;VALLE DEL CAUCA;JAMUNDI;AGENCIAS DE VIAJES;AGENCIA DE VIAJES OPERADORAS;0;0;1
2022;99.316;76364;76;ACTIVO;EQUIVIAJEROS CHAO PLASTICO DEL MAR;VALLE DEL CAUCA;JAMUNDI;AGENCIAS DE VIAJES;AGENCIA DE VIAJES OPERADORAS;0;0;1
2022;99.897;76364;76;ACTIVO;INFINITY TRAVEL JM;VALLE DEL CAUCA;JAMUNDI;AGENCIAS DE VIAJES;AGENCIA DE VIAJES OPERADORAS;0;0;1
2022;100.788;76364;76;ACTIVO;GLAMPING + ECOHOTEL LA CRISTALINA;VALLE DEL CAUCA;JAMUNDI;ESTABLECIMIENTOS DE ALOJAMIENTO TURÍSTICO;HOTEL;13;23;1
2022;100.920;76364;76;ACTIVO;TU VIAJE VIP;VALLE DEL CAUCA;JAMUNDI;AGENCIAS DE VIAJES;AGENCIA DE VIAJES Y DE TURISMO;0;0;1
2022;101.091;76364;76;ACTIVO;WORLD ADVENTUR;VALLE DEL CAUCA;JAMUNDI;OFICINAS DE REPRESENTACION TURÍSTICA;OFICINA DE REPRESENTACION TURÍSTICA;0;0;1
2022;101.533;76364;76;ACTIVO;JULIO CESAR CALDERON VALENCIA;VALLE DEL CAUCA;JAMUNDI;GUIAS DE TURISMO;GUIA DE TURISMO;0;0;1
2022;101.700;76364;76;ACTIVO;CHAVEZ LOPEZ CLARA INES;VALLE DEL CAUCA;JAMUNDI;GUIAS DE TURISMO;GUIA DE TURISMO;0;0;1
2022;102.414;76364;76;ACTIVO;GAIA EXPEDICIONES;VALLE DEL CAUCA;JAMUNDI;OFICINAS DE REPRESENTACION TURÍSTICA;OFICINA DE REPRESENTACION TURÍSTICA;0;0;1
2022;104.218;76364;76;ACTIVO;FAMILIA LILI TOURS;VALLE DEL CAUCA;JAMUNDI;AGENCIAS DE VIAJES;AGENCIA DE VIAJES OPERADORAS;0;0;1
2022;106.227;76364;76;ACTIVO;MARIA LEONOR ALVAREZ QUINTERO;VALLE DEL CAUCA;JAMUNDI;VIVIENDAS TURÍSTICAS;APARTAMENTO TURÍSTICO;3;6;0
2022;112.110;76364;76;ACTIVO;DELGADO VALENCIA SANTIAGO;VALLE DEL CAUCA;JAMUNDI;OTROS TIPOS DE HOSPEDAJE TURÍSTICOS NO PERMANENTES;OTROS TIPOS DE HOSPEDAJE TURÍSTICOS NO PERMANENTES;2;3;0
2022;112.267;76364;76;ACTIVO;NATHALIE SIGRID LOBON MUÑOZ;VALLE DEL CAUCA;JAMUNDI;OTROS TIPOS DE HOSPEDAJE TURÍSTICOS NO PERMANENTES;OTROS TIPOS DE HOSPEDAJE TURÍSTICOS NO PERMANENTES;2;3;0
2022;112.857;76364;76;ACTIVO;JHONHOLFRAN  BETANCOURT CORTES;VALLE DEL CAUCA;JAMUNDI;VIVIENDAS TURÍSTICAS;APARTAMENTO TURÍSTICO;4;6;0
2022;114.328;76364;76;ACTIVO;JAIME ANDRES ESMERALD MALDONADO;VALLE DEL CAUCA;JAMUNDI;OTROS TIPOS DE HOSPEDAJE TURÍSTICOS NO PERMANENTES;OTROS TIPOS DE HOSPEDAJE TURÍSTICOS NO PERMANENTES;2;3;0
2022;115.382;76364;76;ACTIVO;AGENCIA DE VIAJES EMOTION TOUR;VALLE DEL CAUCA;JAMUNDI;AGENCIAS DE VIAJES;AGENCIA DE VIAJES OPERADORAS;0;0;1
2022;115.891;76364;76;ACTIVO;JUAN MANUEL BELLO MARTINEZ;VALLE DEL CAUCA;JAMUNDI;OTROS TIPOS DE HOSPEDAJE TURÍSTICOS NO PERMANENTES;OTROS TIPOS DE HOSPEDAJE TURÍSTICOS NO PERMANENTES;2;3;0
2022;118.106;76364;76;ACTIVO;LOMA DE PIEDRA GLAMPING;VALLE DEL CAUCA;JAMUNDI;ESTABLECIMIENTOS DE ALOJAMIENTO TURÍSTICO;HOSTAL;3;3;1
2022;118.700;76364;76;ACTIVO;YIYOS TOUR;VALLE DEL CAUCA;JAMUNDI;AGENCIAS DE VIAJES;AGENCIA DE VIAJES Y DE TURISMO;0;0;1
2022;122.628;76364;76;ACTIVO;ZUÑIGA DE GALLEGO NUR;VALLE DEL CAUCA;JAMUNDI;OTROS TIPOS DE HOSPEDAJE TURÍSTICOS NO PERMANENTES;OTROS TIPOS DE HOSPEDAJE TURÍSTICOS NO PERMANENTES;2;3;0
2022;123.649;76364;76;ACTIVO;AGENCIA DE VIAJES Y TURISMO INSPIRACIÓN TOUR;VALLE DEL CAUCA;JAMUNDI;AGENCIAS DE VIAJES;AGENCIA DE VIAJES Y DE TURISMO;0;0;1
2022;124.115;76364;76;ACTIVO;CARLOS FERNANDO ZABALA TREJOS;VALLE DEL CAUCA;JAMUNDI;OTROS TIPOS DE HOSPEDAJE TURÍSTICOS NO PERMANENTES;OTROS TIPOS DE HOSPEDAJE TURÍSTICOS NO PERMANENTES;2;3;0
2022;125.194;76364;76;ACTIVO;FINCA LAS NUBES;VALLE DEL CAUCA;JAMUNDI;VIVIENDAS TURÍSTICAS;FINCA TURISTICA (ALOJAMIENTO RURAL);4;6;0
2022;125.196;76364;76;ACTIVO;JEY JEY TOURS JAMUNDI;VALLE DEL CAUCA;JAMUNDI;AGENCIAS DE VIAJES;AGENCIA DE VIAJES Y DE TURISMO;0;0;1
2022;125.777;76364;76;ACTIVO;JANETH  ALVAREZ CAMPO;VALLE DEL CAUCA;JAMUNDI;VIVIENDAS TURÍSTICAS;OTRO TIPO DE VIVIENDA TURÍSTICA;4;6;0
2022;126.627;76364;76;ACTIVO;ENJOY TOUR JAMUNDI;VALLE DEL CAUCA;JAMUNDI;AGENCIAS DE VIAJES;AGENCIA DE VIAJES Y DE TURISMO;0;0;1
2022;126.631;76364;76;ACTIVO;LORES FERNANDEZ ANDREA LIZCETH;VALLE DEL CAUCA;JAMUNDI;OTROS TIPOS DE HOSPEDAJE TURÍSTICOS NO PERMANENTES;OTROS TIPOS DE HOSPEDAJE TURÍSTICOS NO PERMANENTES;2;3;0
2022;127.571;76364;76;ACTIVO;LILIANA MARIA ALARCON MUÑOZ;VALLE DEL CAUCA;JAMUNDI;VIVIENDAS TURÍSTICAS;APARTAMENTO TURÍSTICO;4;6;0
2022;130.415;76364;76;ACTIVO;MOLINA LOZANO ANA LILIANA;VALLE DEL CAUCA;JAMUNDI;VIVIENDAS TURÍSTICAS;FINCA TURISTICA (ALOJAMIENTO RURAL);1;18;0
2022;130.717;76364;76;ACTIVO;LUZ MARINA ORTIZ DE GUTIERREZ;VALLE DEL CAUCA;JAMUNDI;VIVIENDAS TURÍSTICAS;CASA TURÍSTICA;1;3;0
2022;130.905;76364;76;ACTIVO;MARIA DEL PILAR CUERO MOSQUERA;VALLE DEL CAUCA;JAMUNDI;VIVIENDAS TURÍSTICAS;APARTAMENTO TURÍSTICO;1;5;0
2022;132.437;76364;76;ACTIVO;CLARENA  PULGARIN PULGARIN;VALLE DEL CAUCA;JAMUNDI;VIVIENDAS TURÍSTICAS;APARTAMENTO TURÍSTICO;1;3;0
2022;133.158;76364;76;ACTIVO;VIAJES ÉXITO JAMUNDÍ;VALLE DEL CAUCA;JAMUNDI;AGENCIAS DE VIAJES;AGENCIA DE VIAJES Y DE TURISMO;0;0;2
2022;133.168;76364;76;ACTIVO;CARMEN ELISA GOMEZ TORRES;VALLE DEL CAUCA;JAMUNDI;VIVIENDAS TURÍSTICAS;CASA TURÍSTICA;8;14;0
2022;133.433;76364;76;ACTIVO;LAURA  SERRANO CIFUENTES;VALLE DEL CAUCA;JAMUNDI;VIVIENDAS TURÍSTICAS;CASA TURÍSTICA;8;14;0
2022;133.770;76364;76;ACTIVO;OSORIO SERNA ADRIAN;VALLE DEL CAUCA;JAMUNDI;VIVIENDAS TURÍSTICAS;FINCA TURISTICA (ALOJAMIENTO RURAL);8;14;0
2022;134.028;76364;76;ACTIVO;LUZ EILIANER MARIN PELAEZ;VALLE DEL CAUCA;JAMUNDI;VIVIENDAS TURÍSTICAS;APARTAMENTO TURÍSTICO;8;14;0
2022;134.542;76364;76;ACTIVO;RODOLFO ENRIQUE RODRIGUEZ SALAZAR;VALLE DEL CAUCA;JAMUNDI;OTROS TIPOS DE HOSPEDAJE TURÍSTICOS NO PERMANENTES;OTROS TIPOS DE HOSPEDAJE TURÍSTICOS NO PERMANENTES;2;3;0
2022;135.297;76364;76;ACTIVO;CARMEN  GUERRERO;VALLE DEL CAUCA;JAMUNDI;VIVIENDAS TURÍSTICAS;OTRO TIPO DE VIVIENDA TURÍSTICA;8;14;0
2022;135.833;76364;76;ACTIVO;GIL MINA DERLY KATHERINE;VALLE DEL CAUCA;JAMUNDI;VIVIENDAS TURÍSTICAS;APARTAMENTO TURÍSTICO;8;14;0
2022;136.611;76364;76;ACTIVO;MARIA ANDREA GONZALEZ LOPEZ;VALLE DEL CAUCA;JAMUNDI;VIVIENDAS TURÍSTICAS;OTRO TIPO DE VIVIENDA TURÍSTICA;8;14;0
2022;137.547;76364;76;ACTIVO;OSORIO LOPEZ YAMILE;VALLE DEL CAUCA;JAMUNDI;VIVIENDAS TURÍSTICAS;CASA TURÍSTICA;8;14;0
2022;138.131;76364;76;ACTIVO;LUIS ALFREDO VELASCO PARRA;VALLE DEL CAUCA;JAMUNDI;VIVIENDAS TURÍSTICAS;FINCA TURISTICA (ALOJAMIENTO RURAL);8;14;0
2022;138.468;76364;76;ACTIVO;KARAMANOGLOU SALCEDO ALEXANDER;VALLE DEL CAUCA;JAMUNDI;VIVIENDAS TURÍSTICAS;OTRO TIPO DE VIVIENDA TURÍSTICA;8;14;0
2022;139.201;76364;76;ACTIVO;CK TRAVEL;VALLE DEL CAUCA;JAMUNDI;AGENCIAS DE VIAJES;AGENCIA DE VIAJES Y DE TURISMO;0;0;1
2022;139.227;76364;76;ACTIVO;MATTA AREVALO PABLO CESAR;VALLE DEL CAUCA;JAMUNDI;VIVIENDAS TURÍSTICAS;OTRO TIPO DE VIVIENDA TURÍSTICA;1;3;0
2022;139.346;76364;76;ACTIVO;MARCELA IBETH PALACIOS LARROTA;VALLE DEL CAUCA;JAMUNDI;VIVIENDAS TURÍSTICAS;APARTAMENTO TURÍSTICO;1;2;0
2022;139.951;76364;76;ACTIVO;SUAREZ SILVA ANGELA MARIA;VALLE DEL CAUCA;JAMUNDI;VIVIENDAS TURÍSTICAS;FINCA TURISTICA (ALOJAMIENTO RURAL);40;40;0
2022;140.105;76364;76;ACTIVO;FINCA EL NACEDERO UN MUNDO MAGNIFICO RESERVA NATURAL Y ECOLODGE;VALLE DEL CAUCA;JAMUNDI;AGENCIAS DE VIAJES;AGENCIA DE VIAJES OPERADORAS;0;0;1
2022;140.486;76364;76;ACTIVO;ALINSON  QUINAYAS VASQUEZ;VALLE DEL CAUCA;JAMUNDI;GUIAS DE TURISMO;GUIA DE TURISMO;0;0;1
2022;140.821;76364;76;ACTIVO;LINDA ALEJANDRA PAZ RAMOS;VALLE DEL CAUCA;JAMUNDI;VIVIENDAS TURÍSTICAS;APARTAMENTO TURÍSTICO;1;5;0
2022;140.924;76364;76;ACTIVO;HAROLD MAURICIO MUÑOZ LINARES;VALLE DEL CAUCA;JAMUNDI;VIVIENDAS TURÍSTICAS;FINCA TURISTICA (ALOJAMIENTO RURAL);1;7;0
2022;142.075;76364;76;ACTIVO;CAMPING EL ESPEJO PARK;VALLE DEL CAUCA;JAMUNDI;ESTABLECIMIENTOS DE ALOJAMIENTO TURÍSTICO;CAMPAMENTO;2;8;1
2022;142.349;76364;76;ACTIVO;SUAREZ MURILLO KELLY ALEXANDRA;VALLE DEL CAUCA;JAMUNDI;VIVIENDAS TURÍSTICAS;APARTAMENTO TURÍSTICO;1;7;0
2022;143.245;76364;76;ACTIVO;DORA  MUÑOZ ARIAS;VALLE DEL CAUCA;JAMUNDI;VIVIENDAS TURÍSTICAS;APARTAMENTO TURÍSTICO;1;3;0
2022;144.013;76364;76;ACTIVO;STEVEN DAVID CRUZ MEJIA;VALLE DEL CAUCA;JAMUNDI;VIVIENDAS TURÍSTICAS;APARTAMENTO TURÍSTICO;1;4;0
2022;144.045;76364;76;ACTIVO;FINCA GUADALAJARA S.A.S;VALLE DEL CAUCA;JAMUNDI;VIVIENDAS TURÍSTICAS;FINCA TURISTICA (ALOJAMIENTO RURAL);3;35;0
2022;144.083;76364;76;ACTIVO;ASTUDILLO SEVILLANO ISABEL CRISTINA;VALLE DEL CAUCA;JAMUNDI;VIVIENDAS TURÍSTICAS;APARTAMENTO TURÍSTICO;1;5;0
2022;144.166;76364;76;ACTIVO;DON ELOTES;VALLE DEL CAUCA;JAMUNDI;ESTABLECIMIENTOS DE GASTRONOMÍA;RESTAURANTE DE COMIDA RÁPIDA;0;0;1
2022;144.196;76364;76;ACTIVO;ALBERT CRISTIAN CABRERA URCUQUI;VALLE DEL CAUCA;JAMUNDI;VIVIENDAS TURÍSTICAS;APARTAMENTO TURÍSTICO;1;4;0
2022;144.202;76364;76;ACTIVO;ALBERT CRISTIAN CABRERA URCUQUI;VALLE DEL CAUCA;JAMUNDI;VIVIENDAS TURÍSTICAS;APARTAMENTO TURÍSTICO;1;3;0
2022;144.550;76364;76;ACTIVO;MAELO TURS;VALLE DEL CAUCA;JAMUNDI;AGENCIAS DE VIAJES;AGENCIA DE VIAJES Y DE TURISMO;0;0;1
2022;144.829;76364;76;ACTIVO;DELUXE PROPERTY MANAGEMENT;VALLE DEL CAUCA;JAMUNDI;VIVIENDAS TURÍSTICAS;OTRO TIPO DE VIVIENDA TURÍSTICA;1;2;0
2022;144.890;76364;76;ACTIVO;DIAMOND TRAVEL COLOMBIA;VALLE DEL CAUCA;JAMUNDI;AGENCIAS DE VIAJES;AGENCIA DE VIAJES Y DE TURISMO;0;0;1
2022;144.982;76364;76;ACTIVO;LESBY STELLA HERNANDEZ SANCHEZ;VALLE DEL CAUCA;JAMUNDI;VIVIENDAS TURÍSTICAS;CASA TURÍSTICA;1;6;0
2022;145.136;76364;76;ACTIVO;LUZ EMBELLY DORADO ALLAN;VALLE DEL CAUCA;JAMUNDI;VIVIENDAS TURÍSTICAS;CASA TURÍSTICA;1;6;0
2022;146.530;76364;76;ACTIVO;CANO PUERTA ANA EDILMA;VALLE DEL CAUCA;JAMUNDI;VIVIENDAS TURÍSTICAS;FINCA TURISTICA (ALOJAMIENTO RURAL);1;8;0
2022;146.537;76364;76;ACTIVO;LEON SALAZAR OSCAR EDUARDO;VALLE DEL CAUCA;JAMUNDI;OTROS TIPOS DE HOSPEDAJE TURÍSTICOS NO PERMANENTES;OTROS TIPOS DE HOSPEDAJE TURÍSTICOS NO PERMANENTES;3;9;0
2022;146.662;76364;76;ACTIVO;CANO PUERTA ANA EDILMA;VALLE DEL CAUCA;JAMUNDI;VIVIENDAS TURÍSTICAS;FINCA TURISTICA (ALOJAMIENTO RURAL);1;8;0
2022;147.624;76364;76;ACTIVO;ANGELICA  APONTE MEJIA;VALLE DEL CAUCA;JAMUNDI;VIVIENDAS TURÍSTICAS;FINCA TURISTICA (ALOJAMIENTO RURAL);1;5;0
2022;148.572;76364;76;ACTIVO;DANIEL  SALAZAR COBO;VALLE DEL CAUCA;JAMUNDI;VIVIENDAS TURÍSTICAS;FINCA TURISTICA (ALOJAMIENTO RURAL);8;10;0
2022;149.776;76364;76;ACTIVO;JUAN CAMILO SERRA RESTREPO;VALLE DEL CAUCA;JAMUNDI;GUIAS DE TURISMO;GUIA DE TURISMO;0;0;1
2022;149.945;76364;76;ACTIVO;LUIS ALFONSO VINASCO PALACIOS;VALLE DEL CAUCA;JAMUNDI;VIVIENDAS TURÍSTICAS;CASA TURÍSTICA;2;2;0
2022;149.971;76364;76;ACTIVO;PAULO CESAR MEJIA BURBANO;VALLE DEL CAUCA;JAMUNDI;VIVIENDAS TURÍSTICAS;APARTAMENTO TURÍSTICO;1;3;0
2023;17.595;76364;76;ACTIVO;HOTEL JAMUNDI REAL;VALLE DEL CAUCA;JAMUNDI;ESTABLECIMIENTOS DE ALOJAMIENTO TURÍSTICO;HOTEL;39;45;3
2023;18.433;76364;76;ACTIVO;LUCHO TOURS;VALLE DEL CAUCA;JAMUNDI;AGENCIAS DE VIAJES;AGENCIA DE VIAJES OPERADORAS;0;0;1
2023;19.559;76364;76;ACTIVO;HOSTAL PANORAMA;VALLE DEL CAUCA;JAMUNDI;ESTABLECIMIENTOS DE ALOJAMIENTO TURÍSTICO;HOSTAL;25;31;3
2023;19.560;76364;76;ACTIVO;HOSTAL PARAISO JAMUNDI;VALLE DEL CAUCA;JAMUNDI;ESTABLECIMIENTOS DE ALOJAMIENTO TURÍSTICO;HOSTAL;25;31;3
2023;26.177;76364;76;ACTIVO;HOSTAL PORTAL DEL SOL;VALLE DEL CAUCA;JAMUNDI;ESTABLECIMIENTOS DE ALOJAMIENTO TURÍSTICO;HOSTAL;32;35;3
2023;26.662;76364;76;ACTIVO;GRUPO AVENTURA;VALLE DEL CAUCA;JAMUNDI;AGENCIAS DE VIAJES;AGENCIA DE VIAJES OPERADORAS;0;0;1
2023;27.475;76364;76;ACTIVO;REPRESENTACIONES TURISTICAS CARLOS MICOLTA;VALLE DEL CAUCA;JAMUNDI;OFICINAS DE REPRESENTACION TURÍSTICA;OFICINA DE REPRESENTACION TURÍSTICA;0;0;1
2023;28.340;76364;76;ACTIVO;TURISMO JJC;VALLE DEL CAUCA;JAMUNDI;AGENCIAS DE VIAJES;AGENCIA DE VIAJES OPERADORAS;0;0;1
2023;29.746;76364;76;ACTIVO;LAGOGRANDE HOTEL RESORT Y CENTRO DE CONVENCIONES;VALLE DEL CAUCA;JAMUNDI;ESTABLECIMIENTOS DE ALOJAMIENTO TURÍSTICO;HOTEL;16;34;15
2023;35.394;76364;76;ACTIVO;JEYVER TURES;VALLE DEL CAUCA;JAMUNDI;AGENCIAS DE VIAJES;AGENCIA DE VIAJES Y DE TURISMO;0;0;3
2023;39.927;76364;76;ACTIVO;OPERADORES DE TURISMO LOS BULLICIOSOS S.A.S.;VALLE DEL CAUCA;JAMUNDI;AGENCIAS DE VIAJES;AGENCIA DE VIAJES OPERADORAS;0;0;1
2023;42.124;76364;76;ACTIVO;TROPICAL TRAVEL TOURS;VALLE DEL CAUCA;JAMUNDI;AGENCIAS DE VIAJES;AGENCIA DE VIAJES OPERADORAS;0;0;1
2023;45.921;76364;76;ACTIVO;RESERVA NATURAL BONANZA;VALLE DEL CAUCA;JAMUNDI;AGENCIAS DE VIAJES;AGENCIA DE VIAJES OPERADORAS;0;0;1
2023;51.100;76364;76;ACTIVO;DREAM TRAVELING;VALLE DEL CAUCA;JAMUNDI;AGENCIAS DE VIAJES;AGENCIA DE VIAJES Y DE TURISMO;0;0;1
2023;55.515;76364;76;ACTIVO;DELITUR TRAVEL;VALLE DEL CAUCA;JAMUNDI;AGENCIAS DE VIAJES;AGENCIA DE VIAJES Y DE TURISMO;0;0;3
2023;60.722;76364;76;ACTIVO;SEDE VACACIONAL SINTRABANCOL;VALLE DEL CAUCA;JAMUNDI;VIVIENDAS TURÍSTICAS;OTRO TIPO DE VIVIENDA TURÍSTICA;7;21;0
2023;60.781;76364;76;ACTIVO;MACA TOURS;VALLE DEL CAUCA;JAMUNDI;AGENCIAS DE VIAJES;AGENCIA DE VIAJES Y DE TURISMO;0;0;1
2023;62.418;76364;76;ACTIVO;LA SILVESTRE FINCA AGROTURISTICA;VALLE DEL CAUCA;JAMUNDI;PARQUES TEMÁTICOS;PARQUE TEMÁTICO;0;0;9
2023;65.747;76364;76;ACTIVO;AVENTURA TRAVEL;VALLE DEL CAUCA;JAMUNDI;AGENCIAS DE VIAJES;AGENCIA DE VIAJES Y DE TURISMO;0;0;1
2023;69.698;76364;76;ACTIVO;HOTEL CENTRAL JAMUNDI;VALLE DEL CAUCA;JAMUNDI;ESTABLECIMIENTOS DE ALOJAMIENTO TURÍSTICO;HOTEL;20;21;2
2023;72.320;76364;76;ACTIVO;PARAISO COLOMBIANO;VALLE DEL CAUCA;JAMUNDI;AGENCIAS DE VIAJES;AGENCIA DE VIAJES OPERADORAS;0;0;1
2023;72.668;76364;76;ACTIVO;EVENTOS Y LOGISTICA JJ JEY JEY TOURS;VALLE DEL CAUCA;JAMUNDI;AGENCIAS DE VIAJES;AGENCIA DE VIAJES OPERADORAS;0;0;3
2023;76.330;76364;76;ACTIVO;TRANSPORTES ESPECIALES JAMUNDI ¿¿TEJ.¿¿S.A.S.;VALLE DEL CAUCA;JAMUNDI;EMPRESAS DE TRANSPORTE TERRESTRE AUTOMOTOR;TRANSPORTE TERRESTRE AUTOMOTOR ESPECIAL;0;0;10
2023;83.517;76364;76;ACTIVO;RUTHAS DEL SOL  ECOTURISMO CON SENTIDO SOCIAL;VALLE DEL CAUCA;JAMUNDI;AGENCIAS DE VIAJES;AGENCIA DE VIAJES OPERADORAS;0;0;1
2023;83.681;76364;76;ACTIVO;LIDA FERNANDA ECHAVARRIA ARANGO;VALLE DEL CAUCA;JAMUNDI;GUIAS DE TURISMO;GUIA DE TURISMO;0;0;1
2023;84.962;76364;76;ACTIVO;ECO CAMINANTES;VALLE DEL CAUCA;JAMUNDI;AGENCIAS DE VIAJES;AGENCIA DE VIAJES Y DE TURISMO;0;0;1
2023;87.206;76364;76;ACTIVO;JORGE EDUARDO CASTAÑEDA MEJIA;VALLE DEL CAUCA;JAMUNDI;GUIAS DE TURISMO;GUIA DE TURISMO;0;0;1
2023;91.600;76364;76;ACTIVO;RICHARD GUILLERMO ZAMBRANO MEZA;VALLE DEL CAUCA;JAMUNDI;GUIAS DE TURISMO;GUIA DE TURISMO;0;0;1
2023;92.298;76364;76;ACTIVO;HOTEL EL EMPERADOR JAMUNDI;VALLE DEL CAUCA;JAMUNDI;ESTABLECIMIENTOS DE ALOJAMIENTO TURÍSTICO;HOTEL;22;26;1
2023;92.848;76364;76;ACTIVO;TURISFRONT;VALLE DEL CAUCA;JAMUNDI;AGENCIAS DE VIAJES;AGENCIA DE VIAJES MAYORISTAS;0;0;3
2023;92.850;76364;76;ACTIVO;EPIC TRAVEL AGENCIA DE VIAJES OPERADORA;VALLE DEL CAUCA;JAMUNDI;AGENCIAS DE VIAJES;AGENCIA DE VIAJES OPERADORAS;0;0;1
2023;93.709;76364;76;ACTIVO;TIQUETES VAKANOS;VALLE DEL CAUCA;JAMUNDI;AGENCIAS DE VIAJES;AGENCIA DE VIAJES Y DE TURISMO;0;0;1
2023;93.842;76364;76;ACTIVO;JOSE ARNOBY CASTAÑO GOMEZ;VALLE DEL CAUCA;JAMUNDI;GUIAS DE TURISMO;GUIA DE TURISMO;0;0;1
2023;95.625;76364;76;ACTIVO;BOSQUE EL DESCANSO S.A.S;VALLE DEL CAUCA;JAMUNDI;VIVIENDAS TURÍSTICAS;FINCA TURISTICA (ALOJAMIENTO RURAL);5;14;0
2023;97.217;76364;76;ACTIVO;ETHEL  BALCAZAR TROCHEZ;VALLE DEL CAUCA;JAMUNDI;GUIAS DE TURISMO;GUIA DE TURISMO;0;0;1
2023;98.493;76364;76;ACTIVO;EXPLORANDO FARALLONES;VALLE DEL CAUCA;JAMUNDI;AGENCIAS DE VIAJES;AGENCIA DE VIAJES OPERADORAS;0;0;1
2023;99.107;76364;76;ACTIVO;AMARELO CASA CAMPESTRE S.A.S.;VALLE DEL CAUCA;JAMUNDI;VIVIENDAS TURÍSTICAS;FINCA TURISTICA (ALOJAMIENTO RURAL);6;10;0
2023;100.788;76364;76;ACTIVO;GLAMPING + ECOHOTEL LA CRISTALINA;VALLE DEL CAUCA;JAMUNDI;ESTABLECIMIENTOS DE ALOJAMIENTO TURÍSTICO;HOTEL;15;26;1
2023;100.920;76364;76;ACTIVO;TU VIAJE VIP;VALLE DEL CAUCA;JAMUNDI;AGENCIAS DE VIAJES;AGENCIA DE VIAJES Y DE TURISMO;0;0;1
2023;101.533;76364;76;ACTIVO;JULIO CESAR CALDERON VALENCIA;VALLE DEL CAUCA;JAMUNDI;GUIAS DE TURISMO;GUIA DE TURISMO;0;0;1
2023;101.700;76364;76;ACTIVO;CHAVEZ LOPEZ CLARA INES;VALLE DEL CAUCA;JAMUNDI;GUIAS DE TURISMO;GUIA DE TURISMO;0;0;1
2023;102.414;76364;76;ACTIVO;GAIA EXPEDICIONES;VALLE DEL CAUCA;JAMUNDI;OFICINAS DE REPRESENTACION TURÍSTICA;OFICINA DE REPRESENTACION TURÍSTICA;0;0;1
2023;104.183;76364;76;ACTIVO;MARIA PATRICIA MARIN MOSQUERA;VALLE DEL CAUCA;JAMUNDI;GUIAS DE TURISMO;GUIA DE TURISMO;0;0;1
2023;104.218;76364;76;ACTIVO;FAMILIA LILI TOURS;VALLE DEL CAUCA;JAMUNDI;AGENCIAS DE VIAJES;AGENCIA DE VIAJES OPERADORAS;0;0;1
2023;106.227;76364;76;ACTIVO;MARIA LEONOR ALVAREZ QUINTERO;VALLE DEL CAUCA;JAMUNDI;VIVIENDAS TURÍSTICAS;APARTAMENTO TURÍSTICO;1;4;0
2023;112.110;76364;76;ACTIVO;DELGADO VALENCIA SANTIAGO;VALLE DEL CAUCA;JAMUNDI;VIVIENDAS TURÍSTICAS;CASA TURÍSTICA;4;6;0
2023;114.328;76364;76;ACTIVO;JAIME ANDRES ESMERALD MALDONADO;VALLE DEL CAUCA;JAMUNDI;VIVIENDAS TURÍSTICAS;APARTAMENTO TURÍSTICO;1;5;0
2023;115.382;76364;76;ACTIVO;AGENCIA DE VIAJES EMOTION TOUR;VALLE DEL CAUCA;JAMUNDI;AGENCIAS DE VIAJES;AGENCIA DE VIAJES OPERADORAS;0;0;1
2023;115.891;76364;76;ACTIVO;JUAN MANUEL BELLO MARTINEZ;VALLE DEL CAUCA;JAMUNDI;VIVIENDAS TURÍSTICAS;FINCA TURISTICA (ALOJAMIENTO RURAL);1;14;0
2023;118.106;76364;76;ACTIVO;LOMA DE PIEDRA GLAMPING;VALLE DEL CAUCA;JAMUNDI;ESTABLECIMIENTOS DE ALOJAMIENTO TURÍSTICO;HOSTAL;3;5;1
2023;118.700;76364;76;ACTIVO;YIYOS TOUR;VALLE DEL CAUCA;JAMUNDI;AGENCIAS DE VIAJES;AGENCIA DE VIAJES Y DE TURISMO;0;0;1
2023;122.628;76364;76;ACTIVO;ZUÑIGA DE GALLEGO NUR;VALLE DEL CAUCA;JAMUNDI;VIVIENDAS TURÍSTICAS;FINCA TURISTICA (ALOJAMIENTO RURAL);1;20;0
2023;123.121;76364;76;ACTIVO;AVENTURAS TOURS;VALLE DEL CAUCA;JAMUNDI;AGENCIAS DE VIAJES;AGENCIA DE VIAJES Y DE TURISMO;0;0;1
2023;125.194;76364;76;ACTIVO;FINCA LAS NUBES;VALLE DEL CAUCA;JAMUNDI;VIVIENDAS TURÍSTICAS;FINCA TURISTICA (ALOJAMIENTO RURAL);3;15;0
2023;125.777;76364;76;ACTIVO;JANETH  ALVAREZ CAMPO;VALLE DEL CAUCA;JAMUNDI;VIVIENDAS TURÍSTICAS;OTRO TIPO DE VIVIENDA TURÍSTICA;2;2;0
2023;126.627;76364;76;ACTIVO;ENJOY TOUR JAMUNDI;VALLE DEL CAUCA;JAMUNDI;AGENCIAS DE VIAJES;AGENCIA DE VIAJES Y DE TURISMO;0;0;1
2023;126.631;76364;76;ACTIVO;LORES FERNANDEZ ANDREA LIZCETH;VALLE DEL CAUCA;JAMUNDI;VIVIENDAS TURÍSTICAS;OTRO TIPO DE VIVIENDA TURÍSTICA;2;2;0
2023;129.411;76364;76;ACTIVO;TIERRA TOURS;VALLE DEL CAUCA;JAMUNDI;AGENCIAS DE VIAJES;AGENCIA DE VIAJES Y DE TURISMO;0;0;1
2023;130.415;76364;76;ACTIVO;MOLINA LOZANO ANA LILIANA;VALLE DEL CAUCA;JAMUNDI;VIVIENDAS TURÍSTICAS;FINCA TURISTICA (ALOJAMIENTO RURAL);1;16;0
2023;130.717;76364;76;ACTIVO;LUZ MARINA ORTIZ DE GUTIERREZ;VALLE DEL CAUCA;JAMUNDI;VIVIENDAS TURÍSTICAS;CASA TURÍSTICA;1;3;0
2023;132.437;76364;76;ACTIVO;CLARENA  PULGARIN PULGARIN;VALLE DEL CAUCA;JAMUNDI;VIVIENDAS TURÍSTICAS;APARTAMENTO TURÍSTICO;1;3;0
2023;133.433;76364;76;ACTIVO;LAURA  SERRANO CIFUENTES;VALLE DEL CAUCA;JAMUNDI;VIVIENDAS TURÍSTICAS;CASA TURÍSTICA;2;2;0
2023;133.770;76364;76;ACTIVO;OSORIO SERNA ADRIAN;VALLE DEL CAUCA;JAMUNDI;VIVIENDAS TURÍSTICAS;FINCA TURISTICA (ALOJAMIENTO RURAL);1;2;0
2023;134.028;76364;76;ACTIVO;LUZ EILIANER MARIN PELAEZ;VALLE DEL CAUCA;JAMUNDI;VIVIENDAS TURÍSTICAS;APARTAMENTO TURÍSTICO;8;14;0
2023;135.297;76364;76;ACTIVO;CARMEN  GUERRERO;VALLE DEL CAUCA;JAMUNDI;VIVIENDAS TURÍSTICAS;OTRO TIPO DE VIVIENDA TURÍSTICA;1;1;0
2023;136.611;76364;76;ACTIVO;MARIA ANDREA GONZALEZ LOPEZ;VALLE DEL CAUCA;JAMUNDI;VIVIENDAS TURÍSTICAS;OTRO TIPO DE VIVIENDA TURÍSTICA;8;14;0
2023;137.547;76364;76;ACTIVO;OSORIO LOPEZ YAMILE;VALLE DEL CAUCA;JAMUNDI;VIVIENDAS TURÍSTICAS;CASA TURÍSTICA;8;14;0
2023;138.468;76364;76;ACTIVO;KARAMANOGLOU SALCEDO ALEXANDER;VALLE DEL CAUCA;JAMUNDI;VIVIENDAS TURÍSTICAS;OTRO TIPO DE VIVIENDA TURÍSTICA;4;6;0
2023;139.201;76364;76;ACTIVO;CK TRAVEL AGENCIA DE VIAJES;VALLE DEL CAUCA;JAMUNDI;AGENCIAS DE VIAJES;AGENCIA DE VIAJES Y DE TURISMO;0;0;1
2023;139.227;76364;76;ACTIVO;MATTA AREVALO PABLO CESAR;VALLE DEL CAUCA;JAMUNDI;VIVIENDAS TURÍSTICAS;OTRO TIPO DE VIVIENDA TURÍSTICA;1;3;0
2023;139.346;76364;76;ACTIVO;MARCELA IBETH PALACIOS LARROTA;VALLE DEL CAUCA;JAMUNDI;VIVIENDAS TURÍSTICAS;APARTAMENTO TURÍSTICO;1;2;0
2023;140.105;76364;76;ACTIVO;FINCA EL NACEDERO UN MUNDO MAGNIFICO RESERVA NATURAL Y ECOLODGE;VALLE DEL CAUCA;JAMUNDI;AGENCIAS DE VIAJES;AGENCIA DE VIAJES OPERADORAS;0;0;1
2023;140.486;76364;76;ACTIVO;ALINSON  QUINAYAS VASQUEZ;VALLE DEL CAUCA;JAMUNDI;GUIAS DE TURISMO;GUIA DE TURISMO;0;0;1
2023;140.821;76364;76;ACTIVO;LINDA ALEJANDRA PAZ RAMOS;VALLE DEL CAUCA;JAMUNDI;VIVIENDAS TURÍSTICAS;APARTAMENTO TURÍSTICO;1;5;0
2023;142.075;76364;76;ACTIVO;CAMPING EL ESPEJO PARK;VALLE DEL CAUCA;JAMUNDI;ESTABLECIMIENTOS DE ALOJAMIENTO TURÍSTICO;CAMPAMENTO;2;8;1
2023;142.349;76364;76;ACTIVO;SUAREZ MURILLO KELLY ALEXANDRA;VALLE DEL CAUCA;JAMUNDI;VIVIENDAS TURÍSTICAS;APARTAMENTO TURÍSTICO;1;7;0
2023;143.245;76364;76;ACTIVO;DORA  MUÑOZ ARIAS;VALLE DEL CAUCA;JAMUNDI;VIVIENDAS TURÍSTICAS;APARTAMENTO TURÍSTICO;1;3;0
2023;144.013;76364;76;ACTIVO;STEVEN DAVID CRUZ MEJIA;VALLE DEL CAUCA;JAMUNDI;VIVIENDAS TURÍSTICAS;APARTAMENTO TURÍSTICO;1;4;0
2023;144.045;76364;76;ACTIVO;FINCA GUADALAJARA S.A.S;VALLE DEL CAUCA;JAMUNDI;VIVIENDAS TURÍSTICAS;FINCA TURISTICA (ALOJAMIENTO RURAL);3;35;0
2023;144.202;76364;76;ACTIVO;ALBERT CRISTIAN CABRERA URCUQUI;VALLE DEL CAUCA;JAMUNDI;VIVIENDAS TURÍSTICAS;APARTAMENTO TURÍSTICO;1;3;0
2023;144.550;76364;76;ACTIVO;MAELO TURS;VALLE DEL CAUCA;JAMUNDI;AGENCIAS DE VIAJES;AGENCIA DE VIAJES Y DE TURISMO;0;0;1
2023;144.829;76364;76;ACTIVO;DELUXE PROPERTY MANAGEMENT;VALLE DEL CAUCA;JAMUNDI;VIVIENDAS TURÍSTICAS;OTRO TIPO DE VIVIENDA TURÍSTICA;1;2;0
2023;144.890;76364;76;ACTIVO;DIAMOND TRAVEL COLOMBIA;VALLE DEL CAUCA;JAMUNDI;AGENCIAS DE VIAJES;AGENCIA DE VIAJES Y DE TURISMO;0;0;1
2023;144.982;76364;76;ACTIVO;LESBY STELLA HERNANDEZ SANCHEZ;VALLE DEL CAUCA;JAMUNDI;VIVIENDAS TURÍSTICAS;CASA TURÍSTICA;1;6;0
2023;145.136;76364;76;ACTIVO;LUZ EMBELLY DORADO ALLAN;VALLE DEL CAUCA;JAMUNDI;VIVIENDAS TURÍSTICAS;CASA TURÍSTICA;1;4;0
2023;149.776;76364;76;ACTIVO;JUAN CAMILO SERRA RESTREPO;VALLE DEL CAUCA;JAMUNDI;GUIAS DE TURISMO;GUIA DE TURISMO;0;0;1
2023;149.971;76364;76;ACTIVO;PAULO CESAR MEJIA BURBANO;VALLE DEL CAUCA;JAMUNDI;VIVIENDAS TURÍSTICAS;APARTAMENTO TURÍSTICO;1;4;0
2023;150.080;76364;76;ACTIVO;ROSERO ENRIQUEZ DIEGO  FERNANDO;VALLE DEL CAUCA;JAMUNDI;VIVIENDAS TURÍSTICAS;CASA TURÍSTICA;6;5;0
2023;150.489;76364;76;ACTIVO;GERMAN DAVID ROJAS VALENCIA;VALLE DEL CAUCA;JAMUNDI;VIVIENDAS TURÍSTICAS;FINCA TURISTICA (ALOJAMIENTO RURAL);4;12;0
2023;150.638;76364;76;ACTIVO;JOHN CARLOS GONZALEZ RUBIO;VALLE DEL CAUCA;JAMUNDI;VIVIENDAS TURÍSTICAS;CASA TURÍSTICA;1;3;0
2023;150.815;76364;76;ACTIVO;FLORALBA EMILIA RAMIREZ DELGADO;VALLE DEL CAUCA;JAMUNDI;VIVIENDAS TURÍSTICAS;FINCA TURISTICA (ALOJAMIENTO RURAL);1;18;0
2023;151.900;76364;76;ACTIVO;KARAMANOGLOU SALCEDO ALEXANDER;VALLE DEL CAUCA;JAMUNDI;VIVIENDAS TURÍSTICAS;CASA TURÍSTICA;3;6;0
2023;152.315;76364;76;ACTIVO;CARLOS ARTURO MEJIA GIRALDO;VALLE DEL CAUCA;JAMUNDI;VIVIENDAS TURÍSTICAS;APARTAMENTO TURÍSTICO;3;9;0
2023;152.720;76364;76;ACTIVO;CARLOS ANDRES GUALI MUÑOZ;VALLE DEL CAUCA;JAMUNDI;VIVIENDAS TURÍSTICAS;CASA TURÍSTICA;1;5;0
2023;152.760;76364;76;ACTIVO;ANGELICA  MORALES MARTINEZ;VALLE DEL CAUCA;JAMUNDI;VIVIENDAS TURÍSTICAS;CASA TURÍSTICA;3;3;0
2023;153.060;76364;76;ACTIVO;AQUITE GONZALEZ JHON DARWYN;VALLE DEL CAUCA;JAMUNDI;VIVIENDAS TURÍSTICAS;FINCA TURISTICA (ALOJAMIENTO RURAL);1;8;0
2023;153.374;76364;76;ACTIVO;SOLAR VALLUNO SAS;VALLE DEL CAUCA;JAMUNDI;VIVIENDAS TURÍSTICAS;OTRO TIPO DE VIVIENDA TURÍSTICA;10;10;0
2023;153.778;76364;76;ACTIVO;ARABANY  GARCIA RINCON;VALLE DEL CAUCA;JAMUNDI;VIVIENDAS TURÍSTICAS;FINCA TURISTICA (ALOJAMIENTO RURAL);1;20;0
2023;154.136;76364;76;ACTIVO;SANDRO FELIPE MARIN MUÑOZ;VALLE DEL CAUCA;JAMUNDI;VIVIENDAS TURÍSTICAS;OTRO TIPO DE VIVIENDA TURÍSTICA;1;5;0
2023;155.329;76364;76;ACTIVO;ARCADIO  ESCOBAR SEVILLANO;VALLE DEL CAUCA;JAMUNDI;VIVIENDAS TURÍSTICAS;CASA TURÍSTICA;3;4;0
2023;156.287;76364;76;ACTIVO;YEIMMY TATIANA LOPEZ SAENZ;VALLE DEL CAUCA;JAMUNDI;VIVIENDAS TURÍSTICAS;CASA TURÍSTICA;4;6;0
2023;157.472;76364;76;ACTIVO;CARPINTERO SERNA AYDA RUTH;VALLE DEL CAUCA;JAMUNDI;GUIAS DE TURISMO;GUIA DE TURISMO;0;0;1
2023;157.732;76364;76;ACTIVO;LOAIZA DUQUE RICARDO;VALLE DEL CAUCA;JAMUNDI;VIVIENDAS TURÍSTICAS;FINCA TURISTICA (ALOJAMIENTO RURAL);1;30;0
2023;158.044;76364;76;ACTIVO;YEFERSONMAKERRY S.M. AGENCIA DE VIAJES INTERCONTINENTAL;VALLE DEL CAUCA;JAMUNDI;AGENCIAS DE VIAJES;AGENCIA DE VIAJES Y DE TURISMO;0;0;1
2023;158.718;76364;76;ACTIVO;BRENDA GISSEL NUÑEZ YEPES;VALLE DEL CAUCA;JAMUNDI;GUIAS DE TURISMO;GUIA DE TURISMO;0;0;1
2023;159.310;76364;76;ACTIVO;CAMPO VEGA OLGA MIREYA;VALLE DEL CAUCA;JAMUNDI;VIVIENDAS TURÍSTICAS;OTRO TIPO DE VIVIENDA TURÍSTICA;1;3;0
2023;160.307;76364;76;ACTIVO;VANESSA  CRISTANCHO GONZALEZ;VALLE DEL CAUCA;JAMUNDI;VIVIENDAS TURÍSTICAS;APARTAMENTO TURÍSTICO;1;3;0
2023;160.308;76364;76;ACTIVO;VANESSA  CRISTANCHO GONZALEZ;VALLE DEL CAUCA;JAMUNDI;VIVIENDAS TURÍSTICAS;APARTAMENTO TURÍSTICO;3;3;0
2023;160.424;76364;76;ACTIVO;JENNIFER  ZULUAGA CRUZ;VALLE DEL CAUCA;JAMUNDI;VIVIENDAS TURÍSTICAS;CASA TURÍSTICA;1;5;0
2023;160.644;76364;76;ACTIVO;MARIA DEL PILAR CUERO MOSQUERA;VALLE DEL CAUCA;JAMUNDI;VIVIENDAS TURÍSTICAS;APARTAMENTO TURÍSTICO;1;5;0
2023;160.792;76364;76;ACTIVO;JENNIFER  ZULUAGA CRUZ;VALLE DEL CAUCA;JAMUNDI;VIVIENDAS TURÍSTICAS;CASA TURÍSTICA;1;5;0
2023;162.026;76364;76;ACTIVO;COMERCIALIZADORA INTERNACIONAL EMP S.A.S.;VALLE DEL CAUCA;JAMUNDI;VIVIENDAS TURÍSTICAS;OTRO TIPO DE VIVIENDA TURÍSTICA;15;15;0
2023;162.370;76364;76;ACTIVO;ATLANTIC RESTAURANTE BAR;VALLE DEL CAUCA;JAMUNDI;ESTABLECIMIENTOS DE GASTRONOMÍA;RESTAURANTE;0;0;1
2023;162.386;76364;76;ACTIVO;FINCA LA CAROLA S.A.S.;VALLE DEL CAUCA;JAMUNDI;VIVIENDAS TURÍSTICAS;FINCA TURISTICA (ALOJAMIENTO RURAL);1;20;0
2023;163.551;76364;76;ACTIVO;ANGELICA  MORALES MARTINEZ;VALLE DEL CAUCA;JAMUNDI;VIVIENDAS TURÍSTICAS;CASA TURÍSTICA;4;8;0
2023;163.958;76364;76;ACTIVO;ENCANTO LITERARIO S.A.S.;VALLE DEL CAUCA;JAMUNDI;AGENCIAS DE VIAJES;AGENCIA DE VIAJES MAYORISTAS;0;0;1
2023;165.612;76364;76;ACTIVO;RANCHO SAN CARLOS;VALLE DEL CAUCA;JAMUNDI;ESTABLECIMIENTOS DE ALOJAMIENTO TURÍSTICO;CENTRO VACACIONAL;17;29;1
2023;168.038;76364;76;ACTIVO;INGLOBAL RENTALS S.A.S.;VALLE DEL CAUCA;JAMUNDI;VIVIENDAS TURÍSTICAS;FINCA TURISTICA (ALOJAMIENTO RURAL);1;8;0
2023;168.843;76364;76;ACTIVO;CASTILLO TROYA CAMILA ANDREA;VALLE DEL CAUCA;JAMUNDI;VIVIENDAS TURÍSTICAS;OTRO TIPO DE VIVIENDA TURÍSTICA;6;9;0
2023;169.601;76364;76;ACTIVO;STEFHANY ADRIANA ROSERO ORTIZ;VALLE DEL CAUCA;JAMUNDI;VIVIENDAS TURÍSTICAS;APARTAMENTO TURÍSTICO;1;3;0
2023;170.544;76364;76;ACTIVO;LOPEZ PATIÑO ANDRES FELIPE;VALLE DEL CAUCA;JAMUNDI;VIVIENDAS TURÍSTICAS;FINCA TURISTICA (ALOJAMIENTO RURAL);1;10;0
2023;170.745;76364;76;ACTIVO;BUSTAMANTE DE MONCADA AMPARO DE JESUS;VALLE DEL CAUCA;JAMUNDI;VIVIENDAS TURÍSTICAS;OTRO TIPO DE VIVIENDA TURÍSTICA;8;10;0
2023;171.379;76364;76;ACTIVO;PAULO CESAR MEJIA BURBANO;VALLE DEL CAUCA;JAMUNDI;VIVIENDAS TURÍSTICAS;APARTAMENTO TURÍSTICO;1;4;0
2023;171.392;76364;76;ACTIVO;INGLOBAL RENTALS S.A.S.;VALLE DEL CAUCA;JAMUNDI;VIVIENDAS TURÍSTICAS;FINCA TURISTICA (ALOJAMIENTO RURAL);1;10;0
2023;171.508;76364;76;ACTIVO;JERONIMO  VELASQUEZ VALENCIA;VALLE DEL CAUCA;JAMUNDI;VIVIENDAS TURÍSTICAS;CASA TURÍSTICA;4;2;0
2023;172.592;76364;76;ACTIVO;FERNELY  GOMEZ MOSQUERA;VALLE DEL CAUCA;JAMUNDI;VIVIENDAS TURÍSTICAS;CASA TURÍSTICA;3;13;0
2023;173.018;76364;76;ACTIVO;AGENCIA DE VIAJES MAXIDESTINOS;VALLE DEL CAUCA;JAMUNDI;AGENCIAS DE VIAJES;AGENCIA DE VIAJES OPERADORAS;0;0;2
2023;173.736;76364;76;ACTIVO;EL CAMBUCHE DEL MONO S.A.S.;VALLE DEL CAUCA;JAMUNDI;VIVIENDAS TURÍSTICAS;FINCA TURISTICA (ALOJAMIENTO RURAL);1;40;0
2023;174.423;76364;76;ACTIVO;AVILES CONSULTING GROUP S.A.S.;VALLE DEL CAUCA;JAMUNDI;VIVIENDAS TURÍSTICAS;APARTAMENTO TURÍSTICO;1;2;0
2023;174.898;76364;76;ACTIVO;MEGAVACACIONES;VALLE DEL CAUCA;JAMUNDI;AGENCIAS DE VIAJES;AGENCIA DE VIAJES Y DE TURISMO;0;0;1
2023;174.920;76364;76;ACTIVO;JUAN  PABLO OCAMPO TELLEZ;VALLE DEL CAUCA;JAMUNDI;VIVIENDAS TURÍSTICAS;APARTAMENTO TURÍSTICO;1;2;0
2023;175.673;76364;76;ACTIVO;WILSON ANDRES CRESPO ZAPATA;VALLE DEL CAUCA;JAMUNDI;VIVIENDAS TURÍSTICAS;FINCA TURISTICA (ALOJAMIENTO RURAL);6;12;0
2023;175.696;76364;76;ACTIVO;XIMENA  PICO MUÑOZ;VALLE DEL CAUCA;JAMUNDI;VIVIENDAS TURÍSTICAS;APARTAMENTO TURÍSTICO;2;6;0
2023;176.432;76364;76;ACTIVO;PAOLA ANDREA BELALCAZAR CANO;VALLE DEL CAUCA;JAMUNDI;VIVIENDAS TURÍSTICAS;APARTAMENTO TURÍSTICO;1;3;0
2023;176.471;76364;76;ACTIVO;JOSE MANUEL VALLEJO ASTUDILLO;VALLE DEL CAUCA;JAMUNDI;VIVIENDAS TURÍSTICAS;FINCA TURISTICA (ALOJAMIENTO RURAL);1;6;0
2023;178.143;76364;76;ACTIVO;MONICA  SOLANO RUIZ;VALLE DEL CAUCA;JAMUNDI;VIVIENDAS TURÍSTICAS;OTRO TIPO DE VIVIENDA TURÍSTICA;3;10;0
2023;178.165;76364;76;ACTIVO;RICARDO  MUÑOZ CANDAMIL;VALLE DEL CAUCA;JAMUNDI;VIVIENDAS TURÍSTICAS;OTRO TIPO DE VIVIENDA TURÍSTICA;1;8;0
2023;178.703;76364;76;ACTIVO;ELENA PATRICIA DIAZ REYES;VALLE DEL CAUCA;JAMUNDI;VIVIENDAS TURÍSTICAS;APARTAMENTO TURÍSTICO;1;5;0
2023;179.354;76364;76;ACTIVO;ARBIEN S.A.S.;VALLE DEL CAUCA;JAMUNDI;VIVIENDAS TURÍSTICAS;FINCA TURISTICA (ALOJAMIENTO RURAL);4;10;0
2023;180.289;76364;76;ACTIVO;DIANA PATRICIA LONDOÑO LONDOÑO;VALLE DEL CAUCA;JAMUNDI;VIVIENDAS TURÍSTICAS;OTRO TIPO DE VIVIENDA TURÍSTICA;1;2;0
2023;180.656;76364;76;ACTIVO;FLOREZ FAJARDO CLAUDIA MILENA;VALLE DEL CAUCA;JAMUNDI;VIVIENDAS TURÍSTICAS;APARTAMENTO TURÍSTICO;1;3;0
2023;180.986;76364;76;ACTIVO;IRLANDA APOLONIA VILLOTA MARTINEZ;VALLE DEL CAUCA;JAMUNDI;VIVIENDAS TURÍSTICAS;APARTAMENTO TURÍSTICO;1;6;0
2023;181.131;76364;76;ACTIVO;ARMEKASA INMOBILIARIA REAL ESTATE S.A.S.;VALLE DEL CAUCA;JAMUNDI;VIVIENDAS TURÍSTICAS;APARTAMENTO TURÍSTICO;10;5;0
2023;182.185;76364;76;ACTIVO;BUENO ESCOBAR CAROLINA;VALLE DEL CAUCA;JAMUNDI;VIVIENDAS TURÍSTICAS;FINCA TURISTICA (ALOJAMIENTO RURAL);1;25;0
2023;183.140;76364;76;ACTIVO;SUAREZ MURILLO KELLY ALEXANDRA;VALLE DEL CAUCA;JAMUNDI;VIVIENDAS TURÍSTICAS;APARTAMENTO TURÍSTICO;1;3;0
2023;183.144;76364;76;ACTIVO;SDA ASESORES SAS;VALLE DEL CAUCA;JAMUNDI;VIVIENDAS TURÍSTICAS;FINCA TURISTICA (ALOJAMIENTO RURAL);1;12;0
2023;183.979;76364;76;ACTIVO;SANDRA EUGENIA MORENO CORREA;VALLE DEL CAUCA;JAMUNDI;VIVIENDAS TURÍSTICAS;CASA TURÍSTICA;2;5;0
2023;184.284;76364;76;ACTIVO;JENNY ALEXANDRA PINEDA ARENAS;VALLE DEL CAUCA;JAMUNDI;VIVIENDAS TURÍSTICAS;OTRO TIPO DE VIVIENDA TURÍSTICA;2;4;0
2023;185.601;76364;76;ACTIVO;FABIOLA MARIA BENAVIDES MARTINEZ;VALLE DEL CAUCA;JAMUNDI;VIVIENDAS TURÍSTICAS;CASA TURÍSTICA;1;3;0
2023;186.419;76364;76;ACTIVO;VIANNY JANNETH GOMEZ BECERRA;VALLE DEL CAUCA;JAMUNDI;VIVIENDAS TURÍSTICAS;APARTAMENTO TURÍSTICO;1;4;0
2023;186.825;76364;76;ACTIVO;RODRIGUEZ ARISTIZABAL LUZ ADIELA;VALLE DEL CAUCA;JAMUNDI;VIVIENDAS TURÍSTICAS;CASA TURÍSTICA;1;6;0
2023;187.299;76364;76;ACTIVO;PALACIOS AGENCIA INMOBILIARIA S.A.S.;VALLE DEL CAUCA;JAMUNDI;VIVIENDAS TURÍSTICAS;FINCA TURISTICA (ALOJAMIENTO RURAL);8;10;0
2023;187.590;76364;76;ACTIVO;RICARDO  SANDOVAL SALAZAR;VALLE DEL CAUCA;JAMUNDI;VIVIENDAS TURÍSTICAS;CASA TURÍSTICA;1;3;0
2023;187.798;76364;76;ACTIVO;CRISTIAN ANDRES CASTRO REINA;VALLE DEL CAUCA;JAMUNDI;VIVIENDAS TURÍSTICAS;CASA TURÍSTICA;1;10;0
2023;188.387;76364;76;ACTIVO;MELIDA  URREGO PALOMARES;VALLE DEL CAUCA;JAMUNDI;VIVIENDAS TURÍSTICAS;CASA TURÍSTICA;4;6;0
2023;188.437;76364;76;ACTIVO;DE MOCHILA POR COLOMBIA;VALLE DEL CAUCA;JAMUNDI;AGENCIAS DE VIAJES;AGENCIA DE VIAJES OPERADORAS;0;0;1
2023;188.648;76364;76;ACTIVO;AUDY SAHARA GIRALDO ARANGO;VALLE DEL CAUCA;JAMUNDI;VIVIENDAS TURÍSTICAS;CASA TURÍSTICA;4;6;0
2023;190.002;76364;76;ACTIVO;ANABELLY  GARCIA MONTOYA;VALLE DEL CAUCA;JAMUNDI;VIVIENDAS TURÍSTICAS;CASA TURÍSTICA;4;6;0
2024;18.433;76364;76;ACTIVO;LUCHO TOURS;VALLE DEL CAUCA;JAMUNDI;AGENCIAS DE VIAJES;AGENCIA DE VIAJES OPERADORAS;0;0;1
2024;19.559;76364;76;ACTIVO;HOSTAL PANORAMA;VALLE DEL CAUCA;JAMUNDI;ESTABLECIMIENTOS DE ALOJAMIENTO TURÍSTICO;HOSTAL;25;31;3
2024;19.560;76364;76;ACTIVO;HOSTAL PARAISO JAMUNDI;VALLE DEL CAUCA;JAMUNDI;ESTABLECIMIENTOS DE ALOJAMIENTO TURÍSTICO;HOSTAL;25;31;3
2024;26.177;76364;76;ACTIVO;HOSTAL PORTAL DEL SOL;VALLE DEL CAUCA;JAMUNDI;ESTABLECIMIENTOS DE ALOJAMIENTO TURÍSTICO;HOSTAL;32;35;3
2024;26.662;76364;76;ACTIVO;GRUPO AVENTURA;VALLE DEL CAUCA;JAMUNDI;AGENCIAS DE VIAJES;AGENCIA DE VIAJES OPERADORAS;0;0;1
2024;27.475;76364;76;ACTIVO;REPRESENTACIONES TURISTICAS CARLOS MICOLTA;VALLE DEL CAUCA;JAMUNDI;OFICINAS DE REPRESENTACION TURÍSTICA;OFICINA DE REPRESENTACION TURÍSTICA;0;0;1
2024;28.340;76364;76;ACTIVO;TURISMO JJC;VALLE DEL CAUCA;JAMUNDI;AGENCIAS DE VIAJES;AGENCIA DE VIAJES OPERADORAS;0;0;1
2024;29.746;76364;76;ACTIVO;LAGOGRANDE HOTEL RESORT Y CENTRO DE CONVENCIONES;VALLE DEL CAUCA;JAMUNDI;ESTABLECIMIENTOS DE ALOJAMIENTO TURÍSTICO;HOTEL;16;34;20
2024;35.394;76364;76;ACTIVO;JEYVER TURES;VALLE DEL CAUCA;JAMUNDI;AGENCIAS DE VIAJES;AGENCIA DE VIAJES Y DE TURISMO;0;0;4
2024;39.927;76364;76;ACTIVO;OPERADORES DE TURISMO LOS BULLICIOSOS S.A.S.;VALLE DEL CAUCA;JAMUNDI;AGENCIAS DE VIAJES;AGENCIA DE VIAJES OPERADORAS;0;0;1
2024;42.124;76364;76;ACTIVO;TROPICAL TRAVEL TOURS;VALLE DEL CAUCA;JAMUNDI;AGENCIAS DE VIAJES;AGENCIA DE VIAJES OPERADORAS;0;0;1
2024;45.921;76364;76;ACTIVO;RESERVA NATURAL BONANZA;VALLE DEL CAUCA;JAMUNDI;AGENCIAS DE VIAJES;AGENCIA DE VIAJES OPERADORAS;0;0;1
2024;51.100;76364;76;ACTIVO;DREAM TRAVELING;VALLE DEL CAUCA;JAMUNDI;AGENCIAS DE VIAJES;AGENCIA DE VIAJES Y DE TURISMO;0;0;2
2024;55.515;76364;76;ACTIVO;DELITUR TRAVEL;VALLE DEL CAUCA;JAMUNDI;AGENCIAS DE VIAJES;AGENCIA DE VIAJES Y DE TURISMO;0;0;3
2024;60.722;76364;76;ACTIVO;SEDE VACACIONAL SINTRABANCOL;VALLE DEL CAUCA;JAMUNDI;VIVIENDAS TURÍSTICAS;OTRO TIPO DE VIVIENDA TURÍSTICA;7;28;0
2024;60.781;76364;76;ACTIVO;MACA TOURS;VALLE DEL CAUCA;JAMUNDI;AGENCIAS DE VIAJES;AGENCIA DE VIAJES Y DE TURISMO;0;0;1
2024;62.418;76364;76;ACTIVO;LA SILVESTRE FINCA AGROTURISTICA;VALLE DEL CAUCA;JAMUNDI;PARQUES TEMÁTICOS;PARQUE TEMÁTICO;0;0;9
2024;65.747;76364;76;ACTIVO;AVENTURA TRAVEL;VALLE DEL CAUCA;JAMUNDI;AGENCIAS DE VIAJES;AGENCIA DE VIAJES Y DE TURISMO;0;0;1
2024;69.698;76364;76;ACTIVO;HOTEL CENTRAL JAMUNDI;VALLE DEL CAUCA;JAMUNDI;ESTABLECIMIENTOS DE ALOJAMIENTO TURÍSTICO;HOTEL;20;21;1
2024;72.320;76364;76;ACTIVO;PARAISO COLOMBIANO;VALLE DEL CAUCA;JAMUNDI;AGENCIAS DE VIAJES;AGENCIA DE VIAJES OPERADORAS;0;0;1
2024;76.330;76364;76;ACTIVO;TRANSPORTES ESPECIALES JAMUNDI ¿¿TEJ.¿¿S.A.S.;VALLE DEL CAUCA;JAMUNDI;EMPRESAS DE TRANSPORTE TERRESTRE AUTOMOTOR;TRANSPORTE TERRESTRE AUTOMOTOR ESPECIAL;0;0;13
2024;83.517;76364;76;ACTIVO;RUTHAS DEL SOL  ECOTURISMO CON SENTIDO SOCIAL;VALLE DEL CAUCA;JAMUNDI;AGENCIAS DE VIAJES;AGENCIA DE VIAJES OPERADORAS;0;0;1
2024;83.681;76364;76;ACTIVO;LIDA FERNANDA ECHAVARRIA ARANGO;VALLE DEL CAUCA;JAMUNDI;GUIAS DE TURISMO;GUIA DE TURISMO;0;0;1
2024;84.537;76364;76;ACTIVO;BALORKA;VALLE DEL CAUCA;JAMUNDI;VIVIENDAS TURÍSTICAS;FINCA TURISTICA (ALOJAMIENTO RURAL);10;10;0
2024;84.958;76364;76;ACTIVO;ELVIAJEQQUIERO  AGENCIA DE VIAJES Y SUEÑOS;VALLE DEL CAUCA;JAMUNDI;AGENCIAS DE VIAJES;AGENCIA DE VIAJES Y DE TURISMO;0;0;1
2024;84.962;76364;76;ACTIVO;ECO CAMINANTES;VALLE DEL CAUCA;JAMUNDI;AGENCIAS DE VIAJES;AGENCIA DE VIAJES Y DE TURISMO;0;0;1
2024;87.206;76364;76;ACTIVO;JORGE EDUARDO CASTAÑEDA MEJIA;VALLE DEL CAUCA;JAMUNDI;GUIAS DE TURISMO;GUIA DE TURISMO;0;0;1
2024;91.600;76364;76;ACTIVO;RICHARD GUILLERMO ZAMBRANO MEZA;VALLE DEL CAUCA;JAMUNDI;GUIAS DE TURISMO;GUIA DE TURISMO;0;0;1
2024;92.848;76364;76;ACTIVO;TURISFRONT;VALLE DEL CAUCA;JAMUNDI;AGENCIAS DE VIAJES;AGENCIA DE VIAJES MAYORISTAS;0;0;3
2024;92.850;76364;76;ACTIVO;EPIC TRAVEL AGENCIA DE VIAJES OPERADORA;VALLE DEL CAUCA;JAMUNDI;AGENCIAS DE VIAJES;AGENCIA DE VIAJES OPERADORAS;0;0;1
2024;93.709;76364;76;ACTIVO;TIQUETES VAKANOS;VALLE DEL CAUCA;JAMUNDI;AGENCIAS DE VIAJES;AGENCIA DE VIAJES Y DE TURISMO;0;0;1
2024;93.842;76364;76;ACTIVO;JOSE ARNOBY CASTAÑO GOMEZ;VALLE DEL CAUCA;JAMUNDI;GUIAS DE TURISMO;GUIA DE TURISMO;0;0;1
2024;95.625;76364;76;ACTIVO;BOSQUE EL DESCANSO S.A.S;VALLE DEL CAUCA;JAMUNDI;VIVIENDAS TURÍSTICAS;FINCA TURISTICA (ALOJAMIENTO RURAL);5;14;0
2024;97.217;76364;76;ACTIVO;ETHEL  BALCAZAR TROCHEZ;VALLE DEL CAUCA;JAMUNDI;GUIAS DE TURISMO;GUIA DE TURISMO;0;0;1
2024;98.493;76364;76;ACTIVO;EXPLORANDO FARALLONES;VALLE DEL CAUCA;JAMUNDI;AGENCIAS DE VIAJES;AGENCIA DE VIAJES OPERADORAS;0;0;1
2024;99.107;76364;76;ACTIVO;AMARELO CASA CAMPESTRE S.A.S.;VALLE DEL CAUCA;JAMUNDI;VIVIENDAS TURÍSTICAS;FINCA TURISTICA (ALOJAMIENTO RURAL);1;6;0
2024;100.788;76364;76;ACTIVO;GLAMPING + ECOHOTEL LA CRISTALINA;VALLE DEL CAUCA;JAMUNDI;ESTABLECIMIENTOS DE ALOJAMIENTO TURÍSTICO;HOTEL;17;28;1
2024;101.533;76364;76;ACTIVO;JULIO CESAR CALDERON VALENCIA;VALLE DEL CAUCA;JAMUNDI;GUIAS DE TURISMO;GUIA DE TURISMO;0;0;1
2024;101.700;76364;76;ACTIVO;CHAVEZ LOPEZ CLARA INES;VALLE DEL CAUCA;JAMUNDI;GUIAS DE TURISMO;GUIA DE TURISMO;0;0;1
2024;102.414;76364;76;ACTIVO;GAIA EXPEDICIONES;VALLE DEL CAUCA;JAMUNDI;OFICINAS DE REPRESENTACION TURÍSTICA;OFICINA DE REPRESENTACION TURÍSTICA;0;0;1
2024;104.183;76364;76;ACTIVO;MARIA PATRICIA MARIN MOSQUERA;VALLE DEL CAUCA;JAMUNDI;GUIAS DE TURISMO;GUIA DE TURISMO;0;0;1
2024;104.218;76364;76;ACTIVO;FAMILIA LILI TOURS;VALLE DEL CAUCA;JAMUNDI;AGENCIAS DE VIAJES;AGENCIA DE VIAJES OPERADORAS;0;0;1
2024;106.227;76364;76;ACTIVO;MARIA LEONOR ALVAREZ QUINTERO;VALLE DEL CAUCA;JAMUNDI;VIVIENDAS TURÍSTICAS;APARTAMENTO TURÍSTICO;1;4;0
2024;112.110;76364;76;ACTIVO;DELGADO VALENCIA SANTIAGO;VALLE DEL CAUCA;JAMUNDI;VIVIENDAS TURÍSTICAS;CASA TURÍSTICA;10;10;0
2024;114.328;76364;76;ACTIVO;JAIME ANDRES ESMERALD MALDONADO;VALLE DEL CAUCA;JAMUNDI;VIVIENDAS TURÍSTICAS;APARTAMENTO TURÍSTICO;1;5;0
2024;115.382;76364;76;ACTIVO;AGENCIA DE VIAJES EMOTION TOUR;VALLE DEL CAUCA;JAMUNDI;AGENCIAS DE VIAJES;AGENCIA DE VIAJES OPERADORAS;0;0;1
2024;115.891;76364;76;ACTIVO;JUAN MANUEL BELLO MARTINEZ;VALLE DEL CAUCA;JAMUNDI;VIVIENDAS TURÍSTICAS;FINCA TURISTICA (ALOJAMIENTO RURAL);1;7;0
2024;118.700;76364;76;ACTIVO;YIYOS TOUR;VALLE DEL CAUCA;JAMUNDI;AGENCIAS DE VIAJES;AGENCIA DE VIAJES Y DE TURISMO;0;0;1
2024;122.628;76364;76;ACTIVO;ZUÑIGA DE GALLEGO NUR;VALLE DEL CAUCA;JAMUNDI;VIVIENDAS TURÍSTICAS;FINCA TURISTICA (ALOJAMIENTO RURAL);1;20;0
2024;123.121;76364;76;ACTIVO;AVENTURAS TOURS;VALLE DEL CAUCA;JAMUNDI;AGENCIAS DE VIAJES;AGENCIA DE VIAJES Y DE TURISMO;0;0;1
2024;125.194;76364;76;ACTIVO;FINCA LAS NUBES;VALLE DEL CAUCA;JAMUNDI;VIVIENDAS TURÍSTICAS;FINCA TURISTICA (ALOJAMIENTO RURAL);3;15;0
2024;125.777;76364;76;ACTIVO;JANETH  ALVAREZ CAMPO;VALLE DEL CAUCA;JAMUNDI;VIVIENDAS TURÍSTICAS;OTRO TIPO DE VIVIENDA TURÍSTICA;2;2;0
2024;126.627;76364;76;ACTIVO;ENJOY TOUR JAMUNDI;VALLE DEL CAUCA;JAMUNDI;AGENCIAS DE VIAJES;AGENCIA DE VIAJES Y DE TURISMO;0;0;1
2024;129.411;76364;76;ACTIVO;TIERRA TOURS;VALLE DEL CAUCA;JAMUNDI;AGENCIAS DE VIAJES;AGENCIA DE VIAJES Y DE TURISMO;0;0;1
2024;130.415;76364;76;ACTIVO;MOLINA LOZANO ANA LILIANA;VALLE DEL CAUCA;JAMUNDI;VIVIENDAS TURÍSTICAS;FINCA TURISTICA (ALOJAMIENTO RURAL);1;20;0
2024;133.433;76364;76;ACTIVO;LAURA  SERRANO CIFUENTES;VALLE DEL CAUCA;JAMUNDI;VIVIENDAS TURÍSTICAS;CASA TURÍSTICA;2;2;0
2024;134.028;76364;76;ACTIVO;LUZ EILIANER MARIN PELAEZ;VALLE DEL CAUCA;JAMUNDI;VIVIENDAS TURÍSTICAS;APARTAMENTO TURÍSTICO;1;1;0
2024;134.677;76364;76;ACTIVO;DE PARCHE CON LIZ;VALLE DEL CAUCA;JAMUNDI;AGENCIAS DE VIAJES;AGENCIA DE VIAJES OPERADORAS;0;0;1
2024;135.297;76364;76;ACTIVO;CARMEN  GUERRERO;VALLE DEL CAUCA;JAMUNDI;VIVIENDAS TURÍSTICAS;OTRO TIPO DE VIVIENDA TURÍSTICA;1;1;0
2024;138.468;76364;76;ACTIVO;KARAMANOGLOU SALCEDO ALEXANDER;VALLE DEL CAUCA;JAMUNDI;VIVIENDAS TURÍSTICAS;OTRO TIPO DE VIVIENDA TURÍSTICA;4;6;0
2024;139.346;76364;76;ACTIVO;MARCELA IBETH PALACIOS LARROTA;VALLE DEL CAUCA;JAMUNDI;VIVIENDAS TURÍSTICAS;APARTAMENTO TURÍSTICO;1;3;0
2024;140.105;76364;76;ACTIVO;FINCA EL NACEDERO UN MUNDO MAGNIFICO RESERVA NATURAL Y ECOLODGE;VALLE DEL CAUCA;JAMUNDI;AGENCIAS DE VIAJES;AGENCIA DE VIAJES OPERADORAS;0;0;1
2024;140.486;76364;76;ACTIVO;ALINSON  QUINAYAS VASQUEZ;VALLE DEL CAUCA;JAMUNDI;GUIAS DE TURISMO;GUIA DE TURISMO;0;0;1
2024;142.075;76364;76;ACTIVO;CAMPING EL ESPEJO PARK;VALLE DEL CAUCA;JAMUNDI;ESTABLECIMIENTOS DE ALOJAMIENTO TURÍSTICO;CAMPAMENTO;2;8;1
2024;142.349;76364;76;ACTIVO;SUAREZ MURILLO KELLY ALEXANDRA;VALLE DEL CAUCA;JAMUNDI;VIVIENDAS TURÍSTICAS;APARTAMENTO TURÍSTICO;1;7;0
2024;143.245;76364;76;ACTIVO;DORA  MUÑOZ ARIAS;VALLE DEL CAUCA;JAMUNDI;VIVIENDAS TURÍSTICAS;APARTAMENTO TURÍSTICO;1;3;0
2024;144.013;76364;76;ACTIVO;STEVEN DAVID CRUZ MEJIA;VALLE DEL CAUCA;JAMUNDI;VIVIENDAS TURÍSTICAS;APARTAMENTO TURÍSTICO;1;4;0
2024;144.045;76364;76;ACTIVO;FINCA GUADALAJARA S.A.S;VALLE DEL CAUCA;JAMUNDI;VIVIENDAS TURÍSTICAS;FINCA TURISTICA (ALOJAMIENTO RURAL);3;35;0
2024;144.202;76364;76;ACTIVO;ALBERT CRISTIAN CABRERA URCUQUI;VALLE DEL CAUCA;JAMUNDI;VIVIENDAS TURÍSTICAS;APARTAMENTO TURÍSTICO;1;3;0
2024;144.829;76364;76;ACTIVO;DELUXE PROPERTY MANAGEMENT;VALLE DEL CAUCA;JAMUNDI;VIVIENDAS TURÍSTICAS;OTRO TIPO DE VIVIENDA TURÍSTICA;11;22;0
2024;144.890;76364;76;ACTIVO;DIAMOND TRAVEL COLOMBIA;VALLE DEL CAUCA;JAMUNDI;AGENCIAS DE VIAJES;AGENCIA DE VIAJES Y DE TURISMO;0;0;1
2024;149.971;76364;76;ACTIVO;PAULO CESAR MEJIA BURBANO;VALLE DEL CAUCA;JAMUNDI;VIVIENDAS TURÍSTICAS;APARTAMENTO TURÍSTICO;1;4;0
2024;150.080;76364;76;ACTIVO;ROSERO ENRIQUEZ DIEGO  FERNANDO;VALLE DEL CAUCA;JAMUNDI;VIVIENDAS TURÍSTICAS;CASA TURÍSTICA;6;5;0
2024;152.315;76364;76;ACTIVO;CARLOS ARTURO MEJIA GIRALDO;VALLE DEL CAUCA;JAMUNDI;VIVIENDAS TURÍSTICAS;APARTAMENTO TURÍSTICO;3;9;0
2024;152.760;76364;76;ACTIVO;ANGELICA  MORALES MARTINEZ;VALLE DEL CAUCA;JAMUNDI;VIVIENDAS TURÍSTICAS;CASA TURÍSTICA;3;3;0
2024;153.060;76364;76;ACTIVO;AQUITE GONZALEZ JHON DARWYN;VALLE DEL CAUCA;JAMUNDI;VIVIENDAS TURÍSTICAS;FINCA TURISTICA (ALOJAMIENTO RURAL);1;8;0
2024;153.778;76364;76;ACTIVO;ARABANY  GARCIA RINCON;VALLE DEL CAUCA;JAMUNDI;VIVIENDAS TURÍSTICAS;FINCA TURISTICA (ALOJAMIENTO RURAL);4;12;0
2024;156.287;76364;76;ACTIVO;YEIMMY TATIANA LOPEZ SAENZ;VALLE DEL CAUCA;JAMUNDI;VIVIENDAS TURÍSTICAS;CASA TURÍSTICA;1;8;0
2024;157.472;76364;76;ACTIVO;CARPINTERO SERNA AYDA RUTH;VALLE DEL CAUCA;JAMUNDI;GUIAS DE TURISMO;GUIA DE TURISMO;0;0;1
2024;158.718;76364;76;ACTIVO;BRENDA GISSEL NUÑEZ YEPES;VALLE DEL CAUCA;JAMUNDI;GUIAS DE TURISMO;GUIA DE TURISMO;0;0;1
2024;163.958;76364;76;ACTIVO;ENCANTO LITERARIO S.A.S.;VALLE DEL CAUCA;JAMUNDI;AGENCIAS DE VIAJES;AGENCIA DE VIAJES MAYORISTAS;0;0;1
2024;165.612;76364;76;ACTIVO;RANCHO SAN CARLOS;VALLE DEL CAUCA;JAMUNDI;ESTABLECIMIENTOS DE ALOJAMIENTO TURÍSTICO;CENTRO VACACIONAL;17;29;1
2024;168.038;76364;76;ACTIVO;INGLOBAL RENTALS S.A.S.;VALLE DEL CAUCA;JAMUNDI;VIVIENDAS TURÍSTICAS;FINCA TURISTICA (ALOJAMIENTO RURAL);1;8;0
2024;168.843;76364;76;ACTIVO;CASTILLO TROYA CAMILA ANDREA;VALLE DEL CAUCA;JAMUNDI;VIVIENDAS TURÍSTICAS;OTRO TIPO DE VIVIENDA TURÍSTICA;2;2;0
2024;169.601;76364;76;ACTIVO;STEFHANY ADRIANA ROSERO ORTIZ;VALLE DEL CAUCA;JAMUNDI;VIVIENDAS TURÍSTICAS;APARTAMENTO TURÍSTICO;1;3;0
2024;170.544;76364;76;ACTIVO;LOPEZ PATIÑO ANDRES FELIPE;VALLE DEL CAUCA;JAMUNDI;VIVIENDAS TURÍSTICAS;FINCA TURISTICA (ALOJAMIENTO RURAL);1;10;0
2024;170.745;76364;76;ACTIVO;BUSTAMANTE DE MONCADA AMPARO DE JESUS;VALLE DEL CAUCA;JAMUNDI;VIVIENDAS TURÍSTICAS;OTRO TIPO DE VIVIENDA TURÍSTICA;8;10;0
2024;171.379;76364;76;ACTIVO;PAULO CESAR MEJIA BURBANO;VALLE DEL CAUCA;JAMUNDI;VIVIENDAS TURÍSTICAS;APARTAMENTO TURÍSTICO;1;4;0
2024;171.508;76364;76;ACTIVO;JERONIMO  VELASQUEZ VALENCIA;VALLE DEL CAUCA;JAMUNDI;VIVIENDAS TURÍSTICAS;CASA TURÍSTICA;4;2;0
2024;172.592;76364;76;ACTIVO;FERNELY  GOMEZ MOSQUERA;VALLE DEL CAUCA;JAMUNDI;VIVIENDAS TURÍSTICAS;CASA TURÍSTICA;3;13;0
2024;173.736;76364;76;ACTIVO;EL CAMBUCHE DEL MONO S.A.S.;VALLE DEL CAUCA;JAMUNDI;VIVIENDAS TURÍSTICAS;FINCA TURISTICA (ALOJAMIENTO RURAL);1;40;0
2024;175.673;76364;76;ACTIVO;WILSON ANDRES CRESPO ZAPATA;VALLE DEL CAUCA;JAMUNDI;VIVIENDAS TURÍSTICAS;FINCA TURISTICA (ALOJAMIENTO RURAL);6;12;0
2024;175.696;76364;76;ACTIVO;XIMENA  PICO MUÑOZ;VALLE DEL CAUCA;JAMUNDI;VIVIENDAS TURÍSTICAS;APARTAMENTO TURÍSTICO;3;6;0
2024;176.432;76364;76;ACTIVO;PAOLA ANDREA BELALCAZAR CANO;VALLE DEL CAUCA;JAMUNDI;VIVIENDAS TURÍSTICAS;APARTAMENTO TURÍSTICO;1;3;0
2024;178.143;76364;76;ACTIVO;MONICA  SOLANO RUIZ;VALLE DEL CAUCA;JAMUNDI;VIVIENDAS TURÍSTICAS;OTRO TIPO DE VIVIENDA TURÍSTICA;3;10;0
2024;179.354;76364;76;ACTIVO;ARBIEN S.A.S.;VALLE DEL CAUCA;JAMUNDI;VIVIENDAS TURÍSTICAS;FINCA TURISTICA (ALOJAMIENTO RURAL);4;10;0
2024;180.656;76364;76;ACTIVO;FLOREZ FAJARDO CLAUDIA MILENA;VALLE DEL CAUCA;JAMUNDI;VIVIENDAS TURÍSTICAS;APARTAMENTO TURÍSTICO;1;3;0
2024;182.396;76364;76;ACTIVO;JUAN DAVID GONZALEZ VILLAQUIRAN;VALLE DEL CAUCA;JAMUNDI;VIVIENDAS TURÍSTICAS;CASA TURÍSTICA;1;2;0
2024;182.961;76364;76;ACTIVO;AGENCIA DE VIAJES YAMEJUI;VALLE DEL CAUCA;JAMUNDI;AGENCIAS DE VIAJES;AGENCIA DE VIAJES Y DE TURISMO;0;0;1
2024;183.140;76364;76;ACTIVO;SUAREZ MURILLO KELLY ALEXANDRA;VALLE DEL CAUCA;JAMUNDI;VIVIENDAS TURÍSTICAS;APARTAMENTO TURÍSTICO;1;3;0
2024;183.979;76364;76;ACTIVO;SANDRA EUGENIA MORENO CORREA;VALLE DEL CAUCA;JAMUNDI;VIVIENDAS TURÍSTICAS;CASA TURÍSTICA;2;3;0
2024;186.419;76364;76;ACTIVO;VIANNY JANNETH GOMEZ BECERRA;VALLE DEL CAUCA;JAMUNDI;VIVIENDAS TURÍSTICAS;APARTAMENTO TURÍSTICO;1;4;0
2024;186.825;76364;76;ACTIVO;RODRIGUEZ ARISTIZABAL LUZ ADIELA;VALLE DEL CAUCA;JAMUNDI;VIVIENDAS TURÍSTICAS;CASA TURÍSTICA;1;6;0
2024;187.590;76364;76;ACTIVO;RICARDO  SANDOVAL SALAZAR;VALLE DEL CAUCA;JAMUNDI;VIVIENDAS TURÍSTICAS;CASA TURÍSTICA;1;4;0
2024;187.798;76364;76;ACTIVO;CRISTIAN ANDRES CASTRO REINA;VALLE DEL CAUCA;JAMUNDI;VIVIENDAS TURÍSTICAS;CASA TURÍSTICA;1;10;0
2024;188.387;76364;76;ACTIVO;MELIDA  URREGO PALOMARES;VALLE DEL CAUCA;JAMUNDI;VIVIENDAS TURÍSTICAS;CASA TURÍSTICA;3;3;0
2024;188.437;76364;76;ACTIVO;DE MOCHILA POR COLOMBIA;VALLE DEL CAUCA;JAMUNDI;AGENCIAS DE VIAJES;AGENCIA DE VIAJES OPERADORAS;0;0;1
2024;188.648;76364;76;ACTIVO;AUDY SAHARA GIRALDO ARANGO;VALLE DEL CAUCA;JAMUNDI;VIVIENDAS TURÍSTICAS;CASA TURÍSTICA;3;14;0
2024;190.814;76364;76;ACTIVO;PALOS VERDES EVENTOS;VALLE DEL CAUCA;JAMUNDI;VIVIENDAS TURÍSTICAS;FINCA TURISTICA (ALOJAMIENTO RURAL);2;2;0
2024;190.905;76364;76;ACTIVO;PAMELA LINEY ARANGO BALLESTEROS;VALLE DEL CAUCA;JAMUNDI;VIVIENDAS TURÍSTICAS;APARTAMENTO TURÍSTICO;1;3;0
2024;191.227;76364;76;ACTIVO;LADY CAROLINA CAMPOS REYNA;VALLE DEL CAUCA;JAMUNDI;VIVIENDAS TURÍSTICAS;CASA TURÍSTICA;2;5;0
2024;192.802;76364;76;ACTIVO;KAREN  PALENCIA GARCIA;VALLE DEL CAUCA;JAMUNDI;VIVIENDAS TURÍSTICAS;CASA TURÍSTICA;1;5;0
2024;193.027;76364;76;ACTIVO;ENRIQUEZ ARBOLEDA MARCIA CAROLINA;VALLE DEL CAUCA;JAMUNDI;VIVIENDAS TURÍSTICAS;FINCA TURISTICA (ALOJAMIENTO RURAL);2;2;0
2024;193.222;76364;76;ACTIVO;KETTY  GONZALEZ MARTINEZ;VALLE DEL CAUCA;JAMUNDI;VIVIENDAS TURÍSTICAS;FINCA TURISTICA (ALOJAMIENTO RURAL);3;8;0
2024;195.197;76364;76;ACTIVO;ANDRES FELIPE URIBE TORRES;VALLE DEL CAUCA;JAMUNDI;VIVIENDAS TURÍSTICAS;FINCA TURISTICA (ALOJAMIENTO RURAL);1;15;0
2024;196.541;76364;76;ACTIVO;LUZ ALBA ARENAS CARDONA;VALLE DEL CAUCA;JAMUNDI;VIVIENDAS TURÍSTICAS;APARTAMENTO TURÍSTICO;1;4;0
2024;197.675;76364;76;ACTIVO;KM VIAJES;VALLE DEL CAUCA;JAMUNDI;AGENCIAS DE VIAJES;AGENCIA DE VIAJES Y DE TURISMO;0;0;1
2024;198.403;76364;76;ACTIVO;MARTHA LUCIA RAMIREZ INMOBILIARIA S.A.S.;VALLE DEL CAUCA;JAMUNDI;VIVIENDAS TURÍSTICAS;CASA TURÍSTICA;1;10;0
2024;198.661;76364;76;ACTIVO;CONDE LAMOS SAMUEL STEVAN;VALLE DEL CAUCA;JAMUNDI;VIVIENDAS TURÍSTICAS;CASA TURÍSTICA;1;1;0
2024;198.996;76364;76;ACTIVO;OSORIO TRUJILLO ILDE BRANDO;VALLE DEL CAUCA;JAMUNDI;VIVIENDAS TURÍSTICAS;APARTAMENTO TURÍSTICO;1;2;0
2024;199.918;76364;76;ACTIVO;GLAMPING ANDREINA;VALLE DEL CAUCA;JAMUNDI;VIVIENDAS TURÍSTICAS;OTRO TIPO DE VIVIENDA TURÍSTICA;4;4;0
2024;199.958;76364;76;ACTIVO;NICCOL  TAMAYO  CHALARCA;VALLE DEL CAUCA;JAMUNDI;VIVIENDAS TURÍSTICAS;CASA TURÍSTICA;3;3;0
2024;201.639;76364;76;ACTIVO;CAMILO ANDRES SALAMANCA MATTA;VALLE DEL CAUCA;JAMUNDI;VIVIENDAS TURÍSTICAS;FINCA TURISTICA (ALOJAMIENTO RURAL);10;10;0
2024;201.742;76364;76;ACTIVO;CK TRAVEL AGENCIA DE VIAJES;VALLE DEL CAUCA;JAMUNDI;AGENCIAS DE VIAJES;AGENCIA DE VIAJES OPERADORAS;0;0;1
2024;202.001;76364;76;ACTIVO;A VIAJAR CON JANE;VALLE DEL CAUCA;JAMUNDI;AGENCIAS DE VIAJES;AGENCIA DE VIAJES Y DE TURISMO;0;0;1
2024;202.296;76364;76;ACTIVO;LESBY STELLA HERNANDEZ SANCHEZ;VALLE DEL CAUCA;JAMUNDI;VIVIENDAS TURÍSTICAS;CASA TURÍSTICA;1;3;0
2024;202.947;76364;76;ACTIVO;PARAPENTE JAMUNDI;VALLE DEL CAUCA;JAMUNDI;AGENCIAS DE VIAJES;AGENCIA DE VIAJES OPERADORAS;0;0;2
2024;202.949;76364;76;ACTIVO;PARAPENTE JAMUNDI;VALLE DEL CAUCA;JAMUNDI;EMPRESAS DE TRANSPORTE TERRESTRE AUTOMOTOR;TRANSPORTE TERRESTRE AUTOMOTOR ESPECIAL;0;0;2
2024;204.280;76364;76;ACTIVO;FINCA PUERTO BERRIO LOTE 1 TURISMO NATURAL;VALLE DEL CAUCA;JAMUNDI;VIVIENDAS TURÍSTICAS;FINCA TURISTICA (ALOJAMIENTO RURAL);1;16;0
2024;207.628;76364;76;ACTIVO;JUAN MANUEL ZAPATA MARIN;VALLE DEL CAUCA;JAMUNDI;VIVIENDAS TURÍSTICAS;APARTAMENTO TURÍSTICO;1;4;0
2024;207.633;76364;76;ACTIVO;AQUI ES MONARCA;VALLE DEL CAUCA;JAMUNDI;ESTABLECIMIENTOS DE ALOJAMIENTO TURÍSTICO;HOSTAL;14;14;1
2024;208.150;76364;76;ACTIVO;CIFUENTES MORA LINA MARCELA;VALLE DEL CAUCA;JAMUNDI;VIVIENDAS TURÍSTICAS;APARTAMENTO TURÍSTICO;1;5;0
2024;209.189;76364;76;ACTIVO;VALENCIA CASTAÑO DIEGO FERNANDO;VALLE DEL CAUCA;JAMUNDI;VIVIENDAS TURÍSTICAS;CASA TURÍSTICA;1;6;0
2024;209.494;76364;76;ACTIVO;CAMPO GARCIA WILLIAM JUNIOR;VALLE DEL CAUCA;JAMUNDI;VIVIENDAS TURÍSTICAS;CASA TURÍSTICA;1;2;0
2024;210.146;76364;76;ACTIVO;HOTEL RELSIE;VALLE DEL CAUCA;JAMUNDI;ESTABLECIMIENTOS DE ALOJAMIENTO TURÍSTICO;HOTEL;18;23;1
2024;210.170;76364;76;ACTIVO;MAURICIO FERNANDO TALAGA BECERRA;VALLE DEL CAUCA;JAMUNDI;VIVIENDAS TURÍSTICAS;CASA TURÍSTICA;1;6;0
2024;210.619;76364;76;ACTIVO;PARADISE TRIP;VALLE DEL CAUCA;JAMUNDI;AGENCIAS DE VIAJES;AGENCIA DE VIAJES OPERADORAS;0;0;1
2024;211.080;76364;76;ACTIVO;DREAMS TRAVEL;VALLE DEL CAUCA;JAMUNDI;AGENCIAS DE VIAJES;AGENCIA DE VIAJES Y DE TURISMO;0;0;1
2024;211.214;76364;76;ACTIVO;TAGUBEN SAS;VALLE DEL CAUCA;JAMUNDI;VIVIENDAS TURÍSTICAS;FINCA TURISTICA (ALOJAMIENTO RURAL);1;4;0
2024;211.725;76364;76;ACTIVO;XIOMARA TATIANA MUÑOZ GALVIS;VALLE DEL CAUCA;JAMUNDI;VIVIENDAS TURÍSTICAS;CASA TURÍSTICA;1;4;0
2024;212.079;76364;76;ACTIVO;EQUIVIAJEROS CHAO PLASTICO DEL MAR;VALLE DEL CAUCA;JAMUNDI;AGENCIAS DE VIAJES;AGENCIA DE VIAJES OPERADORAS;0;0;1
2024;212.431;76364;76;ACTIVO;CAN TRAVEL;VALLE DEL CAUCA;JAMUNDI;AGENCIAS DE VIAJES;AGENCIA DE VIAJES Y DE TURISMO;0;0;1
2024;213.141;76364;76;ACTIVO;DIANA PATRICIA LONDOÑO LONDOÑO;VALLE DEL CAUCA;JAMUNDI;VIVIENDAS TURÍSTICAS;OTRO TIPO DE VIVIENDA TURÍSTICA;1;4;0
2024;213.525;76364;76;ACTIVO;SALGUERO VIVEROS CRISTIAN CAMILO;VALLE DEL CAUCA;JAMUNDI;VIVIENDAS TURÍSTICAS;APARTAMENTO TURÍSTICO;1;4;0
2024;213.816;76364;76;ACTIVO;AVILES CONSULTING GROUP S.A.S.;VALLE DEL CAUCA;JAMUNDI;VIVIENDAS TURÍSTICAS;APARTAMENTO TURÍSTICO;2;2;0
2024;214.510;76364;76;ACTIVO;MVTRAVEL215CALI;VALLE DEL CAUCA;JAMUNDI;AGENCIAS DE VIAJES;AGENCIA DE VIAJES Y DE TURISMO;0;0;1
2024;214.513;76364;76;ACTIVO;COOPTRANSUNIDOS;VALLE DEL CAUCA;JAMUNDI;EMPRESAS DE TRANSPORTE TERRESTRE AUTOMOTOR;TRANSPORTE TERRESTRE AUTOMOTOR ESPECIAL;0;0;11
2024;214.795;76364;76;ACTIVO;MARITZA  CHACON MONTAÑO;VALLE DEL CAUCA;JAMUNDI;VIVIENDAS TURÍSTICAS;APARTAMENTO TURÍSTICO;2;4;0
2024;215.862;76364;76;ACTIVO;AUDY SAHARA GIRALDO ARANGO;VALLE DEL CAUCA;JAMUNDI;VIVIENDAS TURÍSTICAS;CASA TURÍSTICA;1;4;0
2024;216.148;76364;76;ACTIVO;PAOLA ANDREA MORENO VILLOTA;VALLE DEL CAUCA;JAMUNDI;VIVIENDAS TURÍSTICAS;CASA TURÍSTICA;3;5;0
2024;216.996;76364;76;ACTIVO;DV TRAVEL SAS;VALLE DEL CAUCA;JAMUNDI;AGENCIAS DE VIAJES;AGENCIA DE VIAJES Y DE TURISMO;0;0;1
2024;217.276;76364;76;ACTIVO;LICINIO RICARDO FRIEDHELM GRUBE VALENCIA;VALLE DEL CAUCA;JAMUNDI;VIVIENDAS TURÍSTICAS;APARTAMENTO TURÍSTICO;1;1;0
2024;217.615;76364;76;ACTIVO;JEY JEY TOURS JAMUNDI;VALLE DEL CAUCA;JAMUNDI;AGENCIAS DE VIAJES;AGENCIA DE VIAJES Y DE TURISMO;0;0;1
2024;219.919;76364;76;ACTIVO;NALLIVE  OCAMPO FLORES;VALLE DEL CAUCA;JAMUNDI;VIVIENDAS TURÍSTICAS;FINCA TURISTICA (ALOJAMIENTO RURAL);1;20;0
2024;221.698;76364;76;ACTIVO;MORENO QUINTERO NEILA MARIA;VALLE DEL CAUCA;JAMUNDI;VIVIENDAS TURÍSTICAS;APARTAMENTO TURÍSTICO;1;6;0
2024;222.208;76364;76;ACTIVO;MARIA CONSTANZA QUINTANA QUINTANA;VALLE DEL CAUCA;JAMUNDI;VIVIENDAS TURÍSTICAS;CASA TURÍSTICA;1;5;0
2024;223.146;76364;76;ACTIVO;AUDY SAHARA GIRALDO ARANGO;VALLE DEL CAUCA;JAMUNDI;VIVIENDAS TURÍSTICAS;CASA TURÍSTICA;4;4;0
2024;223.196;76364;76;ACTIVO;BALANTA SALINAS CARLOS ALBERTO;VALLE DEL CAUCA;JAMUNDI;VIVIENDAS TURÍSTICAS;CASA TURÍSTICA;20;20;0
2024;223.619;76364;76;ACTIVO;BECERRA AGUIRRE GERARDO ANTONIO;VALLE DEL CAUCA;JAMUNDI;VIVIENDAS TURÍSTICAS;APARTAMENTO TURÍSTICO;1;2;0
2024;223.678;76364;76;ACTIVO;VERONICA  AGUIRRE NAVARRETE;VALLE DEL CAUCA;JAMUNDI;VIVIENDAS TURÍSTICAS;APARTAMENTO TURÍSTICO;1;2;0
2024;224.030;76364;76;ACTIVO;RICHARD  ANDERSON VALENCIA VALDES;VALLE DEL CAUCA;JAMUNDI;VIVIENDAS TURÍSTICAS;APARTAMENTO TURÍSTICO;1;1;0
2024;225.059;76364;76;ACTIVO;OSCAR EDUARDO NUÑEZ NOGALES;VALLE DEL CAUCA;JAMUNDI;VIVIENDAS TURÍSTICAS;CASA TURÍSTICA;1;8;0
2024;227.830;76364;76;ACTIVO;MONDRAGON ANGULO MARISOL;VALLE DEL CAUCA;JAMUNDI;VIVIENDAS TURÍSTICAS;APARTAMENTO TURÍSTICO;1;6;0
2024;228.122;76364;76;ACTIVO;GERSON VICTORIANO MORAN BELALCAZAR;VALLE DEL CAUCA;JAMUNDI;VIVIENDAS TURÍSTICAS;APARTAMENTO TURÍSTICO;1;1;0
2024;228.930;76364;76;ACTIVO;BONANZA INMOBILIARIA CALI S.A.S;VALLE DEL CAUCA;JAMUNDI;VIVIENDAS TURÍSTICAS;FINCA TURISTICA (ALOJAMIENTO RURAL);10;25;0
2024;229.638;76364;76;ACTIVO;ANYI PAOLA PALACIOS MARTINEZ;VALLE DEL CAUCA;JAMUNDI;VIVIENDAS TURÍSTICAS;FINCA TURISTICA (ALOJAMIENTO RURAL);7;25;0
2024;230.230;76364;76;ACTIVO;JUAN DAVID GONZALEZ VILLAQUIRAN;VALLE DEL CAUCA;JAMUNDI;VIVIENDAS TURÍSTICAS;APARTAMENTO TURÍSTICO;1;5;0
2025;18.433;76364;76;ACTIVO;LUCHO TOURS;VALLE DEL CAUCA;JAMUNDI;AGENCIAS DE VIAJES;AGENCIA DE VIAJES OPERADORAS;0;0;1
2025;19.559;76364;76;ACTIVO;HOSTAL PANORAMA;VALLE DEL CAUCA;JAMUNDI;ESTABLECIMIENTOS DE ALOJAMIENTO TURÍSTICO;HOSTAL;25;31;3
2025;19.560;76364;76;ACTIVO;HOSTAL PARAISO JAMUNDI;VALLE DEL CAUCA;JAMUNDI;ESTABLECIMIENTOS DE ALOJAMIENTO TURÍSTICO;HOSTAL;25;31;3
2025;26.177;76364;76;ACTIVO;HOSTAL PORTAL DEL SOL;VALLE DEL CAUCA;JAMUNDI;ESTABLECIMIENTOS DE ALOJAMIENTO TURÍSTICO;HOSTAL;32;35;3
2025;26.662;76364;76;ACTIVO;GRUPO AVENTURA;VALLE DEL CAUCA;JAMUNDI;AGENCIAS DE VIAJES;AGENCIA DE VIAJES OPERADORAS;0;0;0
2025;27.475;76364;76;ACTIVO;REPRESENTACIONES TURISTICAS CARLOS MICOLTA;VALLE DEL CAUCA;JAMUNDI;OFICINAS DE REPRESENTACION TURÍSTICA;OFICINA DE REPRESENTACION TURÍSTICA;0;0;0
2025;28.340;76364;76;ACTIVO;TURISMO JJC;VALLE DEL CAUCA;JAMUNDI;AGENCIAS DE VIAJES;AGENCIA DE VIAJES OPERADORAS;0;0;1
2025;29.746;76364;76;ACTIVO;LAGOGRANDE HOTEL RESORT Y CENTRO DE CONVENCIONES;VALLE DEL CAUCA;JAMUNDI;ESTABLECIMIENTOS DE ALOJAMIENTO TURÍSTICO;HOTEL;16;34;18
2025;35.394;76364;76;ACTIVO;JEYVER TURES;VALLE DEL CAUCA;JAMUNDI;AGENCIAS DE VIAJES;AGENCIA DE VIAJES Y DE TURISMO;0;0;4
2025;39.927;76364;76;ACTIVO;OPERADORES DE TURISMO LOS BULLICIOSOS S.A.S.;VALLE DEL CAUCA;JAMUNDI;AGENCIAS DE VIAJES;AGENCIA DE VIAJES OPERADORAS;0;0;0
2025;42.124;76364;76;ACTIVO;AGENCIA DE VIAJES Y PEREGRINACIONES MARIA REINA DE LA PAZ;VALLE DEL CAUCA;JAMUNDI;AGENCIAS DE VIAJES;AGENCIA DE VIAJES OPERADORAS;0;0;0
2025;45.921;76364;76;ACTIVO;RESERVA NATURAL BONANZA;VALLE DEL CAUCA;JAMUNDI;AGENCIAS DE VIAJES;AGENCIA DE VIAJES OPERADORAS;0;0;1
2025;51.100;76364;76;ACTIVO;DREAM TRAVELING;VALLE DEL CAUCA;JAMUNDI;AGENCIAS DE VIAJES;AGENCIA DE VIAJES Y DE TURISMO;0;0;2
2025;55.515;76364;76;ACTIVO;DELITUR TRAVEL;VALLE DEL CAUCA;JAMUNDI;AGENCIAS DE VIAJES;AGENCIA DE VIAJES Y DE TURISMO;0;0;3
2025;60.722;76364;76;ACTIVO;SEDE VACACIONAL SINTRABANCOL;VALLE DEL CAUCA;JAMUNDI;VIVIENDAS TURÍSTICAS;OTRO TIPO DE VIVIENDA TURÍSTICA;7;28;0
2025;60.781;76364;76;ACTIVO;MACA TOURS;VALLE DEL CAUCA;JAMUNDI;AGENCIAS DE VIAJES;AGENCIA DE VIAJES Y DE TURISMO;0;0;1
2025;62.418;76364;76;ACTIVO;LA SILVESTRE FINCA AGROTURISTICA;VALLE DEL CAUCA;JAMUNDI;PARQUES TEMÁTICOS;PARQUE TEMÁTICO;0;0;9
2025;65.747;76364;76;ACTIVO;AVENTURA TRAVEL;VALLE DEL CAUCA;JAMUNDI;AGENCIAS DE VIAJES;AGENCIA DE VIAJES Y DE TURISMO;0;0;0
2025;69.698;76364;76;ACTIVO;HOTEL CENTRAL JAMUNDI;VALLE DEL CAUCA;JAMUNDI;ESTABLECIMIENTOS DE ALOJAMIENTO TURÍSTICO;HOTEL;20;21;1
2025;72.320;76364;76;ACTIVO;PARAISO COLOMBIANO;VALLE DEL CAUCA;JAMUNDI;AGENCIAS DE VIAJES;AGENCIA DE VIAJES OPERADORAS;0;0;1
2025;76.330;76364;76;ACTIVO;TRANSPORTES ESPECIALES JAMUNDI ¿¿TEJ.¿¿S.A.S.;VALLE DEL CAUCA;JAMUNDI;EMPRESAS DE TRANSPORTE TERRESTRE AUTOMOTOR;TRANSPORTE TERRESTRE AUTOMOTOR ESPECIAL;0;0;13
2025;83.517;76364;76;ACTIVO;RUTHAS DEL SOL  ECOTURISMO CON SENTIDO SOCIAL;VALLE DEL CAUCA;JAMUNDI;AGENCIAS DE VIAJES;AGENCIA DE VIAJES OPERADORAS;0;0;1
2025;83.681;76364;76;ACTIVO;LIDA FERNANDA ECHAVARRIA ARANGO;VALLE DEL CAUCA;JAMUNDI;GUIAS DE TURISMO;GUIA DE TURISMO;0;0;1
2025;84.537;76364;76;ACTIVO;BALORKA;VALLE DEL CAUCA;JAMUNDI;VIVIENDAS TURÍSTICAS;FINCA TURISTICA (ALOJAMIENTO RURAL);10;10;0
2025;84.958;76364;76;ACTIVO;ELVIAJEQQUIERO  AGENCIA DE VIAJES Y SUEÑOS;VALLE DEL CAUCA;JAMUNDI;AGENCIAS DE VIAJES;AGENCIA DE VIAJES Y DE TURISMO;0;0;1
2025;84.962;76364;76;ACTIVO;ECO CAMINANTES;VALLE DEL CAUCA;JAMUNDI;AGENCIAS DE VIAJES;AGENCIA DE VIAJES Y DE TURISMO;0;0;0
2025;87.206;76364;76;ACTIVO;JORGE EDUARDO CASTAÑEDA MEJIA;VALLE DEL CAUCA;JAMUNDI;GUIAS DE TURISMO;GUIA DE TURISMO;0;0;1
2025;91.600;76364;76;ACTIVO;RICHARD GUILLERMO ZAMBRANO MEZA;VALLE DEL CAUCA;JAMUNDI;GUIAS DE TURISMO;GUIA DE TURISMO;0;0;1
2025;92.298;76364;76;ACTIVO;HOTEL EL EMPERADOR JAMUNDI;VALLE DEL CAUCA;JAMUNDI;ESTABLECIMIENTOS DE ALOJAMIENTO TURÍSTICO;HOTEL;23;26;6
2025;92.848;76364;76;ACTIVO;TURISFRONT;VALLE DEL CAUCA;JAMUNDI;AGENCIAS DE VIAJES;AGENCIA DE VIAJES MAYORISTAS;0;0;3
2025;92.850;76364;76;ACTIVO;EPIC TRAVEL AGENCIA DE VIAJES OPERADORA;VALLE DEL CAUCA;JAMUNDI;AGENCIAS DE VIAJES;AGENCIA DE VIAJES OPERADORAS;0;0;1
2025;93.709;76364;76;ACTIVO;TIQUETES VAKANOS;VALLE DEL CAUCA;JAMUNDI;AGENCIAS DE VIAJES;AGENCIA DE VIAJES Y DE TURISMO;0;0;0
2025;93.842;76364;76;ACTIVO;JOSE ARNOBY CASTAÑO GOMEZ;VALLE DEL CAUCA;JAMUNDI;GUIAS DE TURISMO;GUIA DE TURISMO;0;0;1
2025;95.625;76364;76;ACTIVO;BOSQUE EL DESCANSO S.A.S;VALLE DEL CAUCA;JAMUNDI;VIVIENDAS TURÍSTICAS;FINCA TURISTICA (ALOJAMIENTO RURAL);5;14;0
2025;97.217;76364;76;ACTIVO;ETHEL  BALCAZAR TROCHEZ;VALLE DEL CAUCA;JAMUNDI;GUIAS DE TURISMO;GUIA DE TURISMO;0;0;1
2025;98.493;76364;76;ACTIVO;EXPLORANDO FARALLONES;VALLE DEL CAUCA;JAMUNDI;AGENCIAS DE VIAJES;AGENCIA DE VIAJES OPERADORAS;0;0;0
2025;99.107;76364;76;ACTIVO;AMARELO CASA CAMPESTRE S.A.S.;VALLE DEL CAUCA;JAMUNDI;VIVIENDAS TURÍSTICAS;FINCA TURISTICA (ALOJAMIENTO RURAL);1;6;0
2025;101.533;76364;76;ACTIVO;JULIO CESAR CALDERON VALENCIA;VALLE DEL CAUCA;JAMUNDI;GUIAS DE TURISMO;GUIA DE TURISMO;0;0;1
2025;101.700;76364;76;ACTIVO;CHAVEZ LOPEZ CLARA INES;VALLE DEL CAUCA;JAMUNDI;GUIAS DE TURISMO;GUIA DE TURISMO;0;0;1
2025;102.414;76364;76;ACTIVO;GAIA EXPEDICIONES;VALLE DEL CAUCA;JAMUNDI;OFICINAS DE REPRESENTACION TURÍSTICA;OFICINA DE REPRESENTACION TURÍSTICA;0;0;1
2025;104.183;76364;76;ACTIVO;MARIA PATRICIA MARIN MOSQUERA;VALLE DEL CAUCA;JAMUNDI;GUIAS DE TURISMO;GUIA DE TURISMO;0;0;1
2025;104.218;76364;76;ACTIVO;FAMILIA LILI TOURS;VALLE DEL CAUCA;JAMUNDI;AGENCIAS DE VIAJES;AGENCIA DE VIAJES OPERADORAS;0;0;0
2025;112.110;76364;76;ACTIVO;DELGADO VALENCIA SANTIAGO;VALLE DEL CAUCA;JAMUNDI;VIVIENDAS TURÍSTICAS;CASA TURÍSTICA;10;10;0
2025;115.891;76364;76;ACTIVO;JUAN MANUEL BELLO MARTINEZ;VALLE DEL CAUCA;JAMUNDI;VIVIENDAS TURÍSTICAS;FINCA TURISTICA (ALOJAMIENTO RURAL);1;7;0
2025;118.700;76364;76;ACTIVO;YIYOS TOUR;VALLE DEL CAUCA;JAMUNDI;AGENCIAS DE VIAJES;AGENCIA DE VIAJES Y DE TURISMO;0;0;0
2025;122.628;76364;76;ACTIVO;ZUÑIGA DE GALLEGO NUR;VALLE DEL CAUCA;JAMUNDI;VIVIENDAS TURÍSTICAS;FINCA TURISTICA (ALOJAMIENTO RURAL);1;20;0
2025;123.121;76364;76;ACTIVO;AVENTURAS TOURS SIN FRONTERAS;VALLE DEL CAUCA;JAMUNDI;AGENCIAS DE VIAJES;AGENCIA DE VIAJES Y DE TURISMO;0;0;0
2025;125.777;76364;76;ACTIVO;JANETH  ALVAREZ CAMPO;VALLE DEL CAUCA;JAMUNDI;VIVIENDAS TURÍSTICAS;OTRO TIPO DE VIVIENDA TURÍSTICA;2;2;0
2025;126.627;76364;76;ACTIVO;ENJOY TOUR JAMUNDI;VALLE DEL CAUCA;JAMUNDI;AGENCIAS DE VIAJES;AGENCIA DE VIAJES Y DE TURISMO;0;0;0
2025;129.411;76364;76;ACTIVO;TIERRA TOURS;VALLE DEL CAUCA;JAMUNDI;AGENCIAS DE VIAJES;AGENCIA DE VIAJES Y DE TURISMO;0;0;0
2025;130.415;76364;76;ACTIVO;MOLINA LOZANO ANA LILIANA;VALLE DEL CAUCA;JAMUNDI;VIVIENDAS TURÍSTICAS;FINCA TURISTICA (ALOJAMIENTO RURAL);1;20;0
2025;134.028;76364;76;ACTIVO;LUZ EILIANER MARIN PELAEZ;VALLE DEL CAUCA;JAMUNDI;VIVIENDAS TURÍSTICAS;APARTAMENTO TURÍSTICO;1;2;0
2025;134.677;76364;76;ACTIVO;DE PARCHE CON LIZ;VALLE DEL CAUCA;JAMUNDI;AGENCIAS DE VIAJES;AGENCIA DE VIAJES OPERADORAS;0;0;0
2025;135.297;76364;76;ACTIVO;CARMEN  GUERRERO;VALLE DEL CAUCA;JAMUNDI;VIVIENDAS TURÍSTICAS;OTRO TIPO DE VIVIENDA TURÍSTICA;1;1;0
2025;138.468;76364;76;ACTIVO;KARAMANOGLOU SALCEDO ALEXANDER;VALLE DEL CAUCA;JAMUNDI;VIVIENDAS TURÍSTICAS;OTRO TIPO DE VIVIENDA TURÍSTICA;4;6;0
2025;140.105;76364;76;ACTIVO;FINCA EL NACEDERO UN MUNDO MAGNIFICO RESERVA NATURAL Y ECOLODGE;VALLE DEL CAUCA;JAMUNDI;AGENCIAS DE VIAJES;AGENCIA DE VIAJES OPERADORAS;0;0;0
2025;140.486;76364;76;ACTIVO;ALINSON  QUINAYAS VASQUEZ;VALLE DEL CAUCA;JAMUNDI;GUIAS DE TURISMO;GUIA DE TURISMO;0;0;1
2025;142.075;76364;76;ACTIVO;CAMPING EL ESPEJO PARK;VALLE DEL CAUCA;JAMUNDI;ESTABLECIMIENTOS DE ALOJAMIENTO TURÍSTICO;CAMPAMENTO;2;8;1
2025;142.349;76364;76;ACTIVO;SUAREZ MURILLO KELLY ALEXANDRA;VALLE DEL CAUCA;JAMUNDI;VIVIENDAS TURÍSTICAS;APARTAMENTO TURÍSTICO;1;7;0
2025;144.013;76364;76;ACTIVO;STEVEN DAVID CRUZ MEJIA;VALLE DEL CAUCA;JAMUNDI;VIVIENDAS TURÍSTICAS;APARTAMENTO TURÍSTICO;1;4;0
2025;144.045;76364;76;ACTIVO;FINCA GUADALAJARA S.A.S;VALLE DEL CAUCA;JAMUNDI;VIVIENDAS TURÍSTICAS;FINCA TURISTICA (ALOJAMIENTO RURAL);3;35;0
2025;144.202;76364;76;ACTIVO;ALBERT CRISTIAN CABRERA URCUQUI;VALLE DEL CAUCA;JAMUNDI;VIVIENDAS TURÍSTICAS;APARTAMENTO TURÍSTICO;1;3;0
2025;149.971;76364;76;ACTIVO;PAULO CESAR MEJIA BURBANO;VALLE DEL CAUCA;JAMUNDI;VIVIENDAS TURÍSTICAS;APARTAMENTO TURÍSTICO;1;4;0
2025;150.080;76364;76;ACTIVO;ROSERO ENRIQUEZ DIEGO  FERNANDO;VALLE DEL CAUCA;JAMUNDI;VIVIENDAS TURÍSTICAS;CASA TURÍSTICA;8;5;0
2025;152.760;76364;76;ACTIVO;ANGELICA  MORALES MARTINEZ;VALLE DEL CAUCA;JAMUNDI;VIVIENDAS TURÍSTICAS;CASA TURÍSTICA;3;3;0
2025;153.060;76364;76;ACTIVO;AQUITE GONZALEZ JHON DARWYN;VALLE DEL CAUCA;JAMUNDI;VIVIENDAS TURÍSTICAS;FINCA TURISTICA (ALOJAMIENTO RURAL);1;8;0
2025;157.472;76364;76;ACTIVO;CARPINTERO SERNA AYDA RUTH;VALLE DEL CAUCA;JAMUNDI;GUIAS DE TURISMO;GUIA DE TURISMO;0;0;1
2025;158.718;76364;76;ACTIVO;BRENDA GISSEL NUÑEZ YEPES;VALLE DEL CAUCA;JAMUNDI;GUIAS DE TURISMO;GUIA DE TURISMO;0;0;1
2025;163.958;76364;76;ACTIVO;ENCANTO LITERARIO S.A.S.;VALLE DEL CAUCA;JAMUNDI;AGENCIAS DE VIAJES;AGENCIA DE VIAJES MAYORISTAS;0;0;0
2025;165.612;76364;76;ACTIVO;RANCHO SAN CARLOS;VALLE DEL CAUCA;JAMUNDI;ESTABLECIMIENTOS DE ALOJAMIENTO TURÍSTICO;CENTRO VACACIONAL;17;29;5
2025;168.038;76364;76;ACTIVO;INGLOBAL RENTALS S.A.S.;VALLE DEL CAUCA;JAMUNDI;VIVIENDAS TURÍSTICAS;FINCA TURISTICA (ALOJAMIENTO RURAL);1;8;0
2025;168.843;76364;76;ACTIVO;CASTILLO TROYA CAMILA ANDREA;VALLE DEL CAUCA;JAMUNDI;VIVIENDAS TURÍSTICAS;OTRO TIPO DE VIVIENDA TURÍSTICA;2;2;0
2025;170.745;76364;76;ACTIVO;BUSTAMANTE DE MONCADA AMPARO DE JESUS;VALLE DEL CAUCA;JAMUNDI;VIVIENDAS TURÍSTICAS;OTRO TIPO DE VIVIENDA TURÍSTICA;8;10;0
2025;171.379;76364;76;ACTIVO;PAULO CESAR MEJIA BURBANO;VALLE DEL CAUCA;JAMUNDI;VIVIENDAS TURÍSTICAS;APARTAMENTO TURÍSTICO;1;4;0
2025;175.673;76364;76;ACTIVO;WILSON ANDRES CRESPO ZAPATA;VALLE DEL CAUCA;JAMUNDI;VIVIENDAS TURÍSTICAS;FINCA TURISTICA (ALOJAMIENTO RURAL);6;12;0
2025;176.432;76364;76;ACTIVO;PAOLA ANDREA BELALCAZAR CANO;VALLE DEL CAUCA;JAMUNDI;VIVIENDAS TURÍSTICAS;APARTAMENTO TURÍSTICO;1;3;0
2025;182.396;76364;76;ACTIVO;JUAN DAVID GONZALEZ VILLAQUIRAN;VALLE DEL CAUCA;JAMUNDI;VIVIENDAS TURÍSTICAS;CASA TURÍSTICA;1;2;0
2025;182.961;76364;76;ACTIVO;AGENCIA DE VIAJES YAMEJUI;VALLE DEL CAUCA;JAMUNDI;AGENCIAS DE VIAJES;AGENCIA DE VIAJES Y DE TURISMO;0;0;0
2025;185.601;76364;76;ACTIVO;FABIOLA MARIA BENAVIDES MARTINEZ;VALLE DEL CAUCA;JAMUNDI;VIVIENDAS TURÍSTICAS;CASA TURÍSTICA;1;3;0
2025;186.419;76364;76;ACTIVO;VIANNY JANNETH GOMEZ BECERRA;VALLE DEL CAUCA;JAMUNDI;VIVIENDAS TURÍSTICAS;APARTAMENTO TURÍSTICO;1;4;0
2025;187.590;76364;76;ACTIVO;RICARDO  SANDOVAL SALAZAR;VALLE DEL CAUCA;JAMUNDI;VIVIENDAS TURÍSTICAS;CASA TURÍSTICA;1;4;0
2025;187.798;76364;76;ACTIVO;CRISTIAN ANDRES CASTRO REINA;VALLE DEL CAUCA;JAMUNDI;VIVIENDAS TURÍSTICAS;CASA TURÍSTICA;1;10;0
2025;188.437;76364;76;ACTIVO;DE MOCHILA POR COLOMBIA;VALLE DEL CAUCA;JAMUNDI;AGENCIAS DE VIAJES;AGENCIA DE VIAJES OPERADORAS;0;0;0
2025;190.814;76364;76;ACTIVO;PALOS VERDES EVENTOS;VALLE DEL CAUCA;JAMUNDI;VIVIENDAS TURÍSTICAS;FINCA TURISTICA (ALOJAMIENTO RURAL);2;2;0
2025;193.027;76364;76;ACTIVO;ENRIQUEZ ARBOLEDA MARCIA CAROLINA;VALLE DEL CAUCA;JAMUNDI;VIVIENDAS TURÍSTICAS;FINCA TURISTICA (ALOJAMIENTO RURAL);2;2;0
2025;193.222;76364;76;ACTIVO;KETTY  GONZALEZ MARTINEZ;VALLE DEL CAUCA;JAMUNDI;VIVIENDAS TURÍSTICAS;FINCA TURISTICA (ALOJAMIENTO RURAL);3;8;0
2025;197.675;76364;76;ACTIVO;KM VIAJES;VALLE DEL CAUCA;JAMUNDI;AGENCIAS DE VIAJES;AGENCIA DE VIAJES Y DE TURISMO;0;0;0
2025;199.918;76364;76;ACTIVO;GLAMPING ANDREINA;VALLE DEL CAUCA;JAMUNDI;VIVIENDAS TURÍSTICAS;OTRO TIPO DE VIVIENDA TURÍSTICA;4;4;0
2025;199.958;76364;76;ACTIVO;NICCOL  TAMAYO  CHALARCA;VALLE DEL CAUCA;JAMUNDI;VIVIENDAS TURÍSTICAS;CASA TURÍSTICA;6;9;0
2025;201.742;76364;76;ACTIVO;CK TRAVEL AGENCIA DE VIAJES;VALLE DEL CAUCA;JAMUNDI;AGENCIAS DE VIAJES;AGENCIA DE VIAJES OPERADORAS;0;0;0
2025;202.001;76364;76;ACTIVO;A VIAJAR CON JANE;VALLE DEL CAUCA;JAMUNDI;AGENCIAS DE VIAJES;AGENCIA DE VIAJES Y DE TURISMO;0;0;0
2025;202.947;76364;76;ACTIVO;PARAPENTE JAMUNDI;VALLE DEL CAUCA;JAMUNDI;AGENCIAS DE VIAJES;AGENCIA DE VIAJES OPERADORAS;0;0;2
2025;204.280;76364;76;ACTIVO;FINCA PUERTO BERRIO LOTE 1 TURISMO NATURAL;VALLE DEL CAUCA;JAMUNDI;VIVIENDAS TURÍSTICAS;FINCA TURISTICA (ALOJAMIENTO RURAL);1;16;0
2025;207.633;76364;76;ACTIVO;AQUI ES MONARCA;VALLE DEL CAUCA;JAMUNDI;ESTABLECIMIENTOS DE ALOJAMIENTO TURÍSTICO;HOSTAL;18;18;5
2025;208.150;76364;76;ACTIVO;CIFUENTES MORA LINA MARCELA;VALLE DEL CAUCA;JAMUNDI;VIVIENDAS TURÍSTICAS;APARTAMENTO TURÍSTICO;1;5;0
2025;209.189;76364;76;ACTIVO;VALENCIA CASTAÑO DIEGO FERNANDO;VALLE DEL CAUCA;JAMUNDI;VIVIENDAS TURÍSTICAS;CASA TURÍSTICA;1;5;0
2025;210.146;76364;76;ACTIVO;HOTEL RELSIE;VALLE DEL CAUCA;JAMUNDI;ESTABLECIMIENTOS DE ALOJAMIENTO TURÍSTICO;HOTEL;18;23;5
2025;211.080;76364;76;ACTIVO;DREAMS TRAVEL;VALLE DEL CAUCA;JAMUNDI;AGENCIAS DE VIAJES;AGENCIA DE VIAJES Y DE TURISMO;0;0;0
2025;211.214;76364;76;ACTIVO;TAGUBEN SAS;VALLE DEL CAUCA;JAMUNDI;VIVIENDAS TURÍSTICAS;FINCA TURISTICA (ALOJAMIENTO RURAL);1;4;0
2025;211.725;76364;76;ACTIVO;XIOMARA TATIANA MUÑOZ GALVIS;VALLE DEL CAUCA;JAMUNDI;VIVIENDAS TURÍSTICAS;CASA TURÍSTICA;1;4;0
2025;213.141;76364;76;ACTIVO;DIANA PATRICIA LONDOÑO LONDOÑO;VALLE DEL CAUCA;JAMUNDI;VIVIENDAS TURÍSTICAS;OTRO TIPO DE VIVIENDA TURÍSTICA;1;4;0
2025;213.525;76364;76;ACTIVO;SALGUERO VIVEROS CRISTIAN CAMILO;VALLE DEL CAUCA;JAMUNDI;VIVIENDAS TURÍSTICAS;APARTAMENTO TURÍSTICO;1;4;0
2025;213.816;76364;76;ACTIVO;AVILES CONSULTING GROUP S.A.S.;VALLE DEL CAUCA;JAMUNDI;VIVIENDAS TURÍSTICAS;APARTAMENTO TURÍSTICO;2;2;0
2025;214.513;76364;76;ACTIVO;COOPTRANSUNIDOS;VALLE DEL CAUCA;JAMUNDI;EMPRESAS DE TRANSPORTE TERRESTRE AUTOMOTOR;TRANSPORTE TERRESTRE AUTOMOTOR ESPECIAL;0;0;11
2025;214.795;76364;76;ACTIVO;MARITZA  CHACON MONTAÑO;VALLE DEL CAUCA;JAMUNDI;VIVIENDAS TURÍSTICAS;APARTAMENTO TURÍSTICO;2;4;0
2025;215.862;76364;76;ACTIVO;AUDY SAHARA GIRALDO ARANGO;VALLE DEL CAUCA;JAMUNDI;VIVIENDAS TURÍSTICAS;CASA TURÍSTICA;1;4;0
2025;216.148;76364;76;ACTIVO;PAOLA ANDREA MORENO VILLOTA;VALLE DEL CAUCA;JAMUNDI;VIVIENDAS TURÍSTICAS;CASA TURÍSTICA;1;5;0
2025;216.996;76364;76;ACTIVO;DV TRAVEL SAS;VALLE DEL CAUCA;JAMUNDI;AGENCIAS DE VIAJES;AGENCIA DE VIAJES Y DE TURISMO;0;0;1
2025;219.919;76364;76;ACTIVO;NALLIVE  OCAMPO FLORES;VALLE DEL CAUCA;JAMUNDI;VIVIENDAS TURÍSTICAS;FINCA TURISTICA (ALOJAMIENTO RURAL);1;20;0
2025;221.698;76364;76;ACTIVO;MORENO QUINTERO NEILA MARIA;VALLE DEL CAUCA;JAMUNDI;VIVIENDAS TURÍSTICAS;APARTAMENTO TURÍSTICO;1;6;0
2025;222.208;76364;76;ACTIVO;MARIA CONSTANZA QUINTANA QUINTANA;VALLE DEL CAUCA;JAMUNDI;VIVIENDAS TURÍSTICAS;CASA TURÍSTICA;1;5;0
2025;223.196;76364;76;ACTIVO;BALANTA SALINAS CARLOS ALBERTO;VALLE DEL CAUCA;JAMUNDI;VIVIENDAS TURÍSTICAS;CASA TURÍSTICA;20;20;0
2025;227.830;76364;76;ACTIVO;MONDRAGON ANGULO MARISOL;VALLE DEL CAUCA;JAMUNDI;VIVIENDAS TURÍSTICAS;APARTAMENTO TURÍSTICO;1;2;0
2025;228.930;76364;76;ACTIVO;BONANZA INMOBILIARIA CALI S.A.S;VALLE DEL CAUCA;JAMUNDI;VIVIENDAS TURÍSTICAS;FINCA TURISTICA (ALOJAMIENTO RURAL);10;25;0
2025;229.638;76364;76;ACTIVO;ANYI PAOLA PALACIOS MARTINEZ;VALLE DEL CAUCA;JAMUNDI;VIVIENDAS TURÍSTICAS;FINCA TURISTICA (ALOJAMIENTO RURAL);7;25;0
2025;230.230;76364;76;ACTIVO;JUAN DAVID GONZALEZ VILLAQUIRAN;VALLE DEL CAUCA;JAMUNDI;VIVIENDAS TURÍSTICAS;APARTAMENTO TURÍSTICO;1;5;0
2025;230.799;76364;76;ACTIVO;SOCIEDAD OPERADOR HOTELERO CHIPICHAPE  INN.S.A.S;VALLE DEL CAUCA;JAMUNDI;VIVIENDAS TURÍSTICAS;APARTAMENTO TURÍSTICO;1;1;0
2025;231.734;76364;76;ACTIVO;D'VIAJE;VALLE DEL CAUCA;JAMUNDI;AGENCIAS DE VIAJES;AGENCIA DE VIAJES Y DE TURISMO;0;0;0
2025;232.390;76364;76;ACTIVO;JOSE IBER ARBOLEDA HINESTROZA;VALLE DEL CAUCA;JAMUNDI;VIVIENDAS TURÍSTICAS;APARTAMENTO TURÍSTICO;1;2;0
2025;233.062;76364;76;ACTIVO;A VIAJAR CON JANE;VALLE DEL CAUCA;JAMUNDI;AGENCIAS DE VIAJES;AGENCIA DE VIAJES OPERADORAS;0;0;0
2025;233.668;76364;76;ACTIVO;VIAJANDO CON KARINA;VALLE DEL CAUCA;JAMUNDI;AGENCIAS DE VIAJES;AGENCIA DE VIAJES OPERADORAS;0;0;0
2025;235.831;76364;76;ACTIVO;BRAVO BURBANO ANA ELISABETH;VALLE DEL CAUCA;JAMUNDI;VIVIENDAS TURÍSTICAS;APARTAMENTO TURÍSTICO;37;74;0
2025;236.451;76364;76;ACTIVO;LEON MARQUEZ JOHN JAIRO;VALLE DEL CAUCA;JAMUNDI;VIVIENDAS TURÍSTICAS;FINCA TURISTICA (ALOJAMIENTO RURAL);2;6;0
2025;237.143;76364;76;ACTIVO;GRAND HOTEL;VALLE DEL CAUCA;JAMUNDI;ESTABLECIMIENTOS DE ALOJAMIENTO TURÍSTICO;HOTEL;6;12;2
2025;238.271;76364;76;ACTIVO;VACACIONES PARA TI;VALLE DEL CAUCA;JAMUNDI;AGENCIAS DE VIAJES;AGENCIA DE VIAJES Y DE TURISMO;0;0;0
2025;240.247;76364;76;ACTIVO;MONTOYA VARGAS ESTEFANIA;VALLE DEL CAUCA;JAMUNDI;VIVIENDAS TURÍSTICAS;APARTAMENTO TURÍSTICO;1;5;0
2025;240.792;76364;76;ACTIVO;HERNANDEZ SANCHEZ LESBY STELLA;VALLE DEL CAUCA;JAMUNDI;VIVIENDAS TURÍSTICAS;CASA TURÍSTICA;3;5;0
2025;241.447;76364;76;ACTIVO;ROSA MARGARITA ORTIZ OCHOA;VALLE DEL CAUCA;JAMUNDI;VIVIENDAS TURÍSTICAS;FINCA TURISTICA (ALOJAMIENTO RURAL);2;25;0
2025;241.690;76364;76;ACTIVO;CAMACHO TOBAR JHOHANA;VALLE DEL CAUCA;JAMUNDI;VIVIENDAS TURÍSTICAS;APARTAMENTO TURÍSTICO;1;1;0
2025;242.537;76364;76;ACTIVO;ASESORES MILENIO S.A.S.;VALLE DEL CAUCA;JAMUNDI;VIVIENDAS TURÍSTICAS;CASA TURÍSTICA;2;10;0
2025;244.975;76364;76;ACTIVO;JEY JEY TOURS JAMUNDI;VALLE DEL CAUCA;JAMUNDI;AGENCIAS DE VIAJES;AGENCIA DE VIAJES MAYORISTAS;0;0;1
2025;246.341;76364;76;ACTIVO;ASLANT DAVID MORENO QUINTO;VALLE DEL CAUCA;JAMUNDI;VIVIENDAS TURÍSTICAS;OTRO TIPO DE VIVIENDA TURÍSTICA;1;6;0
2025;246.477;76364;76;ACTIVO;JIMENA ANDREA ERASO PEREZ;VALLE DEL CAUCA;JAMUNDI;VIVIENDAS TURÍSTICAS;APARTAMENTO TURÍSTICO;1;5;0
2025;246.604;76364;76;ACTIVO;ATLAS DE CASCADAS;VALLE DEL CAUCA;JAMUNDI;AGENCIAS DE VIAJES;AGENCIA DE VIAJES Y DE TURISMO;0;0;0
2025;247.056;76364;76;ACTIVO;MARTHA LETICIA LUCUMI MINA;VALLE DEL CAUCA;JAMUNDI;VIVIENDAS TURÍSTICAS;FINCA TURISTICA (ALOJAMIENTO RURAL);10;35;0
2025;247.087;76364;76;ACTIVO;LA CRISTALINA GLAMPING;VALLE DEL CAUCA;JAMUNDI;ESTABLECIMIENTOS DE ALOJAMIENTO TURÍSTICO;GLAMPING;9;20;2
2025;248.473;76364;76;ACTIVO;SANTIAGO  SALAZAR RAMIREZ;VALLE DEL CAUCA;JAMUNDI;VIVIENDAS TURÍSTICAS;CASA TURÍSTICA;3;3;0
2025;249.272;76364;76;ACTIVO;JOSE OMAR RODRIGUEZ BLANCO;VALLE DEL CAUCA;JAMUNDI;VIVIENDAS TURÍSTICAS;APARTAMENTO TURÍSTICO;1;4;0
2025;250.917;76364;76;ACTIVO;AGENCIA  DE VIAJES LA GRAN FAMILIA;VALLE DEL CAUCA;JAMUNDI;AGENCIAS DE VIAJES;AGENCIA DE VIAJES OPERADORAS;0;0;0
2025;251.497;76364;76;ACTIVO;DE PARCHE CON LIZ;VALLE DEL CAUCA;JAMUNDI;AGENCIAS DE VIAJES;AGENCIA DE VIAJES Y DE TURISMO;0;0;0
2025;251.617;76364;76;ACTIVO;FINCA HOSPEDAJE LA MONARCA;VALLE DEL CAUCA;JAMUNDI;ESTABLECIMIENTOS DE ALOJAMIENTO TURÍSTICO;ALBERGUE;6;25;2
2025;252.278;76364;76;ACTIVO;PRADA LOZANO TATIANA LORENA;VALLE DEL CAUCA;JAMUNDI;VIVIENDAS TURÍSTICAS;APARTAMENTO TURÍSTICO;1;1;0
2025;253.060;76364;76;ACTIVO;DANIEL JAVIER SANKARSINGH;VALLE DEL CAUCA;JAMUNDI;VIVIENDAS TURÍSTICAS;OTRO TIPO DE VIVIENDA TURÍSTICA;2;6;0
2025;253.805;76364;76;ACTIVO;CATALINA  PULIDO RUBIANO;VALLE DEL CAUCA;JAMUNDI;VIVIENDAS TURÍSTICAS;APARTAMENTO TURÍSTICO;1;5;0
2025;254.296;76364;76;ACTIVO;PARADISE TRIP;VALLE DEL CAUCA;JAMUNDI;AGENCIAS DE VIAJES;AGENCIA DE VIAJES Y DE TURISMO;0;0;0
2025;257.603;76364;76;ACTIVO;ARCILA OCAMPO YAZMIN;VALLE DEL CAUCA;JAMUNDI;VIVIENDAS TURÍSTICAS;APARTAMENTO TURÍSTICO;1;4;0
2025;257.883;76364;76;ACTIVO;FINCA LA LLANERITA 7;VALLE DEL CAUCA;JAMUNDI;VIVIENDAS TURÍSTICAS;FINCA TURISTICA (ALOJAMIENTO RURAL);4;10;0
2025;258.811;76364;76;ACTIVO;CASALUPA EVENTOS;VALLE DEL CAUCA;JAMUNDI;VIVIENDAS TURÍSTICAS;FINCA TURISTICA (ALOJAMIENTO RURAL);1;25;0
2025;258.996;76364;76;ACTIVO;HOTEL AZULADO COMO EL MAR;VALLE DEL CAUCA;JAMUNDI;ESTABLECIMIENTOS DE ALOJAMIENTO TURÍSTICO;HOTEL;8;20;2
2025;259.148;76364;76;ACTIVO;HUELLAS TOURS;VALLE DEL CAUCA;JAMUNDI;AGENCIAS DE VIAJES;AGENCIA DE VIAJES Y DE TURISMO;0;0;0
2025;259.876;76364;76;ACTIVO;AGENCIA DE VIAJES TRAVEL LUXE MONIK;VALLE DEL CAUCA;JAMUNDI;AGENCIAS DE VIAJES;AGENCIA DE VIAJES Y DE TURISMO;0;0;2
2025;259.992;76364;76;ACTIVO;DANIELA  CLAROS COPETE;VALLE DEL CAUCA;JAMUNDI;GUIAS DE TURISMO;GUIA DE TURISMO;0;0;1
2025;260.073;76364;76;ACTIVO;GRUPO FORESTAL AC S.A.S;VALLE DEL CAUCA;JAMUNDI;VIVIENDAS TURÍSTICAS;CASA TURÍSTICA;1;15;0
2025;260.305;76364;76;ACTIVO;VIAJANDO CON LILI TOURS;VALLE DEL CAUCA;JAMUNDI;AGENCIAS DE VIAJES;AGENCIA DE VIAJES OPERADORAS;0;0;0
2025;260.600;76364;76;ACTIVO;PALERMO ARAUJO JAIRO ANDRES;VALLE DEL CAUCA;JAMUNDI;VIVIENDAS TURÍSTICAS;CASA TURÍSTICA;1;3;0
2025;261.443;76364;76;ACTIVO;VIBRAS TRAVELS;VALLE DEL CAUCA;JAMUNDI;AGENCIAS DE VIAJES;AGENCIA DE VIAJES OPERADORAS;0;0;0
2025;263.393;76364;76;ACTIVO;ANGELA ROCIO OROZCO ZARATE;VALLE DEL CAUCA;JAMUNDI;VIVIENDAS TURÍSTICAS;FINCA TURISTICA (ALOJAMIENTO RURAL);1;3;0
2025;266.478;76364;76;ACTIVO;ATOMS & CO S.A.S.;VALLE DEL CAUCA;JAMUNDI;VIVIENDAS TURÍSTICAS;CASA TURÍSTICA;1;6;0
2025;267.106;76364;76;ACTIVO;POTES SANCHEZ JONATAN;VALLE DEL CAUCA;JAMUNDI;VIVIENDAS TURÍSTICAS;APARTAMENTO TURÍSTICO;5;4;0
2026;18.433;76364;76;ACTIVO;LUCHO TOURS;VALLE DEL CAUCA;JAMUNDI;AGENCIAS DE VIAJES;AGENCIA DE VIAJES OPERADORAS;0;0;1
2026;19.559;76364;76;ACTIVO;HOSTAL PANORAMA;VALLE DEL CAUCA;JAMUNDI;ESTABLECIMIENTOS DE ALOJAMIENTO TURÍSTICO;HOSTAL;25;31;3
2026;19.560;76364;76;ACTIVO;HOSTAL PARAISO JAMUNDI;VALLE DEL CAUCA;JAMUNDI;ESTABLECIMIENTOS DE ALOJAMIENTO TURÍSTICO;HOSTAL;25;31;3
2026;26.177;76364;76;ACTIVO;HOSTAL PORTAL DEL SOL;VALLE DEL CAUCA;JAMUNDI;ESTABLECIMIENTOS DE ALOJAMIENTO TURÍSTICO;HOSTAL;32;35;3
2026;26.662;76364;76;ACTIVO;GRUPO AVENTURA;VALLE DEL CAUCA;JAMUNDI;AGENCIAS DE VIAJES;AGENCIA DE VIAJES OPERADORAS;0;0;0
2026;27.475;76364;76;ACTIVO;REPRESENTACIONES TURISTICAS CARLOS MICOLTA;VALLE DEL CAUCA;JAMUNDI;OFICINAS DE REPRESENTACION TURÍSTICA;OFICINA DE REPRESENTACION TURÍSTICA;0;0;0
2026;28.340;76364;76;ACTIVO;TURISMO JJC;VALLE DEL CAUCA;JAMUNDI;AGENCIAS DE VIAJES;AGENCIA DE VIAJES OPERADORAS;0;0;1
2026;29.746;76364;76;ACTIVO;LAGOGRANDE HOTEL RESORT Y CENTRO DE CONVENCIONES;VALLE DEL CAUCA;JAMUNDI;ESTABLECIMIENTOS DE ALOJAMIENTO TURÍSTICO;HOTEL;16;34;18
2026;35.394;76364;76;ACTIVO;JEYVER TURES;VALLE DEL CAUCA;JAMUNDI;AGENCIAS DE VIAJES;AGENCIA DE VIAJES Y DE TURISMO;0;0;4
2026;39.927;76364;76;ACTIVO;OPERADORES DE TURISMO LOS BULLICIOSOS S.A.S.;VALLE DEL CAUCA;JAMUNDI;AGENCIAS DE VIAJES;AGENCIA DE VIAJES OPERADORAS;0;0;0
2026;42.124;76364;76;ACTIVO;AGENCIA DE VIAJES Y PEREGRINACIONES MARIA REINA DE LA PAZ;VALLE DEL CAUCA;JAMUNDI;AGENCIAS DE VIAJES;AGENCIA DE VIAJES OPERADORAS;0;0;0
2026;45.921;76364;76;ACTIVO;RESERVA NATURAL BONANZA;VALLE DEL CAUCA;JAMUNDI;AGENCIAS DE VIAJES;AGENCIA DE VIAJES OPERADORAS;0;0;1
2026;51.100;76364;76;ACTIVO;DREAM TRAVELING;VALLE DEL CAUCA;JAMUNDI;AGENCIAS DE VIAJES;AGENCIA DE VIAJES Y DE TURISMO;0;0;2
2026;55.515;76364;76;ACTIVO;DELITUR TRAVEL;VALLE DEL CAUCA;JAMUNDI;AGENCIAS DE VIAJES;AGENCIA DE VIAJES Y DE TURISMO;0;0;3
2026;60.722;76364;76;ACTIVO;SEDE VACACIONAL SINTRABANCOL;VALLE DEL CAUCA;JAMUNDI;VIVIENDAS TURÍSTICAS;OTRO TIPO DE VIVIENDA TURÍSTICA;7;28;0
2026;60.781;76364;76;ACTIVO;MACA TOURS;VALLE DEL CAUCA;JAMUNDI;AGENCIAS DE VIAJES;AGENCIA DE VIAJES Y DE TURISMO;0;0;1
2026;62.418;76364;76;ACTIVO;LA SILVESTRE FINCA AGROTURISTICA;VALLE DEL CAUCA;JAMUNDI;PARQUES TEMÁTICOS;PARQUE TEMÁTICO;0;0;9
2026;65.747;76364;76;ACTIVO;AVENTURA TRAVEL;VALLE DEL CAUCA;JAMUNDI;AGENCIAS DE VIAJES;AGENCIA DE VIAJES Y DE TURISMO;0;0;0
2026;69.698;76364;76;ACTIVO;HOTEL CENTRAL JAMUNDI;VALLE DEL CAUCA;JAMUNDI;ESTABLECIMIENTOS DE ALOJAMIENTO TURÍSTICO;HOTEL;20;21;1
2026;72.320;76364;76;ACTIVO;PARAISO COLOMBIANO;VALLE DEL CAUCA;JAMUNDI;AGENCIAS DE VIAJES;AGENCIA DE VIAJES OPERADORAS;0;0;1
2026;76.330;76364;76;ACTIVO;TRANSPORTES ESPECIALES JAMUNDI ¿¿TEJ.¿¿S.A.S.;VALLE DEL CAUCA;JAMUNDI;EMPRESAS DE TRANSPORTE TERRESTRE AUTOMOTOR;TRANSPORTE TERRESTRE AUTOMOTOR ESPECIAL;0;0;13
2026;83.517;76364;76;ACTIVO;RUTHAS DEL SOL  ECOTURISMO CON SENTIDO SOCIAL;VALLE DEL CAUCA;JAMUNDI;AGENCIAS DE VIAJES;AGENCIA DE VIAJES OPERADORAS;0;0;1
2026;84.537;76364;76;ACTIVO;BALORKA;VALLE DEL CAUCA;JAMUNDI;VIVIENDAS TURÍSTICAS;FINCA TURISTICA (ALOJAMIENTO RURAL);10;10;0
2026;84.958;76364;76;ACTIVO;ELVIAJEQQUIERO  AGENCIA DE VIAJES Y SUEÑOS;VALLE DEL CAUCA;JAMUNDI;AGENCIAS DE VIAJES;AGENCIA DE VIAJES Y DE TURISMO;0;0;1
2026;84.962;76364;76;ACTIVO;ECO CAMINANTES;VALLE DEL CAUCA;JAMUNDI;AGENCIAS DE VIAJES;AGENCIA DE VIAJES Y DE TURISMO;0;0;0
2026;87.206;76364;76;ACTIVO;JORGE EDUARDO CASTAÑEDA MEJIA;VALLE DEL CAUCA;JAMUNDI;GUIAS DE TURISMO;GUIA DE TURISMO;0;0;1
2026;91.600;76364;76;ACTIVO;RICHARD GUILLERMO ZAMBRANO MEZA;VALLE DEL CAUCA;JAMUNDI;GUIAS DE TURISMO;GUIA DE TURISMO;0;0;1
2026;92.298;76364;76;ACTIVO;HOTEL EL EMPERADOR JAMUNDI;VALLE DEL CAUCA;JAMUNDI;ESTABLECIMIENTOS DE ALOJAMIENTO TURÍSTICO;HOTEL;23;26;6
2026;92.848;76364;76;ACTIVO;TURISFRONT;VALLE DEL CAUCA;JAMUNDI;AGENCIAS DE VIAJES;AGENCIA DE VIAJES MAYORISTAS;0;0;3
2026;92.850;76364;76;ACTIVO;EPIC TRAVEL AGENCIA DE VIAJES OPERADORA;VALLE DEL CAUCA;JAMUNDI;AGENCIAS DE VIAJES;AGENCIA DE VIAJES OPERADORAS;0;0;1
2026;93.709;76364;76;ACTIVO;TIQUETES VAKANOS;VALLE DEL CAUCA;JAMUNDI;AGENCIAS DE VIAJES;AGENCIA DE VIAJES Y DE TURISMO;0;0;0
2026;93.842;76364;76;ACTIVO;JOSE ARNOBY CASTAÑO GOMEZ;VALLE DEL CAUCA;JAMUNDI;GUIAS DE TURISMO;GUIA DE TURISMO;0;0;1
2026;95.625;76364;76;ACTIVO;BOSQUE EL DESCANSO S.A.S;VALLE DEL CAUCA;JAMUNDI;VIVIENDAS TURÍSTICAS;FINCA TURISTICA (ALOJAMIENTO RURAL);5;14;0
2026;97.217;76364;76;ACTIVO;ETHEL  BALCAZAR TROCHEZ;VALLE DEL CAUCA;JAMUNDI;GUIAS DE TURISMO;GUIA DE TURISMO;0;0;1
2026;98.493;76364;76;ACTIVO;EXPLORANDO FARALLONES;VALLE DEL CAUCA;JAMUNDI;AGENCIAS DE VIAJES;AGENCIA DE VIAJES OPERADORAS;0;0;0
2026;99.107;76364;76;ACTIVO;AMARELO CASA CAMPESTRE S.A.S.;VALLE DEL CAUCA;JAMUNDI;VIVIENDAS TURÍSTICAS;FINCA TURISTICA (ALOJAMIENTO RURAL);1;6;0
2026;101.533;76364;76;ACTIVO;JULIO CESAR CALDERON VALENCIA;VALLE DEL CAUCA;JAMUNDI;GUIAS DE TURISMO;GUIA DE TURISMO;0;0;1
2026;101.700;76364;76;ACTIVO;CHAVEZ LOPEZ CLARA INES;VALLE DEL CAUCA;JAMUNDI;GUIAS DE TURISMO;GUIA DE TURISMO;0;0;1
2026;102.414;76364;76;ACTIVO;GAIA EXPEDICIONES;VALLE DEL CAUCA;JAMUNDI;OFICINAS DE REPRESENTACION TURÍSTICA;OFICINA DE REPRESENTACION TURÍSTICA;0;0;1
2026;104.183;76364;76;ACTIVO;MARIA PATRICIA MARIN MOSQUERA;VALLE DEL CAUCA;JAMUNDI;GUIAS DE TURISMO;GUIA DE TURISMO;0;0;1
2026;104.218;76364;76;ACTIVO;FAMILIA LILI TOURS;VALLE DEL CAUCA;JAMUNDI;AGENCIAS DE VIAJES;AGENCIA DE VIAJES OPERADORAS;0;0;0
2026;112.110;76364;76;ACTIVO;DELGADO VALENCIA SANTIAGO;VALLE DEL CAUCA;JAMUNDI;VIVIENDAS TURÍSTICAS;CASA TURÍSTICA;10;10;0
2026;115.891;76364;76;ACTIVO;JUAN MANUEL BELLO MARTINEZ;VALLE DEL CAUCA;JAMUNDI;VIVIENDAS TURÍSTICAS;FINCA TURISTICA (ALOJAMIENTO RURAL);1;7;0
2026;118.700;76364;76;ACTIVO;YIYOS TOUR;VALLE DEL CAUCA;JAMUNDI;AGENCIAS DE VIAJES;AGENCIA DE VIAJES Y DE TURISMO;0;0;0
2026;122.628;76364;76;ACTIVO;ZUÑIGA DE GALLEGO NUR;VALLE DEL CAUCA;JAMUNDI;VIVIENDAS TURÍSTICAS;FINCA TURISTICA (ALOJAMIENTO RURAL);1;20;0
2026;123.121;76364;76;ACTIVO;AVENTURAS TOURS SIN FRONTERAS;VALLE DEL CAUCA;JAMUNDI;AGENCIAS DE VIAJES;AGENCIA DE VIAJES Y DE TURISMO;0;0;0
2026;125.777;76364;76;ACTIVO;JANETH  ALVAREZ CAMPO;VALLE DEL CAUCA;JAMUNDI;VIVIENDAS TURÍSTICAS;OTRO TIPO DE VIVIENDA TURÍSTICA;2;2;0
2026;126.627;76364;76;ACTIVO;ENJOY TOUR JAMUNDI;VALLE DEL CAUCA;JAMUNDI;AGENCIAS DE VIAJES;AGENCIA DE VIAJES Y DE TURISMO;0;0;0
2026;129.411;76364;76;ACTIVO;TIERRA TOURS;VALLE DEL CAUCA;JAMUNDI;AGENCIAS DE VIAJES;AGENCIA DE VIAJES Y DE TURISMO;0;0;0
2026;130.415;76364;76;ACTIVO;MOLINA LOZANO ANA LILIANA;VALLE DEL CAUCA;JAMUNDI;VIVIENDAS TURÍSTICAS;FINCA TURISTICA (ALOJAMIENTO RURAL);1;20;0
2026;134.028;76364;76;ACTIVO;LUZ EILIANER MARIN PELAEZ;VALLE DEL CAUCA;JAMUNDI;VIVIENDAS TURÍSTICAS;APARTAMENTO TURÍSTICO;1;2;0
2026;134.677;76364;76;ACTIVO;DE PARCHE CON LIZ;VALLE DEL CAUCA;JAMUNDI;AGENCIAS DE VIAJES;AGENCIA DE VIAJES OPERADORAS;0;0;0
2026;135.297;76364;76;ACTIVO;CARMEN  GUERRERO;VALLE DEL CAUCA;JAMUNDI;VIVIENDAS TURÍSTICAS;OTRO TIPO DE VIVIENDA TURÍSTICA;1;1;0
2026;138.468;76364;76;ACTIVO;KARAMANOGLOU SALCEDO ALEXANDER;VALLE DEL CAUCA;JAMUNDI;VIVIENDAS TURÍSTICAS;OTRO TIPO DE VIVIENDA TURÍSTICA;4;4;0
2026;139.346;76364;76;ACTIVO;MARCELA IBETH PALACIOS LARROTA;VALLE DEL CAUCA;JAMUNDI;VIVIENDAS TURÍSTICAS;APARTAMENTO TURÍSTICO;1;3;0
2026;140.105;76364;76;ACTIVO;FINCA EL NACEDERO UN MUNDO MAGNIFICO RESERVA NATURAL Y ECOLODGE;VALLE DEL CAUCA;JAMUNDI;AGENCIAS DE VIAJES;AGENCIA DE VIAJES OPERADORAS;0;0;0
2026;140.486;76364;76;ACTIVO;ALINSON  QUINAYAS VASQUEZ;VALLE DEL CAUCA;JAMUNDI;GUIAS DE TURISMO;GUIA DE TURISMO;0;0;1
2026;142.075;76364;76;ACTIVO;CAMPING EL ESPEJO PARK;VALLE DEL CAUCA;JAMUNDI;ESTABLECIMIENTOS DE ALOJAMIENTO TURÍSTICO;CAMPAMENTO;2;8;1
2026;142.349;76364;76;ACTIVO;SUAREZ MURILLO KELLY ALEXANDRA;VALLE DEL CAUCA;JAMUNDI;VIVIENDAS TURÍSTICAS;APARTAMENTO TURÍSTICO;1;7;0
2026;144.013;76364;76;ACTIVO;STEVEN DAVID CRUZ MEJIA;VALLE DEL CAUCA;JAMUNDI;VIVIENDAS TURÍSTICAS;APARTAMENTO TURÍSTICO;1;4;0
2026;144.045;76364;76;ACTIVO;FINCA GUADALAJARA S.A.S;VALLE DEL CAUCA;JAMUNDI;VIVIENDAS TURÍSTICAS;FINCA TURISTICA (ALOJAMIENTO RURAL);3;35;0
2026;144.202;76364;76;ACTIVO;ALBERT CRISTIAN CABRERA URCUQUI;VALLE DEL CAUCA;JAMUNDI;VIVIENDAS TURÍSTICAS;APARTAMENTO TURÍSTICO;1;3;0
2026;149.971;76364;76;ACTIVO;PAULO CESAR MEJIA BURBANO;VALLE DEL CAUCA;JAMUNDI;VIVIENDAS TURÍSTICAS;APARTAMENTO TURÍSTICO;1;4;0
2026;150.080;76364;76;ACTIVO;ROSERO ENRIQUEZ DIEGO  FERNANDO;VALLE DEL CAUCA;JAMUNDI;VIVIENDAS TURÍSTICAS;CASA TURÍSTICA;8;5;0
2026;153.060;76364;76;ACTIVO;AQUITE GONZALEZ JHON DARWYN;VALLE DEL CAUCA;JAMUNDI;VIVIENDAS TURÍSTICAS;FINCA TURISTICA (ALOJAMIENTO RURAL);1;8;0
2026;157.472;76364;76;ACTIVO;CARPINTERO SERNA AYDA RUTH;VALLE DEL CAUCA;JAMUNDI;GUIAS DE TURISMO;GUIA DE TURISMO;0;0;1
2026;158.718;76364;76;ACTIVO;BRENDA GISSEL NUÑEZ YEPES;VALLE DEL CAUCA;JAMUNDI;GUIAS DE TURISMO;GUIA DE TURISMO;0;0;1
2026;163.958;76364;76;ACTIVO;ENCANTO LITERARIO S.A.S.;VALLE DEL CAUCA;JAMUNDI;AGENCIAS DE VIAJES;AGENCIA DE VIAJES MAYORISTAS;0;0;0
2026;165.612;76364;76;ACTIVO;RANCHO SAN CARLOS;VALLE DEL CAUCA;JAMUNDI;ESTABLECIMIENTOS DE ALOJAMIENTO TURÍSTICO;CENTRO VACACIONAL;17;29;5
2026;168.038;76364;76;ACTIVO;INGLOBAL RENTALS S.A.S.;VALLE DEL CAUCA;JAMUNDI;VIVIENDAS TURÍSTICAS;FINCA TURISTICA (ALOJAMIENTO RURAL);1;8;0
2026;170.745;76364;76;ACTIVO;BUSTAMANTE DE MONCADA AMPARO DE JESUS;VALLE DEL CAUCA;JAMUNDI;VIVIENDAS TURÍSTICAS;OTRO TIPO DE VIVIENDA TURÍSTICA;8;10;0
2026;171.379;76364;76;ACTIVO;PAULO CESAR MEJIA BURBANO;VALLE DEL CAUCA;JAMUNDI;VIVIENDAS TURÍSTICAS;APARTAMENTO TURÍSTICO;1;4;0
2026;175.673;76364;76;ACTIVO;WILSON ANDRES CRESPO ZAPATA;VALLE DEL CAUCA;JAMUNDI;VIVIENDAS TURÍSTICAS;FINCA TURISTICA (ALOJAMIENTO RURAL);6;12;0
2026;176.432;76364;76;ACTIVO;PAOLA ANDREA BELALCAZAR CANO;VALLE DEL CAUCA;JAMUNDI;VIVIENDAS TURÍSTICAS;APARTAMENTO TURÍSTICO;1;3;0
2026;182.396;76364;76;ACTIVO;JUAN DAVID GONZALEZ VILLAQUIRAN;VALLE DEL CAUCA;JAMUNDI;VIVIENDAS TURÍSTICAS;CASA TURÍSTICA;1;2;0
2026;182.961;76364;76;ACTIVO;AGENCIA DE VIAJES YAMEJUI;VALLE DEL CAUCA;JAMUNDI;AGENCIAS DE VIAJES;AGENCIA DE VIAJES Y DE TURISMO;0;0;0
2026;185.601;76364;76;ACTIVO;FABIOLA MARIA BENAVIDES MARTINEZ;VALLE DEL CAUCA;JAMUNDI;VIVIENDAS TURÍSTICAS;CASA TURÍSTICA;1;3;0
2026;186.419;76364;76;ACTIVO;VIANNY JANNETH GOMEZ BECERRA;VALLE DEL CAUCA;JAMUNDI;VIVIENDAS TURÍSTICAS;APARTAMENTO TURÍSTICO;1;4;0
2026;187.590;76364;76;ACTIVO;RICARDO  SANDOVAL SALAZAR;VALLE DEL CAUCA;JAMUNDI;VIVIENDAS TURÍSTICAS;CASA TURÍSTICA;1;4;0
2026;187.798;76364;76;ACTIVO;CRISTIAN ANDRES CASTRO REINA;VALLE DEL CAUCA;JAMUNDI;VIVIENDAS TURÍSTICAS;CASA TURÍSTICA;1;10;0
2026;188.437;76364;76;ACTIVO;DE MOCHILA POR COLOMBIA;VALLE DEL CAUCA;JAMUNDI;AGENCIAS DE VIAJES;AGENCIA DE VIAJES OPERADORAS;0;0;0
2026;190.814;76364;76;ACTIVO;PALOS VERDES EVENTOS;VALLE DEL CAUCA;JAMUNDI;VIVIENDAS TURÍSTICAS;FINCA TURISTICA (ALOJAMIENTO RURAL);2;2;0
2026;193.027;76364;76;ACTIVO;ENRIQUEZ ARBOLEDA MARCIA CAROLINA;VALLE DEL CAUCA;JAMUNDI;VIVIENDAS TURÍSTICAS;FINCA TURISTICA (ALOJAMIENTO RURAL);2;2;0
2026;193.222;76364;76;ACTIVO;KETTY  GONZALEZ MARTINEZ;VALLE DEL CAUCA;JAMUNDI;VIVIENDAS TURÍSTICAS;FINCA TURISTICA (ALOJAMIENTO RURAL);3;8;0
2026;197.675;76364;76;ACTIVO;KM VIAJES;VALLE DEL CAUCA;JAMUNDI;AGENCIAS DE VIAJES;AGENCIA DE VIAJES Y DE TURISMO;0;0;0
2026;199.918;76364;76;ACTIVO;GLAMPING ANDREINA;VALLE DEL CAUCA;JAMUNDI;VIVIENDAS TURÍSTICAS;OTRO TIPO DE VIVIENDA TURÍSTICA;4;4;0
2026;199.958;76364;76;ACTIVO;NICCOL  TAMAYO  CHALARCA;VALLE DEL CAUCA;JAMUNDI;VIVIENDAS TURÍSTICAS;CASA TURÍSTICA;6;9;0
2026;201.742;76364;76;ACTIVO;CK TRAVEL AGENCIA DE VIAJES;VALLE DEL CAUCA;JAMUNDI;AGENCIAS DE VIAJES;AGENCIA DE VIAJES OPERADORAS;0;0;0
2026;202.001;76364;76;ACTIVO;A VIAJAR CON JANE;VALLE DEL CAUCA;JAMUNDI;AGENCIAS DE VIAJES;AGENCIA DE VIAJES Y DE TURISMO;0;0;0
2026;202.947;76364;76;ACTIVO;PARAPENTE JAMUNDI;VALLE DEL CAUCA;JAMUNDI;AGENCIAS DE VIAJES;AGENCIA DE VIAJES OPERADORAS;0;0;2
2026;204.280;76364;76;ACTIVO;FINCA PUERTO BERRIO LOTE 1 TURISMO NATURAL;VALLE DEL CAUCA;JAMUNDI;VIVIENDAS TURÍSTICAS;FINCA TURISTICA (ALOJAMIENTO RURAL);1;16;0
2026;207.633;76364;76;ACTIVO;AQUI ES MONARCA;VALLE DEL CAUCA;JAMUNDI;ESTABLECIMIENTOS DE ALOJAMIENTO TURÍSTICO;HOSTAL;18;18;5
2026;208.150;76364;76;ACTIVO;CIFUENTES MORA LINA MARCELA;VALLE DEL CAUCA;JAMUNDI;VIVIENDAS TURÍSTICAS;APARTAMENTO TURÍSTICO;1;5;0
2026;209.189;76364;76;ACTIVO;VALENCIA CASTAÑO DIEGO FERNANDO;VALLE DEL CAUCA;JAMUNDI;VIVIENDAS TURÍSTICAS;CASA TURÍSTICA;1;5;0
2026;210.146;76364;76;ACTIVO;HOTEL RELSIE;VALLE DEL CAUCA;JAMUNDI;ESTABLECIMIENTOS DE ALOJAMIENTO TURÍSTICO;HOTEL;18;23;5
2026;211.080;76364;76;ACTIVO;DREAMS TRAVEL;VALLE DEL CAUCA;JAMUNDI;AGENCIAS DE VIAJES;AGENCIA DE VIAJES Y DE TURISMO;0;0;0
2026;211.214;76364;76;ACTIVO;TAGUBEN SAS;VALLE DEL CAUCA;JAMUNDI;VIVIENDAS TURÍSTICAS;FINCA TURISTICA (ALOJAMIENTO RURAL);1;4;0
2026;211.725;76364;76;ACTIVO;XIOMARA TATIANA MUÑOZ GALVIS;VALLE DEL CAUCA;JAMUNDI;VIVIENDAS TURÍSTICAS;CASA TURÍSTICA;1;4;0
2026;213.141;76364;76;ACTIVO;DIANA PATRICIA LONDOÑO LONDOÑO;VALLE DEL CAUCA;JAMUNDI;VIVIENDAS TURÍSTICAS;OTRO TIPO DE VIVIENDA TURÍSTICA;1;4;0
2026;213.525;76364;76;ACTIVO;SALGUERO VIVEROS CRISTIAN CAMILO;VALLE DEL CAUCA;JAMUNDI;VIVIENDAS TURÍSTICAS;APARTAMENTO TURÍSTICO;1;4;0
2026;213.816;76364;76;ACTIVO;AVILES CONSULTING GROUP S.A.S.;VALLE DEL CAUCA;JAMUNDI;VIVIENDAS TURÍSTICAS;APARTAMENTO TURÍSTICO;2;2;0
2026;214.513;76364;76;ACTIVO;COOPTRANSUNIDOS;VALLE DEL CAUCA;JAMUNDI;EMPRESAS DE TRANSPORTE TERRESTRE AUTOMOTOR;TRANSPORTE TERRESTRE AUTOMOTOR ESPECIAL;0;0;11
2026;214.795;76364;76;ACTIVO;MARITZA  CHACON MONTAÑO;VALLE DEL CAUCA;JAMUNDI;VIVIENDAS TURÍSTICAS;APARTAMENTO TURÍSTICO;2;4;0
2026;215.862;76364;76;ACTIVO;AUDY SAHARA GIRALDO ARANGO;VALLE DEL CAUCA;JAMUNDI;VIVIENDAS TURÍSTICAS;CASA TURÍSTICA;1;4;0
2026;216.148;76364;76;ACTIVO;PAOLA ANDREA MORENO VILLOTA;VALLE DEL CAUCA;JAMUNDI;VIVIENDAS TURÍSTICAS;CASA TURÍSTICA;1;5;0
2026;216.996;76364;76;ACTIVO;DV TRAVEL SAS;VALLE DEL CAUCA;JAMUNDI;AGENCIAS DE VIAJES;AGENCIA DE VIAJES Y DE TURISMO;0;0;1
2026;221.698;76364;76;ACTIVO;MORENO QUINTERO NEILA MARIA;VALLE DEL CAUCA;JAMUNDI;VIVIENDAS TURÍSTICAS;APARTAMENTO TURÍSTICO;1;6;0
2026;222.208;76364;76;ACTIVO;MARIA CONSTANZA QUINTANA QUINTANA;VALLE DEL CAUCA;JAMUNDI;VIVIENDAS TURÍSTICAS;CASA TURÍSTICA;1;5;0
2026;223.196;76364;76;ACTIVO;BALANTA SALINAS CARLOS ALBERTO;VALLE DEL CAUCA;JAMUNDI;VIVIENDAS TURÍSTICAS;CASA TURÍSTICA;20;20;0
2026;227.830;76364;76;ACTIVO;MONDRAGON ANGULO MARISOL;VALLE DEL CAUCA;JAMUNDI;VIVIENDAS TURÍSTICAS;APARTAMENTO TURÍSTICO;1;2;0
2026;228.930;76364;76;ACTIVO;BONANZA INMOBILIARIA CALI S.A.S;VALLE DEL CAUCA;JAMUNDI;VIVIENDAS TURÍSTICAS;FINCA TURISTICA (ALOJAMIENTO RURAL);10;25;0
2026;229.638;76364;76;ACTIVO;ANYI PAOLA PALACIOS MARTINEZ;VALLE DEL CAUCA;JAMUNDI;VIVIENDAS TURÍSTICAS;FINCA TURISTICA (ALOJAMIENTO RURAL);7;25;0
2026;230.799;76364;76;ACTIVO;SOCIEDAD OPERADOR HOTELERO CHIPICHAPE  INN.S.A.S;VALLE DEL CAUCA;JAMUNDI;VIVIENDAS TURÍSTICAS;APARTAMENTO TURÍSTICO;1;1;0
2026;231.734;76364;76;ACTIVO;D'VIAJE;VALLE DEL CAUCA;JAMUNDI;AGENCIAS DE VIAJES;AGENCIA DE VIAJES Y DE TURISMO;0;0;0
2026;232.208;76364;76;ACTIVO;PROMOCIÓN TURISTICA DEL VALLE Y ECOHOTEL LOS GIRASOLES;VALLE DEL CAUCA;JAMUNDI;AGENCIAS DE VIAJES;AGENCIA DE VIAJES OPERADORAS;0;0;0
2026;232.390;76364;76;ACTIVO;JOSE IBER ARBOLEDA HINESTROZA;VALLE DEL CAUCA;JAMUNDI;VIVIENDAS TURÍSTICAS;APARTAMENTO TURÍSTICO;1;2;0
2026;233.062;76364;76;ACTIVO;A VIAJAR CON JANE;VALLE DEL CAUCA;JAMUNDI;AGENCIAS DE VIAJES;AGENCIA DE VIAJES OPERADORAS;0;0;0
2026;233.668;76364;76;ACTIVO;VIAJANDO CON KARINA;VALLE DEL CAUCA;JAMUNDI;AGENCIAS DE VIAJES;AGENCIA DE VIAJES OPERADORAS;0;0;0
2026;235.831;76364;76;ACTIVO;BRAVO BURBANO ANA ELISABETH;VALLE DEL CAUCA;JAMUNDI;VIVIENDAS TURÍSTICAS;APARTAMENTO TURÍSTICO;37;74;0
2026;236.451;76364;76;ACTIVO;LEON MARQUEZ JOHN JAIRO;VALLE DEL CAUCA;JAMUNDI;VIVIENDAS TURÍSTICAS;FINCA TURISTICA (ALOJAMIENTO RURAL);2;6;0
2026;237.143;76364;76;ACTIVO;GRAND HOTEL;VALLE DEL CAUCA;JAMUNDI;ESTABLECIMIENTOS DE ALOJAMIENTO TURÍSTICO;HOTEL;6;12;2
2026;238.271;76364;76;ACTIVO;VACACIONES PARA TI;VALLE DEL CAUCA;JAMUNDI;AGENCIAS DE VIAJES;AGENCIA DE VIAJES Y DE TURISMO;0;0;0
2026;240.247;76364;76;ACTIVO;MONTOYA VARGAS ESTEFANIA;VALLE DEL CAUCA;JAMUNDI;VIVIENDAS TURÍSTICAS;APARTAMENTO TURÍSTICO;1;5;0
2026;240.792;76364;76;ACTIVO;HERNANDEZ SANCHEZ LESBY STELLA;VALLE DEL CAUCA;JAMUNDI;VIVIENDAS TURÍSTICAS;CASA TURÍSTICA;3;5;0
2026;241.447;76364;76;ACTIVO;ROSA MARGARITA ORTIZ OCHOA;VALLE DEL CAUCA;JAMUNDI;VIVIENDAS TURÍSTICAS;FINCA TURISTICA (ALOJAMIENTO RURAL);2;25;0
2026;241.690;76364;76;ACTIVO;CAMACHO TOBAR JHOHANA;VALLE DEL CAUCA;JAMUNDI;VIVIENDAS TURÍSTICAS;APARTAMENTO TURÍSTICO;1;1;0
2026;242.537;76364;76;ACTIVO;ASESORES MILENIO S.A.S.;VALLE DEL CAUCA;JAMUNDI;VIVIENDAS TURÍSTICAS;CASA TURÍSTICA;2;10;0
2026;244.975;76364;76;ACTIVO;JEY JEY TOURS JAMUNDI;VALLE DEL CAUCA;JAMUNDI;AGENCIAS DE VIAJES;AGENCIA DE VIAJES MAYORISTAS;0;0;1
2026;246.341;76364;76;ACTIVO;ASLANT DAVID MORENO QUINTO;VALLE DEL CAUCA;JAMUNDI;VIVIENDAS TURÍSTICAS;OTRO TIPO DE VIVIENDA TURÍSTICA;1;6;0
2026;246.477;76364;76;ACTIVO;JIMENA ANDREA ERASO PEREZ;VALLE DEL CAUCA;JAMUNDI;VIVIENDAS TURÍSTICAS;APARTAMENTO TURÍSTICO;1;3;0
2026;246.604;76364;76;ACTIVO;ATLAS DE CASCADAS;VALLE DEL CAUCA;JAMUNDI;AGENCIAS DE VIAJES;AGENCIA DE VIAJES Y DE TURISMO;0;0;0
2026;247.056;76364;76;ACTIVO;MARTHA LETICIA LUCUMI MINA;VALLE DEL CAUCA;JAMUNDI;VIVIENDAS TURÍSTICAS;FINCA TURISTICA (ALOJAMIENTO RURAL);10;35;0
2026;247.087;76364;76;ACTIVO;LA CRISTALINA GLAMPING;VALLE DEL CAUCA;JAMUNDI;ESTABLECIMIENTOS DE ALOJAMIENTO TURÍSTICO;GLAMPING;9;20;2
2026;248.473;76364;76;ACTIVO;SANTIAGO  SALAZAR RAMIREZ;VALLE DEL CAUCA;JAMUNDI;VIVIENDAS TURÍSTICAS;CASA TURÍSTICA;3;3;0
2026;249.272;76364;76;ACTIVO;JOSE OMAR RODRIGUEZ BLANCO;VALLE DEL CAUCA;JAMUNDI;VIVIENDAS TURÍSTICAS;APARTAMENTO TURÍSTICO;1;4;0
2026;250.917;76364;76;ACTIVO;AGENCIA  DE VIAJES LA GRAN FAMILIA;VALLE DEL CAUCA;JAMUNDI;AGENCIAS DE VIAJES;AGENCIA DE VIAJES OPERADORAS;0;0;0
2026;251.497;76364;76;ACTIVO;DE PARCHE CON LIZ;VALLE DEL CAUCA;JAMUNDI;AGENCIAS DE VIAJES;AGENCIA DE VIAJES Y DE TURISMO;0;0;0
2026;251.617;76364;76;ACTIVO;FINCA HOSPEDAJE LA MONARCA;VALLE DEL CAUCA;JAMUNDI;ESTABLECIMIENTOS DE ALOJAMIENTO TURÍSTICO;ALBERGUE;6;25;2
2026;252.278;76364;76;ACTIVO;PRADA LOZANO TATIANA LORENA;VALLE DEL CAUCA;JAMUNDI;VIVIENDAS TURÍSTICAS;APARTAMENTO TURÍSTICO;1;1;0
2026;253.060;76364;76;ACTIVO;DANIEL JAVIER SANKARSINGH;VALLE DEL CAUCA;JAMUNDI;VIVIENDAS TURÍSTICAS;OTRO TIPO DE VIVIENDA TURÍSTICA;2;6;0
2026;253.805;76364;76;ACTIVO;CATALINA  PULIDO RUBIANO;VALLE DEL CAUCA;JAMUNDI;VIVIENDAS TURÍSTICAS;APARTAMENTO TURÍSTICO;1;5;0
2026;254.296;76364;76;ACTIVO;PARADISE TRIP;VALLE DEL CAUCA;JAMUNDI;AGENCIAS DE VIAJES;AGENCIA DE VIAJES Y DE TURISMO;0;0;0
2026;257.603;76364;76;ACTIVO;ARCILA OCAMPO YAZMIN;VALLE DEL CAUCA;JAMUNDI;VIVIENDAS TURÍSTICAS;APARTAMENTO TURÍSTICO;1;4;0
2026;257.883;76364;76;ACTIVO;FINCA LA LLANERITA 7;VALLE DEL CAUCA;JAMUNDI;VIVIENDAS TURÍSTICAS;FINCA TURISTICA (ALOJAMIENTO RURAL);4;10;0
2026;258.811;76364;76;ACTIVO;CASALUPA EVENTOS;VALLE DEL CAUCA;JAMUNDI;VIVIENDAS TURÍSTICAS;FINCA TURISTICA (ALOJAMIENTO RURAL);1;25;0
2026;258.996;76364;76;ACTIVO;HOTEL AZULADO COMO EL MAR;VALLE DEL CAUCA;JAMUNDI;ESTABLECIMIENTOS DE ALOJAMIENTO TURÍSTICO;HOTEL;8;20;2
2026;259.148;76364;76;ACTIVO;HUELLAS TOURS;VALLE DEL CAUCA;JAMUNDI;AGENCIAS DE VIAJES;AGENCIA DE VIAJES Y DE TURISMO;0;0;0
2026;259.876;76364;76;ACTIVO;AGENCIA DE VIAJES TRAVEL LUXE MONIK;VALLE DEL CAUCA;JAMUNDI;AGENCIAS DE VIAJES;AGENCIA DE VIAJES Y DE TURISMO;0;0;2
2026;259.992;76364;76;ACTIVO;DANIELA  CLAROS COPETE;VALLE DEL CAUCA;JAMUNDI;GUIAS DE TURISMO;GUIA DE TURISMO;0;0;1
2026;260.073;76364;76;ACTIVO;GRUPO FORESTAL AC S.A.S;VALLE DEL CAUCA;JAMUNDI;VIVIENDAS TURÍSTICAS;CASA TURÍSTICA;1;15;0
2026;260.305;76364;76;ACTIVO;VIAJANDO CON LILI TOURS;VALLE DEL CAUCA;JAMUNDI;AGENCIAS DE VIAJES;AGENCIA DE VIAJES OPERADORAS;0;0;0
2026;260.600;76364;76;ACTIVO;PALERMO ARAUJO JAIRO ANDRES;VALLE DEL CAUCA;JAMUNDI;VIVIENDAS TURÍSTICAS;CASA TURÍSTICA;1;3;0
2026;261.443;76364;76;ACTIVO;VIBRAS TRAVELS;VALLE DEL CAUCA;JAMUNDI;AGENCIAS DE VIAJES;AGENCIA DE VIAJES OPERADORAS;0;0;0
2026;263.393;76364;76;ACTIVO;ANGELA ROCIO OROZCO ZARATE;VALLE DEL CAUCA;JAMUNDI;VIVIENDAS TURÍSTICAS;FINCA TURISTICA (ALOJAMIENTO RURAL);1;3;0
2026;266.478;76364;76;ACTIVO;ATOMS & CO S.A.S.;VALLE DEL CAUCA;JAMUNDI;VIVIENDAS TURÍSTICAS;CASA TURÍSTICA;1;6;0
2026;267.106;76364;76;ACTIVO;POTES SANCHEZ JONATAN;VALLE DEL CAUCA;JAMUNDI;VIVIENDAS TURÍSTICAS;APARTAMENTO TURÍSTICO;5;4;0
2026;270.788;76364;76;ACTIVO;DANIEL  HINESTROZA CARDENAS;VALLE DEL CAUCA;JAMUNDI;VIVIENDAS TURÍSTICAS;CASA TURÍSTICA;1;8;0
2026;271.097;76364;76;ACTIVO;ALMA NÓMADA;VALLE DEL CAUCA;JAMUNDI;AGENCIAS DE VIAJES;AGENCIA DE VIAJES Y DE TURISMO;0;0;0
2026;273.122;76364;76;ACTIVO;BOSQUE EL DESCANSO AJ;VALLE DEL CAUCA;JAMUNDI;ESTABLECIMIENTOS DE ALOJAMIENTO TURÍSTICO;GLAMPING;5;5;1
2026;273.483;76364;76;ACTIVO;JETSTOUR;VALLE DEL CAUCA;JAMUNDI;AGENCIAS DE VIAJES;AGENCIA DE VIAJES Y DE TURISMO;0;0;0
2026;274.137;76364;76;ACTIVO;FUNDACIÓN COMUNIDAD TURISTICA DE SAN ANTONIO JAMUNDI;VALLE DEL CAUCA;JAMUNDI;VIVIENDAS TURÍSTICAS;FINCA TURISTICA (ALOJAMIENTO RURAL);12;250;0
2026;275.554;76364;76;ACTIVO;JEY JEY TOURS JAMUNDI;VALLE DEL CAUCA;JAMUNDI;AGENCIAS DE VIAJES;AGENCIA DE VIAJES OPERADORAS;0;0;1
2026;276.227;76364;76;ACTIVO;CONEXION MAYORISTA TRAVEL;VALLE DEL CAUCA;JAMUNDI;AGENCIAS DE VIAJES;AGENCIA DE VIAJES MAYORISTAS;0;0;1
2026;277.295;76364;76;ACTIVO;AGENCIA DE VIAJES Y SEGUROS S.A.S.;VALLE DEL CAUCA;JAMUNDI;AGENCIAS DE VIAJES;AGENCIA DE VIAJES Y DE TURISMO;0;0;1
2026;277.525;76364;76;ACTIVO;EQUIVIAJEROS CHAO PLASTICO DEL MAR;VALLE DEL CAUCA;JAMUNDI;AGENCIAS DE VIAJES;AGENCIA DE VIAJES Y DE TURISMO;0;0;0
